review,sentiment
recently friend discussing educational ethical influence growing versus today mentioned samuel taylor coleridge wrote rime ancient mariner u required recite part epic poem high school english literature course college friend said message even might called metaphysical within today context br br tried reciting remembered bit piece problem remembering dr seuss said get two copy poem could read easy enough extremely surprised find made film looked forward watching film see interpreted rime ancient mariner exactly light reading read poem watched film together br br considered film remarkable achievement especially considering made computer called ken burn effect special effect often began compensating lack substance particularly noteworthy th th century illustration culled lesser known artist willy pogany early hollywood designer br br film narrated sir michael redgrave taught poem schoolmaster adding tone authority credibility remaining true poem br br mastery layer subtle message conveyed without instructing becoming oppressive obvious morality tale found refreshing change today face clobber head mentality today morality message film two dimensional extreme violence murder mayhem mark bad bad really really bad good super hero human character lacked nuance rime ancient mariner celebration individual character appreciation celebrating richness life offer within larger context humanity e man capacity give others br br proud found unknown gem learned top award category five six time name international film festival another surprise learning film director raul dasilva recognized authority early animation authored six award winning book film br br film message relevant today coleridge penned original epic poem raul dasilva translated film still teaching high school five year grab one show student level richness naturally lead discussion big important issue u face whether today fact long humanity spiritual component br br highly recommended,1
lonely depressed french boy mathieu jeremie elkaim vacation summer meet fall love cedric gorgeous stephane rideau quiet slow frustrating movie one hand absorbed really felt two boy getting annoyed film constantly keep flashing around past present rhyme reason confusing pointless br br spoiler ahead br br also ton plot hole mathieu one point something end hospital never told break cedric tell everybody else living told hook inexplicably another guy end explanation clear cedric love mathieu mathieu living town however tribute film really care character much thing explained br br elkaim mathieu good tall handsome nice body act idea acting sitting around blank look face time rideau hand great handsome nice body one hell actor also incredible sexual magnetism full frontal male nudity lot kissing fairly explicit sex scene movie great movie shy away showing male male love scene one help see character care feel br br frustrating film somewhat worth seeing especially rideau nude scene like good looking nude young men br br,1
like three stooge undoubtedly like minute short certainly amusing moment like stooge work revolves around particular style slapstick comedy confess somehow stooge never really slapstick always seemed angry rather funny even though obviously fake antic always seemed likely cause hurt rather cause laughter short slapstick revolves around attempt find shemp professor music wife inherited half million dollar condition marry within hour read one student interested word inheritance get suddenly long line potential bride pretty good cat fight emerges fan stooge enjoy element drive nut,0
movie attempt go place perhaps venture similar trial bizarre head case perspective given u cell although near depth well portrayed plot constructed simply initial campy feel movie take supposed dramatic turn plot fall apart leg stand first place br br basically idea kid chris mckenna need money take role hit man killing city accountant get paid work instead get tortured several day dreamed brilliant idea trying use backup file leverage payment idiotic move trying force pay backfire horribly endlessly abused begin go crazy disturbing scene thinking paid sin start visit wife kari wuhrer man killed win affection soon discovers tragedy strike revenge sweep air boy go torturer daniel baldwin george wendt vernon well previous kindness br br got ask though kari wuhrer horror gore type film br br seems everything put lately genre granted liked eight legged freak okay anaconda despite obvious cuteness allure wow hot act much better chose better role maybe wrong misconception guy get see fully monty film although rather bizarre short lived almost felt like soft porn watching film something foreign kari career sex simulation make wonder thing really go filming br br anyway say good acting expect much daniel balwin whose career seems forever destined second brother alex film bring old great though george wendt norm cheer vernon well commando weird science chris mckenna best job playing main character sean crawley little acting experience yet believable nature naive youth bring element substance film br br go way one bored tired old episode hitchhiker might advise watching br br kari please start acting better film,0
sure version film saw entertaining br br know twin gillian chung charlene choi seeing movie think english translation title somewhat misleading br br martial art nicely done especially liked lot judo grappling filmed nicely donnie yen see hero great performance director great know shoot scene br br everything seemed flow except one scene girl rooftop fighting bamboo pole really nothing plot still entertaining br br overall one better modern hk action flick seen although cheesy respect still pull br br definitely,1
look know may suck right pain temporary film forever whatever right burned celluloid time thousand year come  robert de niro br br initially film steven spielberg director hiring several screenwriter adjust screenplay suited theme dysfunctional family threatened deranged monster form recently released prison robert de niro like jurassic park poltergeist war world dysfunctional family band together defeat beast beast creation father lawyer failed defend de niro trial br br typical spielberg fashion father kill monster undermines family promptly absolved sin like oscar schindler robin williams sam niel tom cruise virtually every daddy figure spielberg land father reclaims paternal duty kind bittersweet coda spielberg enjoys br br spielberg eventually abandoned picture project instead turned martin scorsese time seeking try hand commercial fare result arguably worst film scorsese filmography ironically illuminating br br artist failure misfire often revealing exposing inner working art story work character connect image sear find left kind inner core  remaining carcass director cinema br br cape fear impersonal film find thematic connection rest scorsese filmography already sacrificed de niro yell film theme catholic redemption cookie cutter film though expose kind language filmography hinge watch scorsese camera desperately whip back forth zoom frantically onto doorknob window attempt force tension character loud screaming attention importantly watch film make spatial sense showdown boat end film take place obvious sound stage street parade claustrophobic take place within larger context family house seem exist anywhere particular simply geographical sense anything picture scorsese unable film space create kind spatial environment br br reason scorsese camera always bound intimately tethered central character world around character make sense camera focused character resnais take around french hotel welles hitchcock dance street building cameron give tour titanic scott recreate entire future cityscape lucas give alien desert planet director create sense space textbook close mid shot wide shot combination scorsese poetry sense tangible space film character break tether leave boxing ring taxi cab look away de niro everything collapse simply cannot break away documentarian style shooting way prerequisite action film making br br scorsese tried rectify problem gang new york space set become central character even self consciously spatial experiment get sabotaged magnetism daniel day lewis actor drawing scorsese camera inexorably toward like moth bulb br br  even generic b movie ugly vulgar looking film look matte painting inept attempt tension silly rotorscoped special effect hokey fistfight showdown still robert de niro pick slack de niro give body scorsese like tattooed christ give film great scene improvised romantic sequence young juliette lewis stick thumb mouth kiss kind symbolic rape girl run away aroused repelled man interest br br de niro performance deliciously top simply imitated scorsese need operatic tone baroque visuals someone like de palma make work scorsese nope br br worth one viewing,0
swedish splatter movie world gone insane br br probably still common sight day swedish gore flick b movie business sweden seems trouble day long gone golden day rymdinvasion lappland movie seems trouble much talk still manages somewhat amusing mainly good fx great b movie script acting still pretty bad though actually matter much supposed gore flick nothing go bit wrong reason simply enough blood fill void br br every person know gert fylking good laugh role sgt though nearly laughed as really hilariously bad br br besides good part listed really nothing else recommend unless starved swedish b movie br br,0
almost like two film one literate engaging stupid clichéd really shame problem worked writing considering quickly b movie written produced unusual real shame though could good film br br first good movie original involves wwii code breaker pretty fascinating liked watching leading man lee bowman go pace master code breaker fact first two third film good bad film went way long lost steam minute additionally jean rogers role kooky girlfriend must rank one worst written distracting role film history every smart move made bowman idiot rogers stepped screw thing sort misguided comedy relief role intelligently written overall film would improved immensely instead watching hard understand actually wwii,0
may contain spoiler br br clearly ever made film must lot connection see way really surprise one used name allen smithee surprising everyone involved use name br br anyhow begin bad dialogue crummy costume sorry looking film stock unintentional comedy top character inconsistency george w bush college career know funnier guy losing arm snowball slow motion scene baby jack frost getting killed also one great line time uttered film know like another mutant snowman talk kill people snowball great camp film bad film overall,0
discovered film love right mix fast moving story entertaining character hilarious moment overloaded stupid joke fun performance kelsey grammar harry dean stanton ron schneider rip torn buckman especially good really enjoyed watching guy played stapanick br br also find interesting used real submarine pampanito running top scene emulated almost exactly set set decoration really impressive digital tour pampanito online compare scene movie excellent job film br br light entertaining truly enjoyable movie,1
read book based adaptation bother hated every character show miranda slutty selfish mumbled miserably appalling dialogue sister total wimp worst depiction manic depression ever seen degree psychology accurate fact mentioned realise troy supposed bipolar thought normal slightly grumpy teenager br br saving grace stupid show david tennant whose brilliantly psychotic performance thing got watch second half br br clearly writer producer show done research troy mental problem remotely accurate forensics involved twist ending spot mile big ole dummy br br utter garbage,0
movie silly short funny movie unhappy easterner pleased west hire drunk wagon master john candy lead back east sight gag funny enough carry one richard lewis get nerve quickly honestly like anything ed lauter hilarious bumbling villain br br movie dedicated candy died massive heart attack ten day movie completed stand digital enhancement enabled candy character seen final scene candy good comedian gave u real good knee slapping belly laugh career movie caliber best br br also film recognize william sanderson gailard sartain ethan phillips ellen greene rodney grant,0
love umberto lenzi cop movie rome armed teeth favorite desert commando pretty much legitimized italian euro war phenomenon managing actually pretty good movie give gun machine guy run around talking tough hard miss br br shame encounter eaten alive cannibal ferox could anybody really one watch sense contract told kind film make assigned cast crew given budget deadline script lenzi went executed film way guy mcdonald fix batch french fry two eaten alive original kind amazing considering feature extensive footage copped three cannibal movie easier enjoy cannibal ferox though much br br let others outline plot fascinated film staged look yet somewhat infamous reputation film sort assault good taste though film exercise bad taste complete title earning scene two pretty supporting lady quite literally sliced eaten alive cannibal film high point problem lenzi let u get good long look cannibal feast scene convincing ring rd season star trek episode complete fake jungle set really gory close shot know anyone else someone slicing piece person eating lie look distressed br br problem film might lot respect lenzi filmmaker could directed anybody cannibal movie convention touched never feel like filmed real conviction try bully ruggero deodato sandbox two director certainly must known either sort juvenile rivalry actual dislike work conscious need upstage lenzi invented cannibal genre man deep river deodato blew away jungle holocaust lenzi fired back eaten alive deodato blew everyone else away superior cannibal holocaust lenzi fired last parting salvo cannibal ferox realistic krazy glu commercial guy superglues hardhat girder hang midair br br film le desperate bit hesitant push viewer abyss everything holy ferox remains sort misguided attempt upstage cannibal holocaust one mish mash interesting jungle adventure crossed jim jones like suicide cult cannibal seem like added afterthought rather reason making film think fan genre better impression film fan lenzi film looking something new formidable director entertaining slave cannibal god adventurous man deep river certainly lack wallop cannibal holocaust combine consideration recycled footage stomach churning scene animal violence misogynistic scene sexual violence stagy wooden methodology film making get end ok jungle thriller two three standout scene umberto lenzi capable much br br gore freak go nut however,0
film first british teen movie actually address reality violent rock roll society rather lucid parody teenage life attempt celebrate work liverpool junior liaison officer opening title point potential delinquent dealt scheme committed second crime however becomes merely pretext following teen drama film epilogue instructed feel responsible sorry delinquent however mixed might seem br br stanley baker play tough detective reluctantly take post juvenile liaison officer hard boiled character role typical baker currently trail notorious arsonist known firefly relish distraction transfer however good police drama led back full circle remarkable turn event back original investigation br br first case lead home two young child mary patrick murphy played real life brother sister duo committed petty theft meet cathie satisfyingly portrayed anne heywood older sister eventually becomes romantically involved quickly becomes obvious squalid environment inner city estate breeding ground juvenile delinquency br br elder brother murphy family johnny leader gang rock roll hoodlum mccallum eye catching turn americanized mixed kid owes like marlon brando previous british star one reminded brando character johnny wild one led leather clad gang rebellious bikers much way film johnny lead gang br br thankfully preachiness earlier dearden crime drama blue lamp apparent instead presented several well drawn character side law drama delinquent romantic interest heywood baker take forefront br br plot whilst time predictable deliver memorable scene disruptive influence rock roll music thought played scene johnny abandon music leading menacing advance police sergeant grippingly memorable piece film however climatic classroom scene bunch terrified school child including mary patrick held hostage gunpoint johnny obviously light real life dumblaine massacre scene seems horrifying understandably film seldom aired available modern audience,1
interesting topic pathetic delivery script direction br br hero mile thaw emergency world first life restoration surgery fun begin underlying issue mile soul used explain quasi erratic behaviour indirectly responsible two death believe total number death minute br br livlier side mile prefers odd glass brandy blazing fireplace young maturing female cousin finale indeed justice film br br thought producer parted create tripe j feigelson script writer sole producer look like learn lesson bring interesting idea life one view writing credit support credibility script br br available dvd truly scary forever bottom shelf vhs format br br incarnated human without soul default evil entity br br score offer minimal support even form jerry goldsmith could save br br deserved time slot tv touch entertaining infomercial test pattern competing time viewing br br thankfully spawn sequel ala wes craven nightmare franchise chiller return return mile something like br br despite rating still recommend movie great example kill acting script writing career apply directing however wes craven eternally exempt due sole good piece nightmare elm street,0
movie good think tiffany amber beautiful liked movie anyone tell get hold song movie even soundtrack possible least get name song respective singer tried look amazon com tried cd baby either browsed google get detail would appreciate someone could give answer question know song belong country music sung country artist need title name along singer would recommend movie rather song country loving person,1
movie deceiving ever using suspenseful looking actor like walken play piece junk made look like nothing better play boring role like one fact movie supposed witch really see almost end movie meanwhile sit watch boring film get try get meaning point go whole trail boring actor actress thinking whole time passed another movie decided one waisted money make whole point time useless sitting rather watch cartoon goodness sake leave one alone please,0
writer trying create character scrub different occupation however character stuck charisma acting ability mention writing seems poor effortless guy trying create something would good writing disgusting leaving show lifeline two attractive teacher barely keeping alive humor show seems like trying target audience q another reason show becoming failure could writing show scrub excellent show follow leaving viewer odd position knowing whether cry lose hope new sitcom together opinion think guy stop humiliate anymore already,0
faw br br aspect ratio br br sound format silent br br black white short film br br stan n ollie get mixed couple floozy kay deslys vera white setting visit theatre burn absence needle say tyrannical wife vivien oakland be flower amused br br leo mccarey ok comedy laid narrative framework william seiter masterpiece son desert l h playing brow beaten victim circumstance forced tell monstrous lie backfire spectacular fashion much funny especially scene stan teased deslys leading violent game push shove however fun undercut oakland flower playing role completely straight add element unpleasantness henpecked husband scenario originally released uk slip,0
film disappointed many reason first depiction future seemed first realistic well built feature marginal role story weak copy lost translation middle eastern setting man family meet new girl overseas karaoke bar camera movement imagery bad imitation excellent lost translation also credibility movie try something brilliant cultural wonder tim robbins even considered film female main actress awful play precog minority report show vagina movie like lost translation show excessive love scene r rated movie even worth watching videostore,0
george barry death bed bed eats root dark fairy tale told via horror movie framework opinion one best film downright criminal picture basically stolen distributed without barry knowledge responsible theft fed bed asap looking overt gore rabid action death bed bed eats flick death bed gentler weirder drive picture play like utterly strange dream half remembered recommend reading stephen thrower summation death bed thrower fab press book nightmare usa describes movie vibe perfectly whether intentional noticed shade death bed everything phantasm film michele soavi cemetery man magic realism slipstream fiction author kelly link barry original fair world sure would followed death bed number fantastically bizarre film,1
might consider spoiler rather cautious careless never saw movie little fell love first time saw three year old daughter watch br br little acting ilene wood lifetime wonderful voice cinderella appealing believable music really fit movie perfectly acting great loved mouse really hated lady tremain step sister awful cartoonist depicted spoiled behavior well br br wonderful movie especially love story daughter seen movie time still get excited end,1
licence fee watch trash pay hard earned cash humourless hint laughter god know bafta br br subjected eastenders twenty year oh great british public going see awful soap crass pap programme depicts reality east end london everyday life beirut never done br br eastenders know real one kind courageous hardworking loyal one greatest attribute humour eastenders went worst london blitz still stuck two finger hitler see screen five day week including omnibus nothing bunch moaning wailing dead neck wimp seem little else sit pub day sniping great advert britain writer actually believe garbage pumping obviously woolly minded section public heard apparently anyone brainwashed believing anything,0
excellent film traditional working class family northern england filmed location bolton star james mason father dominant force within home seems cleverly film based play portrays complexity family life supporting cast terrific well many familiar face lending support,1
since bette davis vehicle ex lady seen film much better star said bum rap atoll k k utopia k robinson crusoeland k escapade got year come horror story stan laurel told production given suffered stroke filming looked like death warmed much opening two shot together never guess laurel survived hardy eight year subsequently diagnosed diabetes adjusted diet accordingly restored health one understand laurel think film pleasant experience life yes flawed cheapness production show dubbing awful laurel hardy old energetic slapstick greatest film still genuinely funny léo joannon story introduces element political satire sometimes libertarian sometimes communalist one would expect see socially conscious comedian like chaplin marx brother never laurel hardy film deserves credit different though debt ealing studio classic passport pimlico made year earlier pretty obvious integrating laurel hardy comedy rather edgy context completely different anything used great movie certainly better eight dreary one fox mgm made early suspect film technical crudity kept earning cult following among anti establishment baby boomer youth marx brother duck soup acquired late early,1
went see random heart friend first thought maybe enjoying movie like good get movie sort award well none friend liked either unbelievable slow much like getting teeth pulled action movie preview walk theatre assumed something would happen smart people walk never walked movie life definitely tough write considering relatively easy please come movie take lot think movie awesome much like movie even come close like category movie hour long like two separate trite story one smoothly sewn together plus soundtrack could even call annoying like seinfeld riff played difference like seinfeld movie jazz riff kept playing sounded highly inappropriate time especially people dealing death plane crash hard explain mean trust awful cannot say enough make people waste money left theatre honestly wanted write movie company demand back sheeesh could gone bowling something money,0
agree many others said shallow offensive nature film examination racism baffling many people seem fooled pretentiousness want comment matt dillon character example infuriating movie man contrasted film underlying message little racist effectively rape woman public cruelly humiliating husband deliberately goading make move well know lead arrest even death pulling couple without legal cause come understand black wealthy hurt little boy police therefore plea behavior little racist behavior evil disturbing extreme racism held next another character behavior spouting paranoid stereotype gang violence illustrate everybody little racist later spoon fed tripe dillon poor old dad black folk drove poor house supposed explain worse excuse behavior dillon character meant redeem committing utterly unmotivated unbelievable laughably coincidental act saving woman sexually assaulted night please fact many people seem feel kind self congratulatory admiration film make feel sad shallowness understanding racism apparent lack commitment condemning ending,0
claim matter hard seek never find better movie version othello love kenneth branagh magnificent masterpiece much ado nothing hamlet much dead certain also find oliver parker othello irresistible laurence fishburne various splendid role career quite terrific boy n hood always considered amusing role furious style greatest achievement course way saw br br play part othello probably challenging role whole career brilliant fantastic job irène jacob absolutely charming desdemona kenneth branagh simply phenomenal fascinating role story crooked manipulate villain iago marvelous othello part absolute elite among shakespeare ingenious work deal favorite topic crookedness envy deceitfulness jealousy movie adaptation certainly one finest film seen based william shakespeare play,1
day ridley scott one top director producer command huge sum helm movie especially since film like alien gladiator blade runner credit partial list credit obvious amazing talent however watch early effort made film school probably hard time telling destined greatness although nice camera work style film hopelessly dull uninvolving however considering meant general release training ground disposed looking charitably hence score br br way film part cinema european short dvd dvd short great though contains man without head copy shop rabbit wasp amazing dvd lover short film well worth buying,0
excellent performance still good actor around also great directing photography true shakespear must shakespear fan macbeth jason connery moved tear final monolog brief candle gave sphere moral decay dark force human face make interesting helen baxendale credible lady macbeth cheerfull time sometimes look like naughty girl deadly taste blood evil love death decay shakespears lyric one,1
really enjoy movie first time turner classic movie actor well brynner steal show like always sexy one movie see brynner emotion actually movie first ever seen laugh play strong larger life serious role movie movie see masculine tough sensitive side brynner brynner seems lady man movie amazing brynner eats glass cup speaks russian tongue drive crazy love understand brynner kerr good chemistry star movie together brynner always die end kind reminds king way,1
watched film twice think quite good limited equipment used create film filmed dr heyerdahl explains theory migration south american pre colubian indian polynesia island way raft fell large balsa tree documentary follows dr heyerdahl crew select balsa tree equidor float river pacific assembly peru launch day sea adventure testing strength primitive raft surviving mean available native era see real adventure,1
star rating saturday night friday night friday morning sunday night monday morning br br alice defeated freddy end last film trying adjust life unborn child carrying demonous presence freddy trying come world br br interesting note director got big break directing freddy film charles russell eraser mask renny harlin long kiss goodnight cutthroat island cliffhanger die hard stephen hopkins lost space predator russell harlin made good job hopkins imo made something podge entry quickly forgotten br br story clearly stretched far go freddy ludicrously father ridiculous looking demon baby even hour half get rather tiresome course scary br br bon appetit bitch catch phrase memorable point wise forgettable entry,0
christian slater tara reid stephen dorff frank c turner mathew walker sanderson directed uwe boll br br based video game director uwe boll attempt recreate game action packed nail biter sadly succeed instead make one worst movie ever made even though get minor celebrity christian slater tara reid stephen dorff movie lack necessary fundamental movie need good story line basic relativity going dark light movie bounce around uwe boll creative control mention bad cgi used making monster even though look cool feeding well little lame honestly one worst movie ever made final rating,0
may sentimentalist found movie truly moving first movie reduced tear recommend anyone gay str religious supporting co star jackie bisset stole show especially one liner nude scene superbly crafted well good taste shocking portrayal orientation reversal deprogramming instituted mormon church lead character shocked still go world nevertheless enjoyed movie tremendously definitely best gay film since torch song trilogy much better gay movie offering year fluffer,1
sorry see rated low many people series started good first season good br br people tend forget beginning something look end good look total end result sad lot usual character died damn lot nice new character br br please attach character attach series plot please understand like boone died augur died well need done imagine everyone keep living whole series lot danger time come face die would invincible way always keep tension survive die realize people attach self character favorite character augur one could get every computer wanted one mysterious could thing computer one else could br br wish make one statement people vote negative series started good deserve low rating look final season instead total see good series started see much enjoyed,1
wonder one best musical ever three busby berkely number end movie spectacular make film wonderful incredible non stop patter natural acting cagney blondell keeler also lovely even though may great actress freshness movie see flick today much le usually stilted film even though plot involving setting movie prologue quite dated,1
romantic comedy bad funny thing happening rather memorable character br br acting however amateurish exception banker scene great fun others simply embarrassing particular found romantic part story poor br br guess worth seeing like football romantic comedy really bad movie ending feel quite good expect anything ordinary fair enough hour quarter kill,0
mmmm previous summary say like alien predator enjoy film could disagree film pay respect weighty lineage reduced two best loved sci fi strand little teen horror slasher movie none tension foreboding present previous alien predator movie discernible lead character really care character positively yearned see stereotypical cast die soon possible vain hope something better would replace really take super human incompetence two fearsome creature ever invented positively fail make gripping thrilling movie watch want see,0
prepared bad movie bad movie guess complain twentysomething tom gay poster boy robert stadlober many issue know coming going stayed pretty girl serious mavie anna brüggemann nonsense angie emma daubas sarah baumann star movie within movie tom soul mate wild eyed margarete jana pallaske reminds béatrice dalle gina gershon got remember fine memory look good even ridiculous outfit mean ridiculous even berlin standard wonder whether liked movie character age guess watch indie idol oli schulz max schröder der hund marie performing street musician feeling pain,0
one horror movie based tv show get right friday th series connection movie poltergeist legacy sure may loosely connected movie feel like throw famous title show fan watch br br show freddy burned elm street parent st episode believe amount parent disappointing kid targeted st movie expect parent oh well br br freddy basically narrator show watch action people real world sometimes getting involved somehow like anthology show like tale crypt supernatural surprise ending twist involved br br acting lack believe violence sometimes surpasses movie show lasted couple season made around time th movie heard canceled due protesting parent watched lot r rated stuff kid shame parent ruin everyone movie came series total loss,1
project ii classic jackie chan movie kung fu crazy stunt slapstick humor expect good prequel still great movie want something fun watch story simple jackie chan versus evil men want movie braniac understand would suggest one,1
script scary movie ready go problem film blatantly evident actor audience alike director keenan ivory wayans many actor funny people movie completely humorless credit film several funny moment whole scary movie even close clever amusing original br br first scary movie laugh minute film turned smallest subtlety slasher film genre comedic gold humor scary movie heavy handed un original even miss obvious opportunity parody two movie star former cast member beverly hill show begging parodied final analysis scary movie like fine bottle wine opened far soon script needed lot time age star,0
jamie foxx epitome ray charles moment stop seeing film see biography played great man ray charles truly genius music movie excellently depicted one ever ever write play record music like musical giant passed flesh world lost one greatest american hero far movie fact jamie foxx received classical music scholarship college could play like ray asset director could better double play piano try split screen someone else hand jamie face worked beautifully loved fact also picked difficult ray always nice man also root drug addict womanizer sometimes plain hard headed guess made genius fault pick jamie best actor,1
deserved watch crap worst ever acting awful read comedy expected least smile twice wiling loose hour half life right movie recommend look wall something anything else watch film yoy even watch documentary guy pregnant woman guarantee entertaining actor one forgot name bad surprised hi accepted role anyway want someone eat cheese right film want punish someone,0
production insult stooge especially moe inaccurate poorly acted many event depicted happen way much left skipped read book written moe daughter joan instead waste time,0
korine established talented impressive image maker promotional poster mister lonely include film impressive composition though one particular yet see promo material blue clad nun teasing dog stick surrounded green forest torrential rain pouring opening image film michael jackson lookalike diego luna riding small motorbike round track strangely compelling beautiful roy orbison mister lonely play soundtrack image unfold slow motion also funny terrific sequence character mime dance without music though radio sits like silent dog next middle paris street korine splice sound effect jump cut evoke feeling futility dogged liberation character dance routine br br first instance segment dealing nun also strangely poignant father umbrillo werner herzog autocratic priest fly nun drop food impoverished area nearby scene light hearted affecting herzog must deal stubbornly enthusiastic local wish make plane trip order see wife san francisco exchange develops herzog draw man confession sinned frequent infidelity cause wife left first place scene short sweet gain particular weight one learns improvised origin sinner played non actor set korine co filming adulterous way given real life lasting overwhelming guilt br br henceforth film hit miss succession intrinsically interesting moment add frivolous muddled narrative whereas gummo julien donkey boy maintain aesthetic emotional weight via coherent structural framework mister lonely feel like victim editing room ruthlessness scene cut film would otherwise painted fuller picture certain character due continuity error costume result doubt due absence shooting script korine tendency improvisation one deleted scene particular charlie chaplin denis lavant madonna melita morgan sex would added much emotional conflict scene later film spoil deflate feeling warmth celebration half succeeds br br two strand narrative unconnected literally best approached two entirely different story allegorical meaning one compliment vice versa something conflict one ambition reality current situation enough herzog scene merit place film connection two allegorically connected thread inevitably strained inclusion retrospect tedious br br ambitious step forward julien donkey boy suffers mostly least lookalike segment far many character film running length flaw would even worse big star name played everyone originally planned br br many imagery self contained beauty moment real genuine connection soundtrack feel like much suited art installation photo exhibition exploration mimesis nature impersonation lose none power indeed would perhaps impressive loneliness attached iconic performativity encountered icon aspire like well captured image wherein marilyn monroe gorgeous samantha morton seduces camera seven year itch pose middle forest sammy davis jr jason pennycooke settle post dance rehearsal back camera overlooking incredible tranquil lake br br moment like title randomly chosen michael jackson song crawl across scene married one another film narrative far le affecting br br see lost faith egg singing scene late know scene mean stick like sore thumb sort gimmicky attempt new cinematic language korine previously hailed,0
one thing hollywood someone success always rushed copied another thing player give best performance away home studio br br rock hudson got accolade performance texas based film giant universal executive must thought let quick get another modern texas setting br br similarly robert stack got great review high mighty pilot cracking strain flying damaged aircraft natural give another crack role br br end achieved written wind hudson big ranch owner son hunting companion robert stack father took hudson wing word james dean part without james dean racism giant br br lauren bacall executive secretary advertising agency stack hadley oil company us hudson like dazzled stack million woos girl got mean really pursue campaign marries stack br br last least mix dorothy malone stack amoral sister yen rock rock get tangled wild child br br dorothy malone spent year whole bunch colorless film heroine role landing gem got best supporting actress award part marilee hadley well deserved br br like splashy technicolor fifty soap opera film,1
quentin tarantino partner crime roger avary co writer pulp fiction venture q go exec prod time boiled french thriller br br eric stoltz zed safe cracker extraordinaire drifted france u request old friend team motley crew drugged hippy little planning think knock bank vault full gold bullion french national holiday br br avary reworked robbery gone wrong theme tarantino developed well reservoir dog killing zoe good enough survive strength alone avary thrown rather beautiful distraction julie delpy zoe student come call girl entertains zed arrival paris stunning distraction certainly nothing br br guess director wanted add different angle basic theme sadly move help add depth shallow plot desperately needed never story idea nothing idea even surreal journey seedy dive paris uninspiring figure one would concede never much movie story bunch gangster shooting botched jewellery heist either add intricate character snappy dialogue reservoir dog killing zoe br br stoltz strong interpretation doubtful zed jean hughes anglade mad portrayal obsessive ring leader nothing lift proceeding short avary unsuccessfully attempted conjure entertainment nothing br br friday september astor theatre,0
love morgan freeman paz vega attractive appealing talented actress sure would good movie anything happened nothing short le minute minute long hour frustration scanned remaining odd minute excruciating br br freeman play actor worked researching part might play checkout clerk supermarket visit supermarket work nothing happens decides give ride home go arby target car wash nothing happens converse life nothing happens ever br br get also get bill murray flick lost translation broken flower like movie maybe like lot people find movie like whimsical charming reason escape find dialog fascinating common device movie ilk long take stillness silence actor delivers line supposed meaningful know meaningful followed two minute nothing screen sorry must philistine get kind movie funny charming thought provoking boring comedy drama tension laugh suspense action nothing watch short none thing go movie bored free see oddball quirky character real life go target fast food restaurant car wash element movie make even star stuff pay entertained br br crazy morgan freeman like hear ramble nothing fun wanna drool paz vega look listen nothing happens promise total snoozefest,0
movie horrible wonderful time first saw year old great deal nostalgic value movie cesar romero actually play character octavio man discovered santana also two actor monte markham play sam trying save daughter peter mark richman play priest large filmographies performance okay rest acting movie b film quality u cherish br br recently spent year trying acquire copy movie almost nonexistent assuming discontinued shortly release eventually find copy paid pretty penny acquire happen come upon judgement day video store unmistakeable cheesy green satan cover count among blessed live near one video store still working copy must see like laugh cheesy attempt scary movie,0
co directed starring rutger hauer film short based short story dutch writer harry murlisch br br minute film length get see life time harry unravels long time fascination room pass constantly youth returning city many year later find rented room br br using black white film texture accentuated delicate telling tale voice harry drawing world br br subtle tight performance rutger hauer non speaking character wonderful soundtrack dutch musician dyzack br br moment difficult see movie available dvd region l infidele liv ullman bonus track due released dvd hitcher another tight different performance hauer br br see film,1
movie george c scott best bernard hughes best diana rigg pithy course paddy chaevsky writing masterpiece warp also brief snippet future biggies like susan sarandon stockard channing etc one scene line necessarily spot fifth sixth time watching nancy marchand young middle age nurse supervisor also superb well practically every face hollywood br br one movie get better time see watch surprise scene ala wait dark one movie ever bought dvd superb,1
ok wile e coyote road runner cartoon know wec going set sort trap rr always maim various way certainly happens beep beep predictable guess think cartoon show try harm someone else get harmed sort like daffy duck always try undermine bug bunny integrity bug see around br br overall another classic termite terrace crowd sometimes think really wanted ease cold war tension could let soviet union see looney tune cartoon sure would loved another great one br br p learned jeopardy wile e coyote middle name ethelbert,1
movie written directed produced intention creating bad movie cult classic might say might hit ever sat watched movie absolutely awful becomes fascinating term fault well every one acting cast nominated worst acting performance award would hard find another film kind production budget contains little value whatsoever whole thing opening scene defies logic dialogue completely unbelievable illogical ditto behaviour general storyline film really mind boggling buffoon boardroom actually made decision spend money piece trash wow,0
saw world preem fido toronto international film festival thoroughly enjoyed welcome reworking genre widely thought pioneered certainly fleshed extensively successfully george romero canadian film canadian director comedy yes actually think better shawn dead thoroughly believable perhaps even importantly enjoyable performance dylan baker carrie anne moss young actor k sun ray suspect seeing lot future feature however must confess enjoyed delicious turn tim blake nelson neighbour mr theopolis essentially playing willing animated version victor van dort corpse bride seen film read even better corpse pride course scotch actor billy connolly least animated yet somehow deeply moving role titular character think would gotten role peter stormare commitment prison break revealed q following thursday night screening help speculate screenwriter must drawn lot inspiration day dead zombie bub keen ever revealing plot detail comment start suffice say fido one dour graphically gory zombie film rely romero rather film constantly chuckling although think back carefully sure fair dose blood letting violence delectable humour well enhanced surreal milieu created director currie co screenwriter go long way towards making seem like feature ought rated pg urge go see little canuck gem certainly buying dvd emerges hopefully next summer,1
shame movie rated pg really quite suitable anyone though young kid might follow well br br belongs wonderful genre serio comic ghost angel story would include everything capra wonderful life wenders wing desire br br photography stunning acting first rate wonder wonder tone uplifting br br criticism much ambiguity film two interwoven story seem intriguingly mysterious first resolve little nicely taste director point commentary dvd ingredient irwin story bedside table symbolism trifle pat br br lark favorite scene relocation team try get breakfast diner practically theatrical magic tour de force witty acting subtle playful positively rhythmic coupled striking cinematography acute eye grotesque br br northfork funny touching gorgeous look magical reservation one single car chase br br easy nine star,1
mixing small town sheriff high school student fake rock music weirdo kill well reason particular film essentially make giant gila monster except without gila monster course br br anyone actually seen giant gila monster know one worst made film time frequently slow even funny believe giant gila monster earned reputation young director dying get work sequel let alone remake someone please explain film made dance sequence way historically interesting although three year date even spoiled since go,0
movie fun board br br essentially follows comedic romp two grave robber th century england move conventional body snatching trafficking vampire zombie dead roswell alien idea roswell alien neither producer think br br funny bet even ron perlman often kiss direct dvd death pretty good one priest turn ringleader rival gang body snatcher br br real joy watch hilarious little film good example larger life ego either side camera,1
oh awfully movie know horror film drama cause story genre established well story moving slow boring sleepy beginning end movie really bore really liked camera work authentic fresh clear acting great little boy great performer movie made jump seat movie make grab pillow lay bed sleep credit roll br br boring worth watching tell movie sucked br br,0
highly flawed watchable comedy run like farrelly brother reject criminal thing though casting one minute believe jerry connell jake busey role superstuds could pull woman drop hat could believe beautiful shannon elizabeth streetwise tough cop story predictable manage raise titter occasion although gross meant shock comic scene one involving amputated testicle another set sperm bank plain awful film tv probably worth watching extremely bored please waste money renting,0
waaaaay much frustrating watch waiting whole damn movie end finally get answer end nothing huuuge neon sign question mark head seen bad acting nonsense movie long long time bothering come someone actor read script bull movie say ok let film horrible movie suuuuuuuuuuuucks believe spent hour half life something like,0
boston legal turned tail headed barn door th pig slop created show first aired almost four season back humorous slap legal system actor seem take pride portraying funny diversified extent factual character portrayed acceptable extent real portrayal sexual comment activity limited humorous julie bowen beautiful series participated dragged lower depth medium programming sex violence julie excellent actress need stable platform production rene adjurdubois excellent actor day benson production held field entertainment always showing humor respectful acting production captain kirk funny humorous candace bergan admired continuing production good actress james spader doubt acting ability however go back xxx origin crash appears much talent inclination direction ask series trashed already really starting smell,0
term art turbulent era literature visual art closing great fifty sixty year period creativity yet restarted music decade many see low point due corporate rock disco television golden age situation comedy odd couple mary tyler moore show h family film even greater period creativity genre saw rise american auteur director like robert altman francis ford coppola martin scorsese ash old studio system dominated hollywood half century director wanted craft literate art film mass sort staple europe since end second world war yet studio trying keep pace socially aware film sort seen since br br unlike film starring actor like jimmy cagney john garfield usually co starring dead end kid dealt social issue gritty realistic way realistic one could get sound stage social consciousness late early manifested science fiction film allowed left wing hollywood preach mass guise considered little comic strip entertainment precedent approach several flying saucer film dealt political zeitgeist mccarthy era notably day earth stood still invasion body snatcher early saw rod serling constantly subverting political conservatism time casting social issue science fiction setting classic sci fi television anthology show twilight zone among studio offering time ecologically sensitive silent running george lucas first film thx dealt consumerism group think existentialism logan run hammered away communism state control versus right individual film reference quite heavyhanded reek current arab oil crisis rampant inflation jarred strawberry cost soylent ration assorted colored food soylent yellow soylent red new soylent green reputedly made finest undersea growth manner unlike gas rationing time scene food riot eerie echo oil riot many gas station year film release scene crowding body live dead lying still chilling well influential later film like escape new york obvious progeny rest script stanley r greenberg however rather pedestrian fairly standard dystopian flick fleischer cinematographer richard h kline great job filling screen interesting image sound spice thing use soft dimly lit visuals murkily filtered add stygian feel new york film almost like colorized version carl theodor dreyer vampyr light film come artificial source fashion faux pa film could truly seem timeless br br end film thorn sneak processing plant human corps made soylent green wafer chilling oddly drama le end soylent minion hunt thorn survives long enough utter film catchphrase chief hatcher yet one know enough hatcher already co opted track record taking easy way yet fact ambiguity show film recapitulate character dilemma depth many later better made film sci fi also soylent green still film worth watching,1
brief period clint eastwood string spaghetti western dirty harry film director siegel teamed make unusual picture eastwood play injured union army corporal civil war taken southern school girl recovers wound since young woman seem teenager man premise reluctant turn local rebel soldier resulting situation often humorous shocking erotic even downright grotesque eastwood slowly regains strength begin brood establishment br br basic storyline almost sound like making porno film masculine male suddenly surrounded young nubile woman sexually attracted willing spread love amongst material never really slip level tasteless however eastwood siegel cinematographer bruce surtees skilled filmmaker film always retains dignity br br eastwood john mcburney like character ever played mcburney amoral conniving lustful charlatan know woman even youngest want bod let one shot mcburney often us flattery butter woman us rugged good look reel like drunken player cocktail party often hitting different woman even scene eventually lustful way cause great agony loss way must see author would dream revealing specific consequence action little doubt coming br br eastwood give typically great performance seems blast role thing turn really ugly turn mean ugly geraldine page treat steely b tch run school know want mcburney much girl checkered past shown u flashback find mae mercer slave belonging school give great performance obviously know mcburney skunk beginning never let phony charm bring guard character want know film seems greater knowledge world anyone else film br br beguiled poorly theatrical release nobody quite sure make content doubt raised eyebrow example early scene see eastwood romantically kiss yr old girl trying keep quiet rebel soldier get close really enjoying probably fantasy sequence later even show clint getting page young assistant truly interesting going one good thing eastwood became star one might long forgotten br br highly recommended star br br hound,1
really sure even begin describe bad movie like bad film often entertaining love bad special effect bad acting bad music inept direction exception music better expected movie quality br br special effect amazingly bad worst seen since nintendo scene watch include thunderchild woman crushed mechanical foot big ben scene train wreck wow many bad effect plus side though scene alien walker well done br br acting bad could possibly based directly h g well book good source material almost though actor trying top make funny mustache single distracting piece facial hair seen long time course half movie contains acting rest character walking around aimlessly poorly rendered effect shot br br say timothy hines inept director would injustice inept director use different colored filter shot particular reason use poorly rendered background even inside scene bad green screening amazing man ever got approval direct movie imagine would possible turn brilliant book bad movie bravo mr hines bravo br br advice anyone plan see movie friend enjoy bad movie drink play poker watching keep drinking maybe make way make excellent bad movie fun laugh silly disaster,0
un funny un entertaining possibly worst movie ever misfortune watch think ernest go humour done even worse girlfriend sat see could consistently dire seems opening sequence yes avoid cost,0
indeed amazing adaption missed first episode unfortunately missed bonding character smooth flow storyline soon watched second third instalment blown away ordered dvd le week later unable wait come went straight brought book moment opened hooked put decided finish whole book dare watch dvd preferred book got inside character mind could understand totally coming role within story missed lot adaption disappointing book master piece think could done superbly able stretch longer period time considering able fitted hour slot think done excellent followed main twisted storyline brilliantly actor enrolled main character amazing love making scene pure beautiful tender loving showed natural homosexual love totally blown away book tv adaption loved sarah water previous novel also found tipping velvet adaption quite enjoyable read watched fingersmith knew none previous novel adaption could beat sarah water indeed exceeded time recommend watch adaption tipping velvet thing let put one fingersmith whole new ball game beautiful yet dark twisted story love greed betrayal br br must see,1
excellent documentry personally remember growing nyc early movie anyone around time period show one thing african american gay underclass felt solely love camadrie see real people real sadly still alive written ball still held extent nineteen eighty time gone forever good pre homo thug movie queen really proud extrovert goodbye storyville another era gone greatly documented hail film,1
darr great movie shahrukh play obsessed lover almost anything win lady case juhi chawla little juhi know film shahrukh major crush constantly stalking admit thing movie pretty creepy like threatening phone call never life forget line love k k k kiran br br bad shahrukh juhi exactly together film juhi sunny make fairly good couple movie though shahrukh role pretty psychotic still think great job playing possibly imagine anyone else role wonder got award darr br br juhi say look especially amazing film always look amazing film darr give public wonderful image br br music excellent especially jaadu teri nazar one time favorite song also thought tu mere samne quite nice also br br must see everyone overall darr deserves,1
episode really hoping mention canceled everything connected show including actor dumped along toxic waste middle ocean somewhere never seen series really dire br br program listed genre comedy best misleading hard believe ben elton could write something bad maybe point lot input writer everything connected episode even laughed br br oh believe ardal hanlon actually stopped hero started instead decision making skill obviously impaired day perhaps simply read realise poor script blessed get wrong hero masterpiece million time better piece junk br br annoy even bet get dvd release well many great tv series getting released,0
seeing forever hollywood would natural want see john water film least one get say joined legion cinema cognoscenti experienced unique cinematic stylings perhaps best known non mainstream director worth effort pf lot better eraserhead certain campiness film follower find addicting,0
tender beautifully crafted production delved deep bitter sweet irreverent pupil life embittered bus driver teacher personality present subliminal debate story unveils adult character seem familiar teacher bus driver one opinion plausible well known key incident happens bus sent circuit viewpoint time babble teenage energy kept control organiser trip mr harvey experiencing much pain throughout reminds war damaged teacher understand irreverent pupil br br rhidian brook producer deserve much acclaim well shaped british film acting unblemished scene appropriate widely available yet seem given right opportunity,1
real highlight movie death sniveling guy reaction surviving character br br every way film lame rip jaw lake placid alligator little bit godzilla thrown br br standard style horror movie two non starring female take clothes least female lead since obviously better agent br br whole movie surround filming really dumb extreme sport called blood surfing surfer cut surf shark infested water film giant salt water crocodile also happens area people get eaten movie end br br mind bad horror movie really hate dull bad horror movie definitely,0
okay good best picture please even close munich better capote much better good night good luck much better brokeback mountain well academy voter seem act like current day democrat please little everyone dare take concrete position complete moron office u br br worst aa presentation forget since way hollywood afraid bottom line set straight many voter apparently even see brokeback mountain get real get br br pathetic year since watching mid two br br wake whoever hollywood mainstream happened box office king kong last star war film another batman film make whatever charlie chocolate factory much come br br least original best picture e munich heard one capote great katherine keener even though know reese sing like cash carter etc syriana much better picture crash film done since early make best film horrible oscar night horrible year end another boring year least bafta best picture went brokeback horrible song pathetic think year left america usa someone come change thing bit maybe china since much country india high tech job largest democratic country entire world br br america become land fat pathetic stupid trash found place florida west virgina south dakota mid west br br drive local mcdonald burger king goodness sake order want get heart attack put misery,0
easily disappointing least gratifying movie entire called blacksploitation genre way film generally enjoy great deal home rather exploitation demeaning film actually provide priceless insight era well bucktown br br story duke return bucktown operate night club left recently deceased brother quickly learns city entirely controlled corrupt police force bleeding protection money local business duke resists determines rescue city corrupt police unfortunately calling posse friend people vaguely explained former black militant worked duke job past simply murder entire police department cold blood literally presence hundred witness nothing stop ignorance justification murder would much entertaining see cracker police suffer action opposed merely getting whacked street revenge ubiquitous generally satisfying theme film genre far cry seeing pam grier track thug ed family cuss give jujitsu as kickin set fro fire art reason existing merit level respect quite undeserved simply shooting someone back course bizarre tale playing woman completely man thumb afraid cracker run town oppress people indeed advice duke run man gonna kill br br following sickening gratuitous violence expected believe town mayor wholeheartedly condones action duke friend congratulating offering throw parade honor opposed say calling district attorney press capital murder charge taken custody duke posse decline parade instead opts fill numerous vacancy police force created recent killing spree immediately prove even corrupt cracker police predecessor quote mayor ten time worse duke find must rescue citizen bucktown corrupt protection racket law enforcement official make safe decent folk operate prostitution business street unfortunately duke already lost moral high ground sympathy due hero willing participant murder original police force cared one way rescued bucktown gotten plugged point suppose entertained clever way duke outsmart new police goon reality film become opera gratuitous violence duke murder former friend ally cold blood absence compassion gunning cracker police duke pig br br finally everyone town duke aretha employee local brothel dead bleedin street hero heroine walk night though admirable quality redeeming value duke merely murderous thug aretha enabling misogynist accomplice interested genre film mean highly recommend see coffy foxy brown truck turner blacula sheba baby process run across dvd throw far away possibly drop like hot treated one would treat glowing puddle nuclear waste single film entire blacksploitation era dramatically entertaining satisfying populated sympathetic admirable character piece slime obviously written targeted hormonally imbalanced high school sophomore,0
excellent movie stellar cast great acting never tire watching especially love scene danny glover character kevin kline character namely simon mack brunch together kevin kline natural seems mannerism effortless one would encounter often real movie br br one powerful scene movie however beginning movie simon arrives scene mack car broken movie also strong message unlike stereotypical message carrying movie one person preaching gut audience instead actor emotion situation deliver impactive message best without use word lastly mary mcdonell brilliant always,1
watched several day film shooting movie summer end result two scene movie location sylvan lake black hill bring wagon stop wagon etc dakota youth looked forward seeing movie disappointed local buffalo herd culled shooting scene real yes doris animal hurt filming think ending copied jack nicholson shining great western social comment class high noon real western drama used social statement like blackboard jungle rebel without cause youth,1
bad guy called judge jerk even nominally sensitive one self congratulatory tone really make sick though guy perspective behaviour think real problem though quality contestant single smooth truly charming one lot pick pathetic girl crowd one guy chance let see real player trying truly unattainable girl maybe show otherwise revolting half hour self love real sexual tension take two,0
never heard movie saw dvd great movie perfect example movie took every cast member make work overhyped typical hollywood movie old overhyped actor current quote list actor could pulled performance movie brought back memory post vietnam war military experience concentrated people sent fight portrayed character fear emotion even volunteered service regular people cut military life remember experience put mildly adapt military life either never forget stayed touch highly recommend think serving present day afganistan basic training trip notice drill sergeant morning people maybe need sensitivity training ha ha ha,1
time left foot little movie could hugely popular everyone applauded fact small independent film could make way oscar br br since movie like left foot dime dozen might hard retrospect understand fuss certainly well made competent film clear bulk success rest shoulder daniel day lewis immerses role cristy brown man living cerebral palsy day lewis pull bit stunt acting dustin hoffman oscar year playing man autism rain man academy followed suit giving day lewis honor br br thing really separating film big budget hollywood production budget every way formulaic standard product say good movie masterpiece br br grade,1
okay big video game buff game house dead really famous enough make movie sure went far actually put quick video game clip throughout movie though justifying particular scene violence dozen dozen game look exactly hand bottom screen supposedly holding whatever weapon goo ing kind alien walking dead sniper whatever case may br br interesting premise house dead lot college kid loaded college kid kid able pay fisherman something like ride miss boat trying get island supposed rave year first thing come mind house dead watching become increasingly clear modern horror movie become nothing exercise coming creative way get lot scantily clad teenager exactly situation least case fact way rave excuse way girl dressed look badly place running around wood cute little halter top least thought dressed occasion br br clint howard tellingly interesting character film far delivers absolutely awful performance greatness overshadows every actor movie stand well known actor change accent movie rarely effective howard show equally flat well known actor pretend hardened fisherman raspy voice year breathing salty air even rasp well sounded like eating cinnamon roll shooting accidentally inhaled powdered sugar something real tough clint expected agree part mess br br get island movie temporarily turn one friday th movie took place camp crystal lake lot teenager played actor way old part getting naked killed nudity impressive guess let consider something minute kid pay almost two grand get island go rave year find one say well want beer even guy pulled stack hundred wallet get think anything found full bar single solitary person sight input director uwe boll alcohol notice party came consists one br br start drinking minding fact whole party seems vacated island one girl go dark wood find everyone dragging one girl one guy reluctantly along guy girl stay behind get smashed decide would great idea strip quickie alone like expected find island empty rest people came gone little would privacy since one else around brilliant br br thing everyone hated judging review read movie yes intersplicing shot video game movie mostly order show yes movie faithful directly copying video game sure stupid idea imagine thought little nugget worse matrix style bullet time scene thrown first time point found pretentious cheesy movie like shot like though something original noticeable technique shot rather dramatic meaning creation kind tension film br br one thing make zombie film scary get edge seat slowly relentlessly coming living human much faster getting tired running place run terrifying shortage thing fight zombie first two done right movie kid terrified lot place run since island since caught ride smuggler find heavily armed mean strongly mean people everything machine gun hand grenade remove tension impending walking dead br br call techno slasher scene since rave never happened guess since uwe boll thought people going disappointed hearing techno music movie one scene right middle human fighting living dead amazingly enough turn something music video techno music blasting shot edited together faster faster nothing blur gory shot mostly frame long second flashing across screen time speed techno music clever guess place horror movie completely remove sense scariness tension even gross effect see one thing long enough react watching shot fly across screen wondering hell director thinking decided would good idea put something like movie br br seen lot people compare movie resident evil mostly claiming copy premise exactly right appreciate least case resident evil man made virus turned people walking dead able infect people changing way vampire turn others vampire day later also clearly inspiration movie bad house dead single original thing except somewhat moronic idea putting quick shot video game based case forget really think much better movie obviously say know much game based title movie poster deserve much better movie unfortunately think often case horror movie really kind sad movie come obviously advertised hold barred horror film scariest thing entire movie closing shot suggests possibility sequel,0
always enthusiastic period drama art form bbc excelled past presentation byron unbelievable unbelievably bad script dreadful acting uninspired character woefully insipid apparently byron mad bad dangerous know set lady heart flutter production appeared tawdry jumped little squirt instead fiery hero womenfolk greek struggle independence said byron walked limp portrayal man limp br br watched whole two half hour waiting something spark life splutter even glimmer utter tedium downright boredom start finish br br opinion one ever better bard avon also believe byron poetry revered mind flung back burner dramatisation life accorded treatment br br think bbc lost nous one,0
done quite review imdb film unique never saw entire movie terribly stupid unfunny sit though tried br br biggest problem mel brook movie call mel quotient word better movie le see film think producer young frankenstein great film barely film like life stink space ball chock full mel pretty dopey movie yes like space ball place talk br br second apart cancer rectal itch mental retardation think le funny topic homelessness comedy breaker think folk funniest scene movie mel making whoopee leslie ann warren dumpster funny way,0
ambushed ordinary action flick much bad ordinary one man walk toward another machine gun blazing man fire one round fell man greater fire power without much nick hail lead raining guess one good guy duh ambushed good action flick good drama good movie ambushed fails level cast b movie veteran mechanically going motion almost though know making real loser recommended anyone br br,0
winter approach state owned broadcaster abc decided reason partial jane austen festival sunday night commenced twelve year old movie length version emma last sunday recent version three novel persuasion northanger abbey mansfield park come br br curious thing production e television network script ever reliable andrew davy appeared almost simultaneously two much bigger budget movie version one starring gwyneth paltrow clueless modernized version starring alicia silverstone transported plot beverly hill perhaps result even kate beckinsale lead production sank without trace br br general rule much lost novel shrunk fit feature movie length adaptation one tends enjoy remember adequate room develop story character outstanding example brideshead revisited minute episode back compare ordinary movie length version pride prejudice brilliant six part tv mini series novel filmed page page novel often good one adapt wonderfully film atonement recent example novel jane austen sort need time space exert full charm br br given shortcoming type adaptation production ok kate beckinsale give emma right mix self assuredness vulnerability mark strong forthright mr knightly reminded jane tended recycle character  knightly articulate version moody mr darcy p p samantha morton rather limp harriet prunella scale got blabbermouth miss bates perfectly  sybil fawlty speed bernard hepton emma feeble father also excellent saw damp countryside mud poverty well posh interior case anyone thought particularly idyllic age everybody br br even though condensed adaptation oddly slow place  conversation rather stilted even allowing formality time look film sure might due use reaction shot br br like filmed period stuff perfectly nice example compare well paltrow version anyway come,1
written brilliant monkees tv writer gerald gardner dee caruso way front last jerry lewis movie hardly working almost decade later jerry comedy evidently acquired taste admittedly occasionally worst enemy helm producer director even dreariest film always moment brilliance br br way manages amusing entertaining yes quite funny somewhat unlike typical lewis film pace upbeat ther lot excellent supporting player kind jerry hogan hero whole thing look kind like unsold tv pilot either love hate hopefully vill laugh,1
start guy indian pot cleaning suddenly skeletor attack hit woman neck axe fall get apparently uninjured run wood turn basement shopping center wood meet utility worker skeletor attack luckily like good utility worker got gun shoot guy work everything start fire br br cut people walking wood even though hiking together time sit introduce probably done first met anyhow undercover delta team member undercover suppose way pay dress uniform cute girl various thing sniper school instructor oh remember rest matter eventually take gun immediately start aiming various thing anyhow meet old indian sitting wood want bean know like pork bean mumble stuff assume premise movie relied heard premise commercial really understand anything say br br walk around wood dialogue load quasi military macho b mean every single word like reminds kabul reminds lao skeletor attack let give rundown basic attack one female character crouched behind tree aim gun approaching guy horse reason fire yell several time someone else skeletor approach jump behind tree skeletor stick spear everybody start shooting bullet cause spark fly tree apparently folk made movie never shot tree bullet make spark br br casper van diem sudden driving semi truck trying run skeletor miss truck slide stop van diem injured apparently slid across seat bumped hip window crank something crawl truck explodes later wood dying everybody say bunch quasi military macho b meet couple guy wood blow undercover status immediately identifying army beat guy reason go away br br stuff happens people mumble camera shake etc br br think come end eventually br br theory sci fi channel getting little annoyed everyone bashing movie put remind u bad movie really like think movie bad well seen bad bad okay got way rest movie pretty good comparison right br br well theory,0
growing beast war transformer familiar original transformer seen awesome movie seen older cartoon based say like original cartoon live action movie beast war br br like bw character think character like optimus prime better optimus primal br br mean autobots transform roll sound lot better maximals maximize voice original optimus prime still make strong believer real commander optimus primal br br besides powermaster optimus prime lot powerful optimal optimus look web br br megatron bw character seemed like humorous version evil version original series br br besides cooler robot changing animal robot changing vehicle spaceship gimme original transformer day beast war,0
movie sit easily even particularly like movie type person recognizes great film even like genre first movie could stand watch cat hat worst movie ever seen seen lot movie acting okay myers good cat really annoying silly song cat sings boring monotonous even child audience plot drag viewer must suffer poor dialogue witty parental remark disgusting funny remember awful comment garden hoe compared well type person people call ho even though movie really short seemed last forever waste time know small kid hated movie child stand know adult would like fume film even feel like wasting anymore time writing review hated summary spend minute life watching see good movie br br star lowest review ever given movie,0
grew watching inspector gadget still one favorite cartoon absolute favorite learned lot geography history spin inspector gadget field trip wanted slip banana peel become greatest detective ever br br film ruined reputation wonderful cartoon br br matthew broderick actor potential definitely role inspector gadget first thing film inspector gadget smart cartoon film gadget solves mystery mostly cartoon almost always penny brain awesome book still want book gadget solved mystery accident gadget film seems competent detective cartoon pretty dumb humor came br br another thing much good guy v bad guy film meant silly saturday morning cartoon also gadget never love story disney corporation filled idiot br br also miss true gadget gadget especially gadget car movie chic convertible cartoon sedan police car could turn van also barely gadget mainly get place place br br anything one thing terrible movie feature movie inspector gadget silly saturday morning cartoon movie serious overdone much plot even remotely funny br br tip seen never see ever watch cartoon true classic,0
voted simply best animated story able see quite time animation stunning artwork behind every landscape beautiful color lighting standard fare artistry amazed moving beyond beauty screen immersed storyline timeless turn fresh character development brief yet touchstone moment exactly needed clue viewer character come stand impressed entire affair think must see entire family,1
lovingly crafted terribly interesting watch garfield gritty breakthrough performance introducing new kind rebellious acting style would carry brandos clifts war sisterly affection bit suffocating priscilla lane bright engaging performer sister really register though allowed tart witty hard time buying male character besides garfield jeffrey lynn pleasant enough actor lack movie star weight match garfield hard luck mickey borden throw film bit whack imagine jimmy stewart someone part also convinced garfield would make pivotal say least final decision made film needed another half hour running time better explain action feel awfully rushed motivated br br still hard understand anybody grew picture would remember fondly fall short classic contain classic moment two gate swinging scene pure movie magic,1
excellent drama dark never seen california photographed way bridget fonda deaf wife beaten husband superb film gripped start finish understated performance sutherland direction european amazing get performance fonda,1
well made documentary focusing two sudanese refugee get resettled united state basic fish water story non fiction twist found fascinating see peter santino lived prior coming america adapted arrived houston texas expected sort heaven found lot harder look cope well state go hopeful idealist somewhat realistic skeptic everywhere go meet bureaucrat paper trail citizen may take granted fret blacker african american feel accepted one lost boy manages leave houston go olathe kansa find condition slightly better still le ideal people try help well try hurt film shown talked put gun head robbed leading one lost boy comment negatively black people america good found interesting arrived houston august month world trade center attacked terrorist hoped see reaction tragedy mentioned still really well done documentary narration none needed really lost boy fine job expounding event going around without help thank much,1
movie dismal attempt recreating crucial time english history film version cromwell growing involvement war marginally accurate overall historical accuracy movie way film implies war started religious difference civil war way catholic versus protestant side protestant cromwell never present battle edgehill ever save day royalist win battle ended draw br br another reviewer noted cromwell certainly one five member removed house arrested br br overall movie decent producer tried way hard turn great br br definitely could better,0
say closely film follows novel never read book since clock six half hour good bet base covered least say certainty reader digest condensed version br br production value high well standard bbc classic series like inspector morse sherlock holmes believe dickens london looked sounded thought lot like occasional minor lapse sportsman firing pistol percussion cap whenever took place br br acting applauded suzanne burden polite honest heroine quietly go good cute mature way beauty compassionate nature flirtatiousness denholm elliott guardian turn burden elliott two character good unalloyed way another former sergeant forced evil evil people another poor helpless young boy br br think anyone else could written got earmark dickens poverty tragic death capitalism raw generous rich guy gated home hidden parentage shadowy motif impotence outright maliciousness justice system well justice system whole chancery evidently court decided matter distribution property gather wikipedia became notoriously rigid dilatory thoroughly revamped england twice elliott character describes curse impressive scene involves money scrounging creditor hounding retired soldier latter gymnasium fencing lesson sergeant masculine traditional sense male character remember dickens apoplectic money lender renter screaming threat seat sergeant turn towards one delicate exercise saber another advancement bringing closer tormentor scarlet faced old creditor shrink back seat br br couple thing missing often dickens stick least one two amusing line dialog humbug law as bleak house right title second practically weberian ideal type mr micawber artful dodger scrooge third atmosphere whole ethos relentlessly dismal one tribulation follows another usually money shameful peccadillo past br br god depressing author venting spleen everything hated world knew poverty okay knew poverty one wonder chancery dickens deserve kind treatment br br maybe add watched first episode series better two way zip direction pace little faster business jarndyce v jarndyce explained satisfactorily right front instead lurking shadow mysterious curse plot easier follow,1
movie always broadway movie classic long still people sing dance act,1
long way laura otto preminger directs dana andrew star police detective named mark gene tierney beautiful woman haunt nothing else sidewalk end resembles everyone favorite sophisticated murder mystery instead deliciously quotable dialogue get gritty harrowing realism earlier film took place ritzy upper echelon new york society low rent district dark street hoodlum cheap restaurant crummy flat tierney gorgeous ever work department store mannequin life washington height neighborhood doll got fox fur laura mark mcpherson time andrew mark dixon older sadder troubled version cool cop trench coat br br sidewalk end belongs sub genre noir movie police brutality focusing cop control violent impulse like kirk douglas character detective story dixon owes seething contempt crook father criminal past douglas self righteous blind fault andrew burdened repressed guilt self loathing accidentally kill suspect cover action attempt throw suspicion slimy gangster gary merrill vainly pursuing year instead kindly cab driver suspected father dead man estranged mistreated wife morgan gene tierney dixon falling love wife man killed try desperately save father without giving away br br among noir protagonist dana andrew distinction incapable appearing unintelligent even playing average joe usually always come across unusually sensitive perceptive air thoughtful comfort give haunted haunting quality essence actor played ordinary guy cop soldier always tragic undercurrent seeing knowing much conscientious hero marked exhaustion guilt inability ever lighten actor could expressed well bottled anger slow burning pain agonized intelligence mark dixon also muted tenderness muffled warmth even wry humor make heartbreaking come take morgan restaurant regular first time see cold brutal man trading mock insult waitress whose sarcasm hide affection concern dixon asks partner money get lawyer morgan father supply even though recently argued dixon threw punch word loyalty knowing good guy deep see man anguished silence wife resignation hand jewelry pawn dixon goodness come across people reaction much andrew deeply moving performance br br though dana andrew minor star may quintessential forty man go movie hardly ever taking overcoat boxy mid century silhouette fortified fedora glass bourbon cigarette take mouth talk look imprisoned masculine ideal toughness impassivity many noirs romanticize two fisted tough guy sidewalk end offer unflinching portrait reality behind façade gripping melancholy exploration root consequence violence br br andrew sadly underrated time one three protagonist best year life nominated academy award though low key performance far compelling frederic march hammy oscar winning drunk fortunately andrew appeared film ensured immortality last little known film contains best performance seen part marvelous fox film noir set series including number never released title nightmare alley thief highway suggests twentieth century fox may finest record major studio came film noir,1
one favorite movie great cast lead jonathan silverman blythe danner serious drama situation brilliant comedic punch exact mixture character story real people real problem everyone different relationship family member sensitively move slightly sad hilariously funny read quote best adaptation neil simon play br br wanna see eugene check biloxi blue starring matthew broderick played stage version ok bit darker side get away made tv broadway bound,1
well much really say really good good job softley directing movie good cast acting movie plot also believable hehe good good main word case hope would kind scifi movie thats one pointed crowd give,1
never understand studio like universal buy musical butcher bringing screen first thought seeing ava gardner robert walker starring would seeing something mgm musical best time boy wrong disappointed br br one touch venus starred mary martin kenny baker john bole broadway ran performance season gardner walker tom conway play role martin baker bole stage kurt weill ogden nash musical book nash j perelman comeback vehicle mary martin reestablished queen broadway disappointing venture hollywood br br look name went show given responsible book expected see sparkling wit production instead got rather pedestrian screenplay like wit drained best make eve arden playing usual girl friday role tom conway even much eve br br story concern department store window dresser robert walker kiss valuable statue venus spring life person ava gardner course statue go missing conway yell law suspicious walker last person statue br br rest film walker dealing gardner happen reason understand ava course dubbed eileen wilson walker sings couple line singing carried dick haymes olga san juan playing walker friend coworkers course broadway song done singer mary martin kenny baker would kind think haymes would playing walker role least awkward say least br br three song survived score look heart showing incomparable speak low haymes silken baritone shown best advantage speak low sung duet martin baker broadway reason lyric one greatest men verse last century ogden nash done ann ronnell suspect infamous code work br br lee server biography ava gardner make mention brief fling ava robert walker spat current man howard duff duff gardner reunited walker took badly speak gardner camera sure fact best work help matter either br br hopefully repertoire company one touch venus get see way weill nash perelman wrote,0
although girl thankfully sense humor realize really funny anime watching give overwhelming feeling definitely guy show take away fact hilarious,1
full length feature film world bridge found first minute bit slow movie absolutely perfect describing professional bridge player go earning living br br scene funny think non bridge player would get charm movie br br dress really beautiful pity movie black white imagine would look like colour way medium portrayed absolutely hilarious way earth bridge ever like br br watch soon tell friend,1
excellent example early bette davis talent production average timeframe cannot understand owner right film put dvd owner please please release would buy immediately seen thirty year television remember well,1
believe anyone would green light let alone voluntarily star never able get min life back br br one worst film ever seen film bad good gone far round somehow bad terrible exactly expecting much low budget bandwagon jumping rehash b movie still came way expectation level even tv movie higher production value br br poor special effect shocking dialogue terrible acting completely unexplained plot cursed inch snake turn foot snake anyone ever heard highly venomous garter snake python passenger snake many promise none delivered br br comment would believe film worth watching last five minute even worth rental stay watch low budget tv movie enjoy lot br br made oh yes shamelessly cash internet phenomenon soap shame mallachi brother shame,0
movie nothing like book think writer screenplay must wanted job writing sequel gone wind turned way getting idea anyway similarity movie story portraying name principle character location main action none event shown movie happened way book gone wind fan book movie deeply disappointing loved book scarlett watch movie hoping see played screen share title common,0
thanks jymn magon creating disney best cartoon ever show improved much year kid like thought rip ducktales favorite disney thing time like grandmoffromero later though good great reading review decided give another chance bought dvd set watched whole pilot first day got pleasantly surprised still favorite episode although series live end disc knew going top tenner br br character complex charming favorite got wildcat absolutely hilarious sweet boot next favorite baloo best pilot show see ol jymn built show around kit cloudkicker baloo best relationship series louie jim cummings perfect job impersonating original voice rebecca made laugh pretty hard believe baloo eventually marry finally hero molly although least favorite still like think cute character much better webby ducktales villain original karnage air pirate always crack kahn ice cold ruthless thembrians always least amusing br br said story range hilarious time wait bear romance red chimp nothing short touching old man seaduck paradise lost fun funny exciting adventure search ancient blunder favorite bell klangs favorite episode anyway talespin disney best aside gummi bear reason gb decent amount favorite character cubbi t enough wildcat end talespin remains classic bottom line th best cartoon ever,1
depiction forlorn japanese force philipines tour de force utter meaninglessness war effective representation japanese pacifist view ww ii movie japanese soldier left fend jungle philipines faced impending starvation resort cannibalism gradually lose little humanity left call film depressing would something understatement viewer left utterly despairing sense life lost value modern combat final scene almost nihilistic film worthy statement none le highly recommended,1
frank probably best version book sound movie version jazz singer version really silent movie despite build first talkie br br danny thomas great comedian sings well jewish stuff feeling peggy lee great film always entertaining allan joslyn entertaining could done without one question since cantor live luxurious house,1
interpretation term distant used sense opposite warm people warm toward others film reminds teaching dalai lama art happiness main point key happiness connecting others character film insular also humorless charmless shy quiet unfriendly characteristic appear prevent amongst thing forming enjoying relationship able talk deal problem result terribly unhappy see strong vindication dalai lama teaching buddist way one people think behavior natural response living large city think may right recommend dalai lama book city life need like br br see people found boring drag bit place character particularly likable contrast lost translation insular character much likable connect one another even though connect people generally,1
certain genius behind movie laughing throughout scene phone sex office discussing love heals doppelganger nice attempt genius humor execution poor see writer message talent doppelganger split end like ok quite expecting let see movie say certainly ridiculous sweet idea actually coherent story strange way br br point movie logical entertaining communicate emotional level easily bored many movie one kept interest throughout br br think story may auto biographical root guess horribly bad good looking movie person may done experience,1
one brilliant young men went dared make teen romance film actually call would invoke devil fan micro budget packed taste sensitiveness maturity peter sollett deserve admiration respect thanks demonstrating power industry stereotype flushed toilet one location handful rich character low budget good acting amateur decent lighting worshipper true indie cinema watch stop watching well know,1
planning watching wasted saw mtv preview since nothing better watch sunday night watched br br wasted requiem dream good movie considering made mtv one thing drew watching summer pheonix sister late wonderful river pheonix stared suppose talent run pheonix family good jaquien though niether river nick stahl also give great preformance junky jock much else say wasted dark depressing insightful look life three small town junky recomend like subject,1
bad good bad violates geneva convention prohibition cruel unusual punishment reading synopsis even figure plot straight video disaster hodge podge grainy stock footage spliced together time worst acting ever misfortune see comparing incompetent turgid humorless mess dead men wear plaid like saying gigli like citizen kane talentless cast costumed cheap j c penney goin church clothes slightest attempt period hairstyle make really want see sort homage work check lost skeleton cadavra clever well written best performed actual actor agony watch matter seek work phoenix artist paul wilson whose sci fi short attack foot courtesy lady leaf film dust people terror tropic look sound like pulled street given script read one take insult bela lugosi boris karloff lon chaney anyone else involved film cannibalized make schlock fest money problem lot accomplished little expense good script decent actor z grade costume production design given called director created stinky pile cinematic offal let hope promise sequel come true far scariest thing shown whole movie,0
actually thought comedy sat watching expecting laugh as pretty soon became clear comedy least jim carrey type one kept watching character movie start pretty grim troubled people gathered together try fight one basic fear fear water fear swimming start get bit bit life witness trouble guess thought br br actually made look much darker actually besides chain event soon brings light hope life br br probably watched movie known comedy rather drama good time enjoyed story mind spent minute br br many film treat alienation people western world movie show people get together help br br light dying day meet let pas leave loose gift sun br br br br peace love,1
duchess pretty white cat life three kitten wealthy owner mansion paris evil butler hears rich old lady leaving everything cat first butler angered want get everything first put sleep abandon side road cat wake start long trek home street wise cat named thomas malley meet offer help edgar see arriving home furious start mail timbucktu thomas friend arrive help save day wealthy lady decides leave home every alley cat paris br br charming film song including everybody want cat lively upbeat voice cast excellent eva gabor would later play miss bianca disney rescuer film duchess phil harris baloo jungle book little john robin hood thomas giving interesting personality character supposedly walt disney died gave go ahead film recommended disney fan cat lover everywhere,1
american come expect crapiness par course come horror unknown director directing unknown actor acting unknown writer truly expect suck suck becomes night success br br night success weekend month success blow start finish recommendation go knowing suck enjoy something better keep back way back burner entertaining way watching elderly cross busy street rush hour expect much almost never get hit actual car lot hoopla,0
saw one stage performance denver never le impressed word vagina say body part nothing shocking could say doctor left arm hurting bit tennis vagina hurt cycling equal social commentary could tricep monologue entertainment radical comment heard monologue dull delivered drama topic outdated alternately bored annoyed think laughed apparently supposed surely really hit oh spoiler lesbian oh wait maybe come think inappropriate fondling crack mama cover,0
tom listening one old time radio broadcast something kid today would watch tv however television cartoon made people got entertainment comedy music scary story radio br br tom literally shaking boot listening story phantom actually literally everything narrator saying hair standing end icy chill race spine heart beat throat etc jerry meanwhile watching tom laughing butt scaredy cat antic br br get taste see many year cartoon jerry torture tom reason sadistic pleasure cat asks trouble one thing minding business jerry physically case mentally abusing hard time rooting little guy br br early effort also minute longer followed sometimes one minute make difference actually dragged awhile could cut five minute without missing anything sketch went long usual tom jerry usually much faster paced,0
really understand movie aimed absurdity mention ridiculously bad acting cheesy dialogue fact villain child assume meant child movie think may swear word pulp fiction mention constant reference drug general mayhem killing demographic trying please movie schizophrenic like trying combine country music heavy metal end one going like bloody paradox would recommend movie funny bad way except actor patently unbearable want suggest otherwise br br completely serious say could watch minute terrrrrrrrrrrrrrrriiiiiiiiiiiible,0
movie grabbed attention like one see wanted watch movie twenty five year one time saw teen ager may year released br br remember movie touched deep held emotion profoundly still overwhelming desire watch intrigue movie provides human element father son seeking searching sure touch every human soul watch movie brought storage shown often many movie lesser depth know br br postscript received copy movie watching delighted see memory held true rating reflects movie content would like watch movie dvd seeing production used vhs tape took away overall quality,1
twenty five year ago showed film child class entomology still remember excitement kid spellbound termite built live castle clay also animal use mound fantastic scene cobra fight monitor lizard colony mongoose watch good entomology class also teaching ecology since much interaction termite organism whole ecology organism live around mound br br wish available dvd could watch show others,1
warning possible spoiler br br get extremely unpleasant subject matter film offer heaping helping outrageously campy melodrama surprisingly enough movie copied ripped several time year although hard fathom filmmaker inspired trashy drama neither one hemingway woman act although mariel improved year anne bancroft offer touch class prosecuting attorney chris sarandon turn pathetic unintentionally hilarious smirking smarmy bad guy piece br br veteran director lamont johnson make silk purse sow ear script stuffed bursting howlingly bad dialogue outlandish situation example final sequence margaux grab shotgun chase sarandon latest shocking act meant exciting elicits hearty chuckle instead add notoriously shrill spacy musical score michel polnareff true guilty pleasure even though likely feel grubby needing hot shower viewing say warned,0
movie predictable ending use great see movie really unusual twist however said really disappointed l apartment ending opinion ending really fit rest movie basically destroyed story told br br spend whole movie discovering everyone feeling event final minute movie would impacted majorly everyones character movie end leaf wide open br br overall though movie well made unlike similar movie serendipity scene believable go top,1
running man along total recall favorite schwarzenegger movie meant acting script even par arnie movie like predator terminator submit idea behind movie one coolest ever hit big screen state sponsored game show criminal convicted serious crime compete heroic stalker armed kind weapon runner equipped none order satisfy public lust sport blood ultimate prize winning runner freedom rule claim br br movie top gory death scene cheesy one liner really lot say someone else pointed commentary culture government presented movie go suffice say look beyond seemingly silly feel movie enjoy much especially big sf fan lot imagination like said trying serious art film surprisingly layered shoot em flick premise borrowed richard bachman aka stephen king short novel diverges fairly strongly source material especially towards end book end rather nihilistically needle say movie enjoyed like movie better br br favorite line guess caused steroid,1
sex ever farm animal tag line movie probably still misleading br br far one boring movie pleasure try watch lately found dvd lying around friend house made sad mistake burning br br unable tell detail without spoiling movie detail movie try imagine someone making movie thing c span fictional movie time le interesting boring debate c span br br think conspiracy somewhere movie unable tell exactly gouched eyeball threw richard gere,0
example genius filmaking epic story three major stage life young boy told eloquence raw fearlessness rarely film come along cause loud say viewing really good film exactly happened watched film really understand anyone could like found moment cry laughing moment unable control felt scene acting outstanding eric mabius movie screen really extraordinary seemingly effortless attempt screen impacted deep visceral way thank opinion eric schaeffer one best filmakers around hope continues rise challenge face trying give u art face ferocious commercial filmaking br br,1
dad good time watching flick today guy primarily known serious role de niro heckuva comic actor course help past film image play consider one role minute cop deal interference mass medium interesting set compare contrast performance br br murphy play another axel foley sort character shatner play burlesque parallel world self best known tj hooker star trek br br interesting watch film comment contrast reality police work fictional counterpart tv film shatner lecture proper mean sliding across car hood de niro point holster scratch hood finish ironically film progress de niro character begin incorporate illusion tv cop reality real world case working br br film draw inspiration gamut source one could make comment derivative well satire need derive humor order exist besides film quirky moment originality example reasonably sure method villain death never done br br one quibble reality weapon involved gun kind recoil order penetrate steel bullet enough inertia penetrate bullet highest level inertia moment firing firing volley tank killer bullet driven shooter back onto butt oh heck satire maybe gun lack recoil satire b f gun used casually thriller br br,1
spoiler fifth paragraph amazingly frank uh huh uh huh picture otto preminger carlyle production took chance making motion picture association america balked certifying film openly show junky jabbing syringe full heroin arm frank sinatra took chance playing addicted musician falling flat face role required least twice much acting ever done gamble paid movie classic though perfect br br nelson algren novel may great far much going fit comfortably two hour movie man golden arm minute often feel much longer however opinion frankie machine sinatra make film character sub plot involving frankie ultimately frankie addiction everyone everything seems dependent feel keenly pressure get much drum start pounding soundtrack frankie step across street well dressed friend louie br br exaggeration say frank sinatra music career ever really doldrums early limbo day touring big band la vega era eternity established serious actor career singer rebounded well man golden arm still significant challenge whole show sink swim performance pull skill several minute time forgot watching frank sinatra must known junky musician exploited knowledge utmost br br set side side billy wilder masterpiece lost weekend emphasis sociological cause addiction man golden arm whereas birnem ray milland lost weekend seems struggle mostly frankie machine beset external force take refuge needle neither approach wholly right wrong mostly addiction impossible fully explain seems like film might benefited little insight frankie internal struggle br br spoiler one problem film clichéd reliance quitting cold turkey realize man golden arm probably setting trend rather following make better beginning movie frankie appearance kicked habit help doctor treatment facility sort naturally drama film requires backslide found american ideal man face problem alone maybe help good woman place going cold turkey riding sunset kim novak seemed unrealistic end lost weekend similar opinion little le rosy,1
entirely bad movie plot new house built next door seems haunted bad mood creepy enough acting okay big problem familiar lara flynn boyle twin peak show get different look apparently new big lip kept staring look place face make look completely different better br br mark paul gosselaar actor play kim architect design pours heart soul house fine job lara col also quite good lip owner house next door husband walker colin ferguson appropriately wooden various character live house also fine particularly liked pie charlotte sullivan husband buddy stephen amell first people move house attempt involve u overall neighborhood vibe fails unfortunately neighbor particularly likable br br reason director unable make haunted house particularly ominous movie amityville horror legend hell house manage achieve spooky feel happen closest col paint depiction house br br another thing work plot twist occurs kim architect initially appears victim house like others sucked dry inspiration later seems joined force evil br br overall bad movie horror fan take eye big lip,0
best emma existence opinion seen version also good read book think safely say confidence true interpretation faithful jane austen masterpiece movie g paltrow good almost like different story altogether light fluffy see darker edge character want pleasant movie one would fine intricacy plot point churchill fairfax entanglement much glossed virtually non existent want character fleshed bit real multidimensional tv version superior emma remarkable person flawed kate beckinsale masterful showing little quirk character see look casually disgusted simple conversation harriet smith yet show remorse ruined harriet proposal action effect ruining marital happiness ending see narcissism mirror frank churchill would harm others achieve aim emma playing matchmaker new friend away time suffered loss governess marriage frank churchill securing promise woman love treating others abominably keep secret book realizes crushing awakening blunder made kate beckinsale gyneth paltrow convincing remorse paltrow childlike stagnant beckinsale awakening rather real serious see transition child like selfish behavior kind thoughtful adult version good prefer one,1
ok brought cheese love run became phenomenon anorexic twin became popular bob saget started making paycheck instead really funny stand people knew dave coulier life good simple one great american classic humorous always brought home good lesson differ norm liked last season like home improvement child get older lot script dare say could gone much later anyway gave wholesome funny story line bob saget,1
footprint interesting movie somewhat difficult categorize psychological thriller appropriate description think female protagonist alice cespi discovers remember anything last three day clue torn photo hotel also haunted recurring vivid dream science fiction movie belief saw many year ago pursuit truth behind amnesia trust anyone little little becomes obvious visited town hotel located exciting flick whose main virtue virtually impossible predict event unfold particularly end unusual loneliness main character unreliability everyone else ensure good old paranoid feeling present throughout film whereas beautiful color spectacularly filmed sequence make visually attractive movie well important part one nicoletta elmi everyone time favorite redheaded obnoxious child star italian horror extra bonus,1
snake train movie rented due pure amusement thought movie snake plane enjoyable action film obviously film maker wanted cash success low budget effort minute snake train almost unbearable witness keep pausing film something entertain due lack happening film throughout duration film never fully explained girl curse keep coughing green purplish goo constantly endless boring dialog two main character brujo alma discussing get rid curse appreciate low budget film making truly picky movie open genre budget snake train truly one worst horror film ever seen writer acid something end film woman suddenly turn giant snake importantly earth able devour train br br bottom line snake train movie need avoided cost intrigued like title movie seriously bad let put snake rest br br,0
actually finished film may say case right review especially negatively stopped account watch anymore got halfway got promising something good around corner film tiresome lackluster actually insulted read many review sure homosexual teen suffered homosexual go similar revelation day dream issue etc etc maybe two moment actually felt film could go somewhere felt may inkling meaning relativity hope dashed moment next set cliché ridden narration came mean look quote imdb page unfortunately able hear scratchy play back echo ey fade read quote painful ridiculous stupid miss give film three star three star go film cinematographer fantastic job attempting transform archer tired concept something watchable mind pray one decided include long shot tv closeup another unnecessary cliché already done film korine gummo think extremely fitting film premiered sundance archer connection festival via volunteer work way sundance seems one festival cliché heavy drivel like still accepted arthouse art house afraid plain house watch,0
br br step aside hollywood veteran wayan brother asked thats hollyweird demanded thats got however like many recent decision one stupendous mistake br br director touch today audience attempting bring back physical pratfall gag place funny dialogue disaster knew audience knew cast knew br br shame ever consider changing director two wayan brother played two four primary character without farce sad one br br sp br br,0
rourke usual bit part sinister rancorous neanderthalian ferocious evil jerk mold picture claire fifty get carter double team rest garbage happens br br line br br course junk undervaluing rourke abasing matter characterization actor still seeing prayer johnny handsome barfly week year dragon etc etc many year considered rourke outstanding smart intelligent man think changed since br br look callous calcined br br went gloomy look despair inhabited breast made man perfect pest belloc example br br absolutely reason watch dull movie except rourke,0
trying picture pitch dark angel thinking matrix thinking bladerunner thinking chick play faith angel wearing shiny black leather chick like leave one u get without plot dialogue character decent action budget loud bang hot chick shiny black leather straddling big throbbing bike fanboys dig loud bang hot chick shiny black leather straddling big throbbing bike right br br flashy shallow dreary formulaic passionless tedious dull dumb humourless desultory barely competent live action anime without action indeed life sf way joe fanboy like fact,0
shot heart wonderful brilliantly illustrates plight gary gimore convicted murder requested death shot heart show ordeal gilmore family torn hatred went movie incredible psychological study wonderfully depressing uplifting,1
film brilliant retelling shakespeare classic love story complete kinky sex body piercing dismemberment follow spirit troma movie except combat shock sucker depressing troma fan anybody appreciates lowbrow visuals hilarious script without doubt fall love movie br br expect pretentious artistic wannabe crap like version r j claire dane leo dicaprio one know silly movie draw humor acting also surprisingly good feel sammy capulet pain try put brain back head br br soundtrack contains many original high energy band like wesley willis fiasco supernova meatman also four star movie viewed remains faithful original story still jam packed troma trademark gore sex humor,1
like title thread say impression got movie marlee matlin character always angry cynical pathetic character first date william hurt character dancing dumb tried finish watching movie four time four time fell asleep would keep watching movie one intention beat problem insomnia put sleep sweet dream,0
movie could impressing epic maker seem done utmost make appear foolish even god spared movie word drenched childish joke result blasphemous annoying people care see cheap parody biblical story may perhaps watch film without embarrassment maker tasteless production see il vangelo secondo matteo gospel according mathew film pier paolo pasolini show unnecessary pervert word bible make good story impressing result obtained sincere rendering plain text,0
pardon spelling probably funniest horror movie ever existed think evil dead acting horrible see makeup line certain lady face lesbian scene make sense ending haha ohhhh ending prepared stomach hurting laughter watch film minute still expecting something take look self ask hell wrong bad movie meant laugh enjoy pure silliness br br forget watch outtake movie see low budget whole thing really movie rare gem demonstrating pure udder lack talent care ability money anything else would ever need make successful film definitely worth watching,0
thanks bbc show used suffer inferiority complex hated leaving house talking new people overwhelming sense people hated however watching one episode non blonde fortune started change episode started applying new job wearing fashionable clothes actually felt talented series finished running sale department work banging plethora woman frequently karaoke competition local ever confidence crisis know turn take trip poundland pick dvd p,0
film open two thug kill another thug body discovered autopsied doctor realizes although man shot dead also suffering pneumonic plague nasty virulent version bubonic plague race time find came contact dead man treat immediately otherwise disaster could erupt br br oddly actually know quite bit pneumonic plague taught series lecture history class film really good job getting fact right disease looked little like people movie biggest problem illness incredibly grotesque really allowed show sure high fever coughing got right also lot bleeding explosive vomiting blackened blood along enormously swollen lymph node like get bubonic plague purply gross certainly understand go far also sure federal government would much much greater involvement controlling treating disease film handled local level everyone seemed ill prepared bit dumb one seemed willing believe doctor acting film excellent actor richard widmark paul douglas respectively public health doctor police chief good actor also known actor back however first film menacing jack palance still going original moniker walter jack palance well relatively unknown time zero mostel palance great scary physically adept stunt mostel played heavy typical early work greasy cowardly sort evil br br overall despite really getting detail right wrapping everything little neatly film tense excellent acting well worth seeing,1
looking forward release movie since first heard concept two year ago disappointed bother summarizing story since everyone else say plain entertaining throughout performance great music main character likeable br br complaint story definitely lacking movie wrapped abruptly fact writing became pretty lax second half though writer sure plot since plot nearly important music action really affect entertainment value film major complaint would seem br br really nitpicky music character movie listening sometimes dated movie set inxs devil inside ac dc ready among mistake bother bit since obviously went length make good period piece could checked copyright date song make sure earlier big deal br br oh thought something else strange steel dragon band member supposed english reason dokken bassist jeff pilson ozzy guitarist zakk wylde played band member couple speaking line american accent kind lazy also still cool see actual musician playing musician forgive well br br could probably nitpick day want give impression super entertaining movie probably buy dvd come certainly buy soundtrack cd simply six steel dragon song sung singer band steelheart remember highlight film possibly great outtake mark wahlberg lipsynching rock song stage suddenly someone play good vibration marky mark funky bunch surprised look mark face priceless classic rock roll flick score due extreme entertainment,1
never heard mishima watched film although part little tedious still find drawn watch repeated box beginning film told celebrated japanese writer behaves like lunatic commits seppuku public film progress gently inducted twisted logic mishima mind stage life presented four chapter chapter blend two contrasting narrative first continues story scene mishima life appear black white second narrative adaptation scene novel staged like play filmed vivid colour different novel staged chapter chapter narrative return present mishima proceeds towards eventual ritual suicide mean drama tension maintained end br br suspect many people find film boring pretentious art house respect film people want action strong story line hand kind person relish opportunity penetrate mind bizarre man watching life story told collage beautiful picture set music philip glass love loved br br,1
good year film maybe even great one missing gong went long way convincing fan ol oscar little hood ornament good party member br br nomination single title academy disdain one greatest director one wait another year whatever prejudice prevented handing statue allowed give schindler list arguably good half polish br br get wrong schindler classic knocking africa year either mind class behind one epic story suffering hope brought tear big cryer br br maybe music superb cinematography sumptuous likely simply acting whoopi proved u much comedienne danny glover never heard course oprah br br rest history time knew,1
watched last night first time year bad really bad enough hilariously awful moment worth watching first deliberate make boy babysat completely effeminate even say costello la mae west fascinate costello double take god know would happened babysitter hunk kid would seduced heartbeat principal male dancer totally inept roar laughter leap prance talent whatsoever giant grave never looked better life two romantic lead zero waste abbott get sing one line dubbed another singer geez guess even carry tune costello manage charming fear nothing number guess small child might like much recommend oh seductive effeminate boy aspect alone blew away plus fact family accepted anyone street reference babysit child today little femmy boy would taken away,0
already year eddie murphy longer hot started making movie soon would forgotten funnily enough also year murphy directed first film also would first last experiment harlem night exactly call success even great see two best black comedian together namely murphy richard pryor blame actor played role like expected even face typical murphy laugh worst thing harlem night scenario terrible decor everything set roaring twenty everybody profit forbidden club sugar ray pryor adopted son quickie murphy gathering easily dollar per day course soon mob corrupt police come around corner claim part cookie sugar quickie guy give money free plan watch harlem night sure puke moment hear name murphy better avoid movie nothing lame excuse see good joke,0
film begin little girl rita seeing father killed apparently criminal squealed fellow crook later part make little sense girl grown adulthood still father past haunt bit later rita meet good nothing date one date bit intoxicated driving like total fool cop give chase speed away killing pedestrian meantime come really stupid part convinces confess crime assures lawyer get scot free oh would agree yet spends next couple year prison soon conviction boyfriend disappears showing total heel chump later release friend jack la rue informs truth boyfriend explains boyfriend family loaded shake lot cash trouble put taking rap frankly make sense certainly owe especially since knew go prison every intention using casting aside br br idea bleeding money rich chump good plot idea however way would occurred first place hard believe anyone could stupid take rap hit run interesting twist dumb lady decides life crime donning wig picking rich guy taking desert robbing gunpoint wow changed apparently love idea stealing phony e rich hypocrite however made sense soon stopped began shaking father old boyfriend bothered petty robbery meantime made little sense also bit hard believe instead wanting money old jerk interested getting put influence behind mob controlled man mayor odd odd br br meantime another plot develops involving young alan ladd undercover agent infiltrated mob chosen happens dead ringer real crook cliché make sense real crook jail committing crime fake one infiltrating mob another town br br eventually evidence ladd able uncover enough issue warrant mob kingpin including rita case bad timing interim made decision become decent legitimate woman met really nice guy want marry wow odds overall goofy rather dumb movie suffers kitchen sink syndrome word way many plot element weird twist make movie least bit believable plus since movie little hour long seems forced contrived relatively bad b movie crap studio prc note performance alan ladd gained great fame following year paramount br br way dvd released alpha video company sometimes release wonderfully obscure title mostly public domain never clean print add closed caption word dvd production value strictly rd rate best,0
want cynical pedantic could point opening raf lancaster bomber mortally wounded nd may somewhat unlikely since german air defence lively adolph hitler day movie viewed cynical audience guess character killed literally last hour war add poignancy fact survived second world war fully appreciate intellect beauty soul powell pressburger masterpiece scene heaven painfully twee viewed today view movie context made raf bomber command lost men war number america lost nam shorter period far far smaller pool active combatant atheist fox hole doubt lost relative conflict view material atheism sensible thing richar attenborough young pilot look awe sight many war hero must openly wept scene remembered much missed comrade survive war also bare mind despite losing several million people seems people germany passing pearly gate obvious nazi go heaven br br plot dashing young pilot peter carter arguing life front celestial court much appeal subtext see matter life death highly political visionary film lament end british empire replaced american ambition little thing show film made people aware american history culture one ethnic mix america even today many briton think usa overwhelmingly composed white anglo saxon protestant fact american white european film rightly contains scene multitude different race confess american peter judged abraham farlan anglophobe first revolutionary killed british force american war independence special relationship britain america special relationship powell pressburger know history come britain america obviously know future br br remember watch movie mind past mind present strange beautiful poignant clever film would never ever work made last year imagine story set revolved around british soldier killed iraq,1
second film interesting previous one except suspense know going going happen even hinted screen pleasure come way various trick happen succession know dynamite car lose wheel car crash speak car happens detail particular discover film may baited dumb woman obvious come know already seen know dragged trap going get must discover worry get main trafficker another story speed boat match busy beaver river also know going wounded know bullet proof jacket day true recently discovered gi kind equipment iraq meaning film insistence hunting trafficker blindness see prohibition creates problem film constant perfect illustration value ever stand way moralistic crusade force evil simply legalize good properly observed surveillance something illegal pushed way le fun use forbidden restricted attractive br br dr jacques coulardeau university paris dauphine university paris pantheon sorbonne university versailles saint quentin en yvelines,1
exactly good thing said fantasy mentioned previous reviewer well br br bo derek extraordinary poetry inspiring beauty shot movie give even catherine zeta jones run money high compliment indeed nudity brief discreet looking face enough br br b greek island setting sun crystal clear blue water br br story dialogue abysmal time unintentionally funny touched woman peter hooten character slimy jerk bo overplays naivete character work dialogue bad unfair blame actor fact kept saying name damir almost every sentence major irritation oh although film set greek island hardly greek word heard apparently everyone kid old people speaks english whole time,0
movie truly show farce hypocrisy indian society try show one side story side story hidden emotional mental abuse indian child movie show br br indian parent culpable following destroying individuality child making completely dependent parent early age child grow adult physical look remain child mind since everything provided great indian parent child automatically feel need work hard something learn basic human communication human being apart parent br br b show many indian parent try prevent kid making friend going prevent anything start making grow adult br br reason selfishness indian parent expect child take care grow old saving reach age cry loud grown old dependent child since done great service bringing world taking care making intellectually weak br br indian parent age dilapidated body health financially completely insecure feel absolutely need take care since expect kid take care br br west opposite happens people start planning age retirement retire financially secure br br indian parent nothing sort since like said brought kid world better investment br br victim indian parent sure countless indian kid like grown physically still struggling life continue pestering year old cry loud help time br br movie show one side story utter piece junk,0
sure legitimate submariner would happily ship usos seaview yes so could play full court basketball torpedo room large bout bay window bow better see giant squid minefield appear nowhere mention colorful mess cook parrot shoulder admiral stateroom appears loft big bleeping sub br br ok ok never gonna win prize authenticity sub laughable plot even worse somehow van allen belt radiation hundred mile space caught fire going make global warming look like weenie roast pompous admiral nelson walter pidgeon along sidekick lucius peter lorre looking suitably uncomfortable hatch scheme put fire firing missile midst br br plenty intrigue sic along way born survivor little dog two dame never leave well enough alone passel red shirt expendable plot hole big enough godzilla walk thrill seaview chased look like mile per hour another sub need advanced sonar follow foot astern br br movie careen one cliff hanger another payoff anticlimactic pointless certainly worth hour minute wait br br technical adviser shipwreck must year old boy stack popular mechanic magazine worth watching riff upon,0
guy doll unique play based character sky masterson br br marlon brando high class gambler take bet nathan detroit frank sinatra one thousand dollar nathan need money br br run usual crap game make fortune bet sky able take girl havana cuba doll chose sarah br br brown jean simmons charge missionary sky finally bribe br br sarah enough go havana end falling love later accuses something part nathan ran crap game missionary night gone nathan year fiancé adelaide vivian blaine disapproves nathan gambling try stop however movie end end happy double br br wedding br br song movie wonderful matter sings marlon br br brando singing voice true could dubbed really matter wonderful acting job obviously seeing brando played character well seen movie jean simmons thought movie weakest one also br br sing however singing made frank sinatra vivien blaine stubby kaye vivien blaine stubby kaye also original br br broadway production guy doll vivien blaine terrific voice perfect adelaide like musical even advise watch,1
diego armando maradona still remains best football player game offered athlete artist documetary world cup forever live memory every football fan around world tremendous unbelievable goal scored country england absolutely point diminishing star although dont undersand spanish appreciate argentine narrator actually cry happiness barely express emotion anything wrote senseless difficult comprehend reader watch know mean,1
black candle rather muddled mess director brought u vampyres much later rest piece among others noting one seen rate couple making love somewhere near pin poised voodoo doll pierce man keel sure good either point fast forward man sister come house investigate hear reading something effect course everybody else except something happens devil worship really hard say moment movie get bit confusing time spice thing though simulated bestiality scene hope simulated black goat sure crowd pleaser ugh time echo rosemary baby minus baby hostess always giving one woman herbal tea place reek whatever nasty satanic herb keep getting remarked upon however herb thing reek film end seems back beginning many viewer might find wondering middle part unwatchable good guess depends like see film much anything much,0
st watched dir ewald andre dupont fairly lame account titanic disaster first filmed version much heralded event replication disaster bad drama around time silly badly acted way soap opera like story much recent oscar winning one except shown crew tried hide actual disaster occurring almost late good nostalgia purpose get feel james cameron competing barely recreation,0
sitting big wing chair huge book lap one bela lugosi look camera dreadful vocal delivery sound mocking reading shakespeare intones sloooow ly man constant groping thing unknown drawing endless reach time brings light many startling thing snicker startling seem new lugosi eye bulging raised eyebrow mouth sneering continues new sign age cue visual lightening accompanied sound thunder continues rumble astonishing second br br begin arguably worst film ever made movie almost defies description told semi docudrama style unseen narrator explaining plot story revolves around vicissitude man named glen ed wood jr cross dress hence reference glenda film real structure instead consists mostly random assortment vignette may may relate glen cross dressing motif one long sequence consists unknown woman wriggling sofa followed man whipping woman would today refer br br odd moment bela reappears apparent reason babble inane dialogue like wrong right right wrong pull string dance huh br br twenty percent film visuals consist stock footage accompanied vo relates story motif visuals hence see stock footage bustling city street freeway traffic thunderous herd buffalo playground full kid get worse film cross dressing consecutive second stock footage foundry furnace making hot steel consecutive second battle scene wwii br br even simplest item botched one scene see newspaper headline read man nabbed dressed girl underneath headline clearly glued pasted article tax one favorite scene screen woman spout airplane creator voice sound like inhaled helium br br except performance lyle talbot acting uniformly horrendous production design cheap looking drab gotta love tacky wallpaper editing sloppy background music suitable style elevator b w cinematography way much contrast costume look like something came thrift store br br film bad make plan outer space look like citizen kane comparison know one could make film worse ed wood glen glenda thankfully got bela lugosi every time opened mouth gazed camera big bulging eye fell floor laughing,0
take patience get david lynch eccentric change life affirming chronicle alvin straight journey stick though move slow straight john deere meet kind stranger along pilgrimage learn much isolation aging painful regret secret ultimately power family reconciliation richard farnsworth cap career year genuine performance sad poetic flinty caring sissy spacek match slow daughter rose pine private loss caring dad rarely modern film preached positively family,1
lady gentleman show begin documentary film structured three chapter one chronologically arranged first present classical physic link einstein second study depth quantum physic enters string theory last reveals everything theory difficult concept used introduced simple way daily object although must believe without checking scientist even scientist film masterpiece fabulous technique way produced really import story story,1
unrelenting non stop top explosive melodrama movie one worst action flick ever produced utterly unbelievable every way pace constantly fever pitched action actor gripped total hysteria nigh unwatchable stain nay blotch career everyone involved br br wildly exaggerated attempt excitement undermines resulting movie go come time setting event impossible take even remotely seriously rate abomination br br want see good asteroid movie see deep impact intense sensitive thoroughly engrossing everything armageddon,0
movie wife ever walked totally sucked saw omaha even funny look like year old kid wrote humor believe real politician actually movie awful,0
saw boring sunday morning morning well drawn fact outdoor movie hoping find nice scenery view limited go back forth spot hate using called hi tech stuff like motorola blue tooth headset using eliminate use walkie talkie funny look like amateur like advertising badly designed alien ware laptop could link satellite find people say tv movie ending bad look like cut short eliminating use rescue helicopter etc,0
every time watch show want turn curse maker wasting time week week dialog monologue rather everybody rant endlessly nothing becoming tedious example episode watched yesterday began seemingly unending rambling particular dish forgot pasta meatball perhaps always manages turn gilmore family dinner war second br br seems every time lot line absolutely zero content script use must enormous br br every something happens babbling stop suddenly wonderful silent emotional moment example week lorelai breakdown estate agent thought best piece tv seen long br br almost make everything worthwhile,1
great british film cleverly observed script many quotable line capture perfectly magic mushroom man weekend per usual phil daniel excellent along rated british actor geoff bell peter bowles joint hanging mouth casting masterstroke gary stretch brooding look brings something strangely atmospheric piece although seems billed biker movie think find audience outside purely premise lot people done got shirt also great original soundtrack blinding version freebird really could st century heir famous ealing comedy like weed welsh field grower,1
one beautiful moving thought provoking film around good family entertainment time make think hard issue involved every time see ghost zac riding bike puddle end help cry eye john thaw performance touching shame longer u gone forgotten outstanding film full mark,1
enjoyed every moment beautiful film intrigued female painter never heard set exploring life work afterwards could expected found film exactly historically accurate little astounded however negative comment film inaccuracy come guy film biography novel historical film distorts reality work art right film director fully entitled use element reality history create world artemisia wonderful film think brought many people including give negative comment explore life work fascinating artist,1
stuffy melodrama quite easily worst film starring ingrid bergman seen even luminous screen presence save insufferably slow meandering movie nearly impossible sit without fast forwarding lot br br die hard bergman fan others likely fall asleep suggest watch bell toll instead,0
saw sweeney todd broadway starred george hearn featured cast principal appeared national touring company production videotaped tv los angeles last night watched new dvd release los angeles production although owned videotape many year production performance could hardly better original tape age showed audio video quality modern standard even newly pressed dvd nevertheless still give greatness work george hearns angella lansbury startlingly wonderful performance even today memorable recollection live musical theater performance hearn rendition friend drip ruby brrr,1
like circle movie lead back point departure image crane crossing muscovite sky represent freedom realize life wish order aspire greatest possible fulfilment br br beginning veronica boris experience promise happiness eye follow path crane exhilaration seems might able live according dream br br man bird life draw rule human escape cannot change even making supreme effort war break without much hesitation boris sign front order fulfil patriotic duty cannot even say good bye veronica arrives late assembly point soldier sent away surrounded jubilant crowd attempt attract boris attention must inevitably fail br br boris eventually get killed war without veronica learning moment brother mark vigorous musician obtained exemption military service corruption eager take place veronica initially resists frightful night bombing finally fall victim charm marriage take place never accepted family br br soon feeling guilt seize hold veronica realizes boris return one thing actually longs therefore eas bad conscience despair self sacrificing work field hospital br br war finally crowd enthusiastic people gather order cheer victorious soldier veronica among forcing way wall body hand carrying bunch flower finally give away complete stranger one homecomers dashed hope confirming sad certainty boris death br br crane invade sky drawing wayward line veronica watching look eye different one accept impossibility live according preconceived plan follow guideline dream human nothing helpless puppet hanging inscrutable string fate br br,1
reading many review know movie people watching clearly one saw br br movie horrible acting primarily moore terrible woman cannot act nice tit act point come across actual character instead spoiled hollywood actress go beach play make believe boy br br movie ultimately hollywood make believe training sequence top politics top political correctness top combat scene guessed top mission get get without detected shoot many round make much noise possible course oh g jane wing man anytime br br premise good soon hollywood get hold end top gun tit br br expected commercial u film anymore much guess,0
hey expect form low budget movie although seen dahmer say following medium put jeff pretty accurate depiction studied jeffrey dahmer case learned man low budget movie show mentality serial killer get past gore see underlying story sick mind loved movie brace low budget blood story seen eye killer action thought childhood arrest favorite line bothered look back seat might saved lot life enjoy,1
think great many viewer missed entirely fact obviously parody western film br br bad movie clever tongue cheek take western believe film taking seriously moment br br make film even unique fact centered around strong beautiful woman two black one asian mexican hispanic character br br usual western woman tough draw fast shoot straight br br tough even bartender shaking pours whiskey br br plot move story along typical western vein shot brother gonna get western woman sister shot vengeance gang br br go round old crony bank robbing day br br one maria really interested avenging rachel sister motived fact gold jewelry hidden town headed br br couple scene quite make sense interfere much ignored wondered film could use little tightening well made film failed find audience recognized br br disappointment lesbian film villain heroine one obviously straight others sexual orientation never disclosed br br star,1
connery could bring particular style line like fatima crash bond arm water ski super agent nassau apologizes oh reckless made wet super agent reply yes martini still dry br br barbara carrera make great villain stealing show spectre executioner fatima blush fatima number spectre chain command gorgeous assassin take intense sensation pleasure killing br br fatima assumes deadly characteristic fiona proving one bond toughest adversary victim vanity good want world know vanity downfall using every possible approach eliminate fatima wild cunning woman make love man kill br br austrian actor klaus maría brandauer largo make formidable opponent referred number one spectre chain command largo resides bahamas travel aboard super yacht flying saucer br br max von sydow becomes fourth actor appear spectre chief ernst stavro blofeld plotting put world ransom br br kim basinger take part owned lovely french actress claudine auger domino mistress largo soon fall deeply love rescuer br br black actor bernie casey becomes sixth actor play cia agent felix leiter jack lord cec linder rik van nutter norman burton david hedison br br edward fox portrays new unsympathetic pamela salem third actress play miss moneypenny lois maxwell first barbara bouchet second br br valerie leon sexy lady bahamas fished blue water saved life making love room valerie sardinian hotel receptionist spy loved bond anya arrive seeking stromberg br br prunella gee shrublands physical therapist patricia saskia cohen tanugi nicole bond secret service contact south france br br gavan herlihy jack petachi u air force communication officer duplicate president united state eye print arm two cruise missile nuclear warhead br br rowan atkinson bumbling foreign officer nigel small fawcett alec mccowen algernon armorer provides formidable item br br like see connery playing tense battle will disguised masseur attacked robot controlled shark giving away considerable amount money tango dance thrown medieval dungeon miss second two unofficial james bond film,1
glad read many negative comment tritter plot everyone talk say thing like house gruff nature intelligence really dislike vindictiveness continuing plot cut real nature hospital story make everyone angry police authority need caring nature instead vindictiveness everyone hospital also seems many questionable legal aspect tritter actually alone cannot freeze account authority stop doctor writing prescription patient lot vindictiveness showing also hurting sick patient hospital good storyline portray voted episode awful story insert trittor piece turn rest plot get hurt people say hate watch story line anymore please change get tritter,0
ok dvd got new amazon mean think badass pretty cool flick melissa bale slutty bitchy girl pick hot hell acting suck whole polt suck clown huge guy wearing mask disgusting ok recommend like u wanted rent good entertaining flick hard day work u nothing else ur obbsessed stupid movie like watch sometime know artisan dvd c k dvd collection c k good enough owned half way decent movie company ok well thats,0
jonathan demme directorial debut roger corman legendary exploitation outfit new world picture rate highly one finest chick chain grindhouse classic ever grace celluloid beauteous rus meyer starlet eric vixen beyond valley doll gavin give robust winning performance brassy resilient new fish best persevere grimy hellish penitentiary always fabulous barbara steele offer deliciously wicked portrayal mean crippled sexually frustrated warden erotic dream slow steamy striptease front lady inmate real dilly longtime favorite b movie actress roberta arouser unholy roller collins delivers hilariously raunchy endearing turn cheerfully forward foul mouthed kleptomaniac felon tell gut busting dirty joke pinnochio lynda gold k crystin sinclaire tobe hooper eaten alive curtis harrington ruby make lively film debut uninhibited wildcat crazy alice ever cuddly cheryl rainbeaux smith lovely touching reprise fragile frightened innocent role lemora child tale supernatural br br although picture deliver expected ample amount coarse language nudity rape violence still mean typically crass sexist piece lurid mindless filth movie effectively explores many way men cruelly exploit woman strongly asserts pro feminist notion woman overcome obstacle band together group bravely face misogynistic oppressor one mighty fighting force demme zesty confidant direction come glorious abundance astutely observed incidental detail delightful moment engagingly quirky human behavior furthermore tak fujimoto vibrant cinematography john cale marvelously dolorous oddball blue score money excellent patrick wright sheriff mack uproariously awful cheap rubber monster suit creature feature howler track moonbeast sidesplitting bit jerky cop car stolen trio prison escapee stop gas station use bathroom lively rousing immensely enjoyable caged heat qualifies absolutely essential viewing drive movie fan,1
movie delicate argument searching something make think right tim robbins made wonderful job result kind docu drama shown school strong theme treated actor well simply great susan sarandon truly face love sean penn unbelievable almost always absolutely must see,1
yes movie hilarious acting top notch whole cast except shelley winter german accent great matter hardly film fan beware two main star film laurence harvey julie harris film see miss harris east eden james dean audio tape glass menagerie stage monty clift jessica tandy sure role boy impress hammy love ham mr harvey tickled fancy full time laurence harvey fan hair cackle omg almost like burt lancaster crazy messy look get better young innocent film see definitely top ten glad found copy mine unfortunately movie print hard find video br br btw watch hospital hotel room scene one best part mr harvey convinced ill trying get knee kick know doctor little rubber hammer well leg kick kick table squeal check look face innocent describe people say act well cockamamie comment see film see great actor really bowled afraid nothing hopeless,1
classic film noir homage chinatown roman polanski returned theme given greatest hit creepy psychological horror like repulsion rosemary baby deal paranoia claustrophobia generated apartment living br br claustrophobic environment one polanski best creating suffocating confined picture ever created emphasis side wall distant vanishing point greater ever even small number exterior scene sky rarely glimpsed tenant confined spatially also intensity focus protagonist trelkovsky played polanski every scene virtually every shot screen often camera becomes trelkovsky point view course almost everywhere look see reflection staring back mirror br br think film internalisation solitude one character psychological thriller like peeping tom manipulate u feeling sorry mentally ill protagonist others like psycho attempt depth scientific analysis mental condition tenant fit neither category  simply immerses u completely inside trelkovsky experience without demanding actually understand appreciate going inside head feel paranoia obsession even though constantly revealed u irrational br br polanski also master slowly unfolding horror film often horror ambiguity whether actually anything sinister going among effective frightening audience precisely unfold slowly invest much time painstakingly setting situation immerse viewer paranoia much later polanski horror ninth gate bit mess plot wise least still manages achieve creeping sense dread br br rare chance see polanski major role talent front camera good behind absolutely perfect meek trelkovsky another standout performance often overlooked shelley winter concierge actual fact rather stellar cast although many familiar face look place strange gothic european movie also sadly many french actor supporting role atrociously dubbed english language version br br tenant polished le pretentious repulsion lack suspense character make rosemary baby engrossing entertaining tenant good major flaw polanski really top form director among gripping work,1
directed diane keaton adapted book franz lidz young mother selma lidz andie macdowell battling serious illness self proclaimed inventor husband sid john tururro little lacking emotion department unhappy new home situation sensitive son steven nathan watt decides want stay two eccentric uncle danny michael richards melvin lou cutell mom well steven seems happier even take interest strange uncle living habit even decides want change name franz set early drama bit comedic change zany macdowell fan unstrung hero assures attitude albeit enjoyed film total waste,0
one worst film seen year storyline potential never realized actor poor choice considering screen writing talent wasted really wanted everyone dead quickly possible could get watch something else unfortunately stay end laugh murmur people moaning crappy booing england gentle moan crap look imdb see people given really cannot see people able give score must pr company working distributor hilarious set problem towards end film graveyard hick attack look dodgy scenery rock touched supposed brick wall blood effect waaaay ott film feel like everyone making spoof horror except director,0
well caught tail end film hbo final minute must say contains probably laughable depiction distance running ever put film serious distance runner dedicated fan sport sat many painful demonstration movie however nothing could ever prepared shown screen final minute movie literally defies belief depiction runner even ironic considering african runner completely dominate sport elegant graceful female protagonist shuffle along like overweight pregnant woman highly trained male supporter better well race alleged world class runner surrounded pudgy overweight people many walking find interesting director decided lead female competition yet near end shown passing people look like staggering along two broken leg believe amazing stellar athlete overtaken crippled person end race maybe director think female runner run faster minute mile obviously never heard athlete like paula radcliffe tirunesh dibaba br br even running fan astonished insanely inaccurate portrayal running movie watchable unintentional comedy note director next time decide make movie sport might worth hire least one person actually observed sport action,0
looking rent dvd come across movie called end game star james wood cuba gooding jr synopsis taught political thriller well worth look thought br br boy wrong br br end game ridiculous plot ever displeasure enduring something whodunnit really tear would like without ruining yet experience monstrosity question done earth get resource pull abundant following film unintentionally hilarious conclusion br br acting know film almost feel actor realised made terrible mistake signing movie show performance one accompany laughable script seriously flawed irritating direction recipe cinematic poison br br course make cinema reason allow living room appalling,0
hoppity go town discovers nothing bad news little insect neighbor lowland honest good natured grasshopper save sweetheart miss honey bee machination evil c bagley beetle also lead friend safe new home late br br one great animated feature new art time film created hoppity enjoyable film bring pleasure uncritical viewer technically well made animation generally high quality movie main drawback none character really heart come alive screen way jiminy cricket year earlier pinocchio br br however ultimately unfair compare fleischer studio output disney max dave fleischer star follow contribution would considerable one would realm one reel cartoon popeye betty boop series created alternate reality viable produced cartoon studio hoppity second experiment feature length animation gulliver travel henceforth would expend energy cartoon short subject fact first highly acclaimed superman series already release br br hoppity story owes great deal frank capra energetic go get em hero powerful societal force indeed film original title mr bug go town immediately put one mind gary cooper jimmy stewart capraesque adventure br br jack mercer famous voice popeye speaks two different character old mr bumble swat fly movie maven able catch veteran voice actor pinto colvig mae questel uncredited role br br film pleasant song supplied hoagy carmichael frank loesser little baby bumble bee familiar couple castle fine romantic tune deserves rediscovered br br unfortunate film initial animation sweep heaven past depth new york skyline obscured behind opening credit,1
movie one worst ever seen including anything pauly shore believe film could actually bad br br coolio single worst actor including pauly shore ever star movie temptation hit stop button movie huge fact throw trash button vcr would inclined press br br favor something interesting watch movie like watching grass grow watching golf tv,0
movie schlock despite lo fi production link troma production dark fable adult exploitation theme sugar cooky one wonder cast fallen prey said theme weird movie enticing visuals shadow contrast prominent definitely worth look especially fan warhol stylish decadence cruelty wickedness moral albeit twisted gleamed,1
baby big brother assuming hungry bottle nourishment diaper change screaming non stop many hour without care definitely stupid take baby safe place need br br road miraculously clear whenever anyone wanted drive somewhere uprooted tree fall road block br br imagine cop roadblock immediately following young person would crash especially said dangerous go br br said nice movie child could safely watch change,0
really much say movie crude fun br br plot outline imdb br br br br two loser milwaukee coop remer parker stone invent new game playing basketball using baseball rule game becomes huge success along billionaire help form professional baseketball league everyone get pay team change city coop remer team milwaukee beer team standing way major rule change owner dallas felon vaughn want institute br br br br acting pretty good since arn many big star movie although big fan southpark parker stone pretty good job first real movie br br many funny moment movie come close naming never really let try put cruddy drama make serious br br favorite aspect movie soundtrack great especially like take beer reel big fish underrated br br overall crude extremely funny movie br br james black wolf johnston,1
disney movie dare something different least awarded effort hole make mistake one would expect disney movie troubled teenager put camp first time event explained detail flashback scene really serve purpose present several mature topic may surprise viewer must admit first bit put seriousness movie soon realized endure moment see beauty story besides story movie also good job questioning method used correctional facility one example caveman forbidden teach zero read dig hole order build character like learning read contribute hole movie smart beautiful must watch,1
movie sam wife glorious peter falk equally glorious olympia dukakis would movie worth seeing instead paul reiser vehicle little falk thrown wonderful elizabeth perkins also movie hardly know presume reiser impression giant movie star need appropriate vehicle even galling reiser took trouble hire best woman character actress screen today shoved background dukakis show last minute screen glow story falk dukakis really subjected pointless silly preposterous road trip reiser get show cute precious oh deep psychological insight wrong instance restaurant scene imagine reiser hoped cassavetes like laughably false confrontation reiser falk patently ridiculous embarrassed falk,0
bought vhs film two buck waste money hey dig adam batman west tina giligan island louise hello third rate production rehash dozen biker film crazed bunch bikers psycho ride hick town beat everybody everything defeated man dashing hero adam west look part hero missing cape batman uniform sorry tina l look really nervous frightened whole show least know happened ginger rescued island lol bikers motley group known ever acted least hell rider hell watch,0
rarely make comment felt compelled spare others pain endured watching movie stupid implausible overall story detail simply suspend disbelief problem start early see government researcher tooling around new porsche dining team restaraunt look like castle overlooking capitol building washington c kind life government salary hah get worse toward end bad guy start killing good guy latter group act stupidly want die order cleanse gene pool special effect pretty good producer money buy lead actor great film screenplay direction moronic many people wondered whether deliberate intelligence behind paul verhoeven previous facially stupid movie showgirl starship trooper movie stop wondering plain bad,0
sleepless night switching channel found embarrassment movie thinking br br life remote control kari wuhrer salin wonder gone nowhere br br david keith take role pathetic br br anyway turned movie near end get much plot must best part nerdy college kid brings home dominatrix ish girl scene straight comic book cheap porn movie call mother anal retentive kiss father oh expect tongue great line br br see ended br br well course bitch hell helluva past swat team upstairs yes surround yes yes kid blow brain ahahhahahaha br br must see tv br br,0
favorite christmas special wish would release vhs dvd since rpm got lost cassette made also long gone br br even big john denver fan impressed music mostly traditional favorite muppet spin esp little st nick also contained little known song original br br even though done end show timeless feel hoping find copy soon,1
quality likely remember viewing big knife claustrophobic pacing sacrificed uniform texture dialog talky extreme modern viewer feel every point made movie still move viewer favor change scenery inert min mark sure watched two slow hour beleaguered response good god going feel like odets paid word br br good place note decline drama high point conceit laden project actual filmic merit rediscovered vanish get show offy conventional emotional outburst steiger lupino et al camera move pre arranged meet practiced blocking due rise method regrettable trend sacrificing every merit film grant actor selfish wish great acting ho hum killed thought movie br br jack palance forehead pompadour retract thrust forward every time reacts something disturbing br br awfully boring stuff,0
clearly rating suggest compare classy horror like argento low budget drive fare department truly classic lack money show anyone care much acting adequate rather professional make realistic unlike many movie low budget one drag moment crap may non stop crap face crap although inevitably bit campy time must see anyone idea talking time quite delirious crazy little film filled crazy character clearly made fun fun indeed watch,1
gender bender sex thing bit x file episode interesting premise good story ending wanting gender bender also x file debut actor nicholas lea better known alex krycek episode play michael man attacked one kindred need see episode see nic lea le spectacular beginning interesting thing kindred power seduction marty victim become turned onto however andrew seduces scully disoriented groggy become attracted andrew maybe marty experience andrew episode reminds would sometimes miserable film british columbia throughout episode wet soggy muddy could much fun despite disappointing ending gender bender still decent episode view,1
enjoyed asterix book film love film yes admit mix book film character brilliant people showing cgi left right centre already seen several time laughed sock br br course contains main hero asterix astérix obelix obélix dogmatix idéfix time someone new deal br br sense humour like gaul go bless em,1
particularly moved understated courage integrity l anglaise beautifully acted intellectually visually compelling film thank much monsieur le directeur rohmer,1
another great film critic love problem good movie br br film premise simple nine convict escape prison tenth one go crazy tell treasure br br first half lot slapstick broad second half character driven descent fantasy melancholy br br two half simply mix individual scene work well guy crashing friend house new filipino bride hilarious later scene big guy working restaurant tug heartstrings simply mesh br br movie well missing entire set ups one scene show guy desperately looking change deserted vending machine buy snack next scene whole crew drag sitting restaurant get dress wig crew includes big guy midget get clothes money buy meal puzzling drag clearly guy drag let face anything memorable witness big guy dwarf eating meal dressed woman mention big guy dwarf besides old guy everyone else seems blend fact wear matching white jumpsuit throughout movie movie little character development first half result second half really lack emotional punch often trying figure individual payoff scene br br speaking drag second half wonderful sweeping camera shot big emotional moment great symbolism make great film also excruciatingly slow make boring movie br br soul big disappointment review gush great film somewhere good luck finding,0
highly reccommend movie blur line childhood fantasy everyday reality seamless fashion seen believed actor director perfect timing one scene name calling fight becomes sort dance loved story line actor everything think one two decidedly cheesy scene movie impeccably done,1
read novel kite runner based wife daughter thought movie fell long way short book prepared take word movie good great good accurately portray havoc created soviet invasion afghanistan convincingly show intolerant taliban regime followed rate c first b second human story afghan american returned country rescue son childhood playmate well done count particularly told book far convincing movie exciting part film however kite contest kabul later mini contest california cannot equaled book wager money,1
surprisingly complex well crafted study first serial killer ussr set day perestroika intense piece brought full life performance stephen reah donald sutherland br br examination cicatillo killer well rounded hinting behavior right showing others subtlety compelling without overtly graphic weak heart however subject matter often disturbing necessary full development main participant fact based story br br hbo furnished u excellent film unusual manner congrats director editor great piece top must see list,1
exquisite film search bliss everyday life pacing camera work emotion haunting musical score pure charm picture make must see easily appreciated immature emotionally stunted flaw see film captured technically perfect film format deserved todd ao technicolor finest sound format available intimate film made seventy millimeter gorgeous italian villa effect inhabitant would rendered even lushly small lovely moment would even beautifully seen heard still demand attention sweet moving small film stop watching every time come satelite transformation character contained tight mistrustful always joy watch really recommend often br br casting perfect mood perfect acting reproach film middle age choice people make deep thoughtful without beating viewer heavy handedness watch one sitting let effect get perhaps lived enough something else wrong,1
honest pimped purple plane snoop dogg helm amusing visual gag would decent concept second commercial maybe minute music video producer committed age old concept comedy sin stretching second material hour half film result predictably lame remainder minute filled typical gamut racist sexist humor fart joke offensive worst painfully unfunny threadbare plot scream weight contrivance best avoided unless drunk stoned,0
considering star born made twice already time film came production latest remake freshness attributed fantastic chemistry entire acting ensemble viewer could forgiven believing kris kristofferson barbara streisand couple screen well incredible display pure affection towards one another br br film described past barbara streisand concert film set soap opera storyline however anyone enjoys watching film take beyond living room world character seem truly alive star born well worth hiring price br br incredible soundtrack flawless acting touching reality regard human emotion true frailty life star born film draw world esther hoffman love life john norman howard br br film anyone see beauty real love kind keep devoted person even break heart,1
okay grew loved doctor since tom baker christopher eccleston made love furious forever leaving br br writing grand acting superb directing dreadful old day fantastic skeptical programme watched merely forced huge fan love ringtone dalek screaming exterminate br br thing love new programme people actually notice rose billie piper disappears planet old show assistant would drop come home like nothing happened one noticed chris eccleston doc love rose romantic debated doubt love care companion destroy world save old show lacking often doctor care never saw assistant talk think like real people rose shown something outlandish new alien act like real person would gobsmacked never liked assistant old show never saw anything alien would fit right adapt instantly want see surprise rose face see plastic dummy come life give br br thing like series nearly everything happens earth london cardiff sort hoping world sort show eccleston left quickly really made show brilliant br br let thing go far enjoy series ever expected mind stuff set earth br br take show seriously fun smart entertaining super serious heavy duty show pure fun pure british get enough watch open mind put brain neutral enjoy br br p watch series later series brilliant first episode series good watch get love monster utter rubbish completely destroys show,1
people stated th season south park started trend leaving behind politically biting satire shallow spoof could truth br br episode spoof living dead series satire people treat homeless character say thing like pretending like u want human episode attack culture people ignore lower class often luck br br yes still satire also wonderful spoof could want,1
johny make one best style exercise making strong film good yakuza story election new yakuza bos beginning war inside organization br br opinion violence wise used context making strong gang film specially love way tell history moving around role inside yakuza family making see violence like way solve problem br br talking technical aspect film good example paused rythmic planified way shooting film one hong kong film year like infernal affair without easy action violence scene confused storyline strongly recommended asian film lover br br sorry english better spanish lol,1
normally glutton poor movie thing stunk br br watch movie br br terrible effect little humour hell point making movie gore speak acting speak br br could manage minute rat dropping movie rare br br something positive say drivel cover art ok pretty sure movie ending even tho make br br rat unorganized blew line constantly lacked intensity seemed going pace paycheque actor worse,0
worst movie seen year watch lot cable plot ridiculous scene thrown action start ending scene random idiot make scream plane special effect spielberg would laugh as horrible yellow eye contact lens cute though admin bear watch end scene great scientist bennett holding dear life engine body much sorry bad english romania first post sign make comment movie believe movie released,0
film really disappointed acting atrocious unbelievable actor story incredibly obvious group independent actor stage passion play turn start live life character play watching lot movie lately thanks netflix first one watched way long time felt need see end know end story br br seems modernization gospel either sacrilegious enlightening cannot speak raised christian church said raised u live increasingly christian culture curious enough jesus modernization religion better worse seen mel gibson version guessing liked one like except conservative wish better film br br lot review praise arcand direction especially cinematography liked neither film rather prudish preachy believe character persona never involved screen life play within play much dated would think carry weight real time production beside point really needed work would stronger development character plot support philosophical theological question film would like musical choice obvious unoriginal br br two example come easily mind firstly reenactment parable jesus driving money lender temple lead actor fallen woman play magdalene also model dancer becomes enraged must debase auditioning commercial wicked producer plenty panting men audience pant trash place chase guess level film wish reach romance two entirely arbitrary emotionally realized scene played like high school rendering death salesman e well please stop hitting head high handed significance relationship female lead priest asked play eventually turn betrays nowadays corrupt church sleep guy brings much pleasure little pain ah saintly whore lovable old coot seems enough arcand signify worth trouble enrich enliven character going motion reaching eject button br br feel free write bored jaded interested feel free watch movie see passion beauty sadness inspiration delivered amateurish gimmicky charade feel free preconceived idea affirmed see shred artistic integrity forsaken monotonous drivel say warn,0
docteur petiot starring michel serrault brutal story brutal man doctor heals sick occupied france even ability compensate yet prey weakest amidst populace imagery cinematography superb lend additional macabre feeling complex story perfect psychopath seductive altruistic intelligent caring calculating murderous movie certain forgotten soon viewer kudos mr serrault chilling portrayal,1
monkees surprisingly big favorite mine yes might original manufactured rock band gimmick certainly reached overkill st century however music hold best offer last train clarksville daydream believer believer stepping stone valleri pleasant valley sunday great song written good songwriter boyce hart neil diamond goffen king john stewart great musician songwriter likable screen presence plenty appeal stuff actually decent v show dated stuff still watch show occasion time capsule life magical dangerous time u history br br however know portent thing come like kelly clarkson monkees want considered manufactured puppet recording company despite average talent wanted write song produce album call shot came tour sadly turned disaster especially peter tork choice jimi hendrix opening act nixed due stealing show heavy sexual suggestion music compared monkees g rated content br br however final nail coffin monkees infamous motion picture head head written bob rafelson jack nicholson allegedly high mary jane film received poor review made box office today film cult classic ahead time delivers message mind youth summer anger br br head really plot basically one four monkees lurch scene scene without rhyme reason go eating diner seeing davy jones getting bashed sonny liston western sucked vacuum performing concert forth film basically offer oblique opinion wrong american society monkees bash commercialism war vietnam american policy censorship establishment greed read line see target derision br br monkees spend lot time boxed certain junction film symbolizing felt record company saw nothing toy play time record another hit album scene outnumbered western scene could symbol session musician songwriter record producer whatnot controlled career cannon fire way saying begone br br film truly psychedelic trip behold flashy tie dye color hypnotic concert belly dancing scene druggy imagery everywhere acting actually good biased like monkees v show small soundtrack feature porpoise song three song written monkees br br film actually hilarious scene occasion although maybe supposed mickey dolenz beating coke machine give soda violent punch ups boxing scene mean wiry guy probably weighed laughing br br movie absolute must see monkees fan think lot people feel movie indeed head obsessed society time find great time capsule,1
bought movie sight unseen sci fi convention got deserved something silly simply put movie implausible boring unwatchable br br bored disgusted lack plot development turned watch repeat mythbusters understand low budget move least looked like low budget move excuse horrible acting terrible plot even worse camera work look like something group college student class getting drunk br br maybe villain laughable plot something actually could happen real life respect law enforcement might become bad funny movie funny bad,0
nice see bruce willis come action throne let u see really talented actor shine film near year old image consultant totally lost touch inner child meet face face one rare film talk audience truly offer something whole family caring keeping child inside realizing grow exactly way thought would willis seems building impressive track record working kid witness sixth sense haley joel osment great chemistry spencer breslin nice photography music ending wonderful uplifting great film see every member family,1
thing worse surfer without wave film surfer without wave viewer love surfing film gigantic disappointment since total number minute surfing footage struggle reach three br br story slice life beached surfer waiting perfect wave wave j c sean pertwee aging super surfer flirting commitment girlfriend chloe catherine zeta jones find grown bliss woman love three old surfing friend turn convince hit beach looking monster wave bone yard trouble wave end film story dissipates meandering succession disconnected beach happening br br acting mostly mediocre sean pertwee comical moment mostly acting mundane ewan mcgregor decent drug dealing wild man far interesting peculiar character bunch probably funniest performance turned peter gunn terry turned corpulent body continual sight gag catherine zeta jones sexy usual character really enough meat show much acting ability br br really much comment rated real beach bummer,0
man navy comment indicated rare well filmed look navy lighter air lta activity lta crew justly proud convoy shadowed never lost ship submarine attack filming various na location give valuable glimpse type aviation long gone however first half movie beery relationship service pal meeting tom drake character mother getting drake leg fixed second film start second film mostly ltas action taking surfaced sub guy get killed much damage caused look fairly gritty realistic imagine shift southeast asia navy ltas never mind part really wild blimp used extract downed aircrew jungle jap shooting like mad shade vietnam except getaway oh leisurely blimp talking end feel good wwii drama unusual part war,1
hearing rumor upcoming leonard nimoy demonstrates blu ray disc advance past year ranging steady cam cgi interesting see franchise reinvigorated hope help remove bad taste left mouth whole magnavision demonstration fiasco br br yes leonard nimoy demonstrates betamax vcr brilliant milestone entertainment history tentative leonard nimoy demonstrates compact cassette downright tacky leonard nimoy demonstrates track tape would expected glorious piece cinema weeping right thinking,0
earth become dear ramu man made sarkar satya comapny refuse believe aag ramu ambitious project clearly jumped high cliff ascended giving industry greatest work time movie made fall like brick cringing leave theater forced sit able take car parking lot others also left else nothing would made sit beyond interval br br movie nowhere close sholay even come near within mile believe ramu surely love godfather sholay since sarkar classic piece work read ramu interview couple day back interviewer said ramu sleep hour day stretch completely agree lack sleep probably taken toll movie br br power performance amitabh bachchan even look scary looked terrifying poster wallpaper saw earlier ramu favorite nisha kothari fantastic job sarkar many dialog fact none remember clearly opened mouth movie found place history new guy playing jai role seems brash look manage jai role cant go im sorry pain big manage right br br promised throughout movie watch original sholay see still br br bottom line horrible movie medium critic going cook ramu goose remind reader one biggest ramu fan even cant spare act,0
love comic although problem fully understanding story  visual style unique dirt dust decay thought knew surprisingly understood main plot  extremely poorly decision made visual style br br mean really bad looking cg human actor close ups work horus egyption god successfully made cg close comic version br br think real actor movie could cult movie br br shame,0
first saw movie younger child sister told thought would kid movie however remains also incredible movie true subject behind movie ruff also true movie never stop touching heart br br first saw yesterday year later saw first time long time even knew ended knew seen billion bizillion time wept like teeny weeny little baby saw year back finally got idea seriousness film stoped watching yesterday change channel watched end astonished much still made laugh cry think believe mericals belived long time movie got shell opened heart movie impacting also impressed actor especially bobby wanting see movie first time suggest seeing alone tissue ready discover young sweet innocent side side still hope movie touched soul even time trying figure movie helped realize still want life,1
admittedly parsifal opera appeal everyone although favourite mine knappertsbusch particular syberberg entire approach static whenever music suddenly begin swell syberberg keep cast moving pace take amfortas klingsor endless whatever happened film editing result physically exhausting watch viewer never spiritually transported impulse rush home play recording confirm wagner got right syberberg got wrong set decoration clever reminder wagner anti semitism ever viewer film prior knowledge wagner,0
movie horrible see discus entire film greatest chase scene ever eddie dumbs milk tim get chased hallway eddie put obstacle jock way hilarious consequence like cymbal nailing trumpet player buy dvd watch slow best obstacle knocked mop bucket one jock jump proceeds slide ground door slide pick speed thus defying physic mainly friction yet lie behind door supreme steepest stair case school ever jock proceeds clear air reality probably would die broken neck defy concept reality make funniest noise ever made situation go buy one trust scene worth buck,1
superb star quality gerard philipe died way young leap screen witty funny sly swashbuckling comedy plenty sword fencing knockabout antic charmingly loopy storytelling impossible resist sweet romantic comedy young gina lollobrigida love interest movie one remember great affection,1
waterdance main character waterdance played eric stoltz find rehab center others similarly injured must face harsh new life confined wheelchair interesting promising premise unfortunately fails deploy ensues instead largely hollywood schmaltz interesting moment certainly cast eric stoltz william forsythe wesley snipe et al brilliant perform well one would expect talent wasted character mainly stereotype one kind another thoroughly unlikeable snipe character exception suppose kind attempt break people idea handicapped crippled weak depicting part face prick make entirely annoying experience admittedly show something permanent disability go way softened romanticized useful good idea process depicted make one difficult person get along worth dealing part parcel character must varying degree despicable disneyfied either surely middle ground somewhere film conclusion eric stoltz character come accept status handicapped person since flaming narcissistic monster beginning film end care le br br addition character problem film suffers weird syndrome many hollywood movie suffer syndrome really official name might call inexplicable forgiveness syndrome go something like character abuse crap without much apology forgiven especially obnoxious example movie breakfast club one character spends film verbally bullying everybody within earshot result love one latest example spiderman supervillain sandman lay waste chunk manhattan wail spiderman seems like monotonous minute waved amount bye egregious example ifs waterdance sequence called n word william forsythe racist biker character friend previous scene wesley snipe character whoop forsythe character next scene nothing happened short time hence without much oh yeah sorry business back know called n word make wonder people actually watch movie release film eye closed kind slap together editing room according scene number call day work,0
loved show used actually leave pub ten minute closing run road catch remember daniel peacock sketch gandhi newsagent masterpiece set design lighting world creating atmosphere felt actually living v unusual comedy br br unfortunately encountered one person apart reviewer ever knew programme existed fact thank imdb coming existence proving fact imagined whole series drunken haze seriously starting believe,1
friend give huge box laserdiscs flash gordon serial say gonna giant coaster say serial rock whine moan almost everyone knew find laserdisc player em br br really little everything serial lion men hawk men shark men earthman guess call em mongo men set costume combine greek roman oriental egyptian even armour like english knight awesome costume riot horrible tights short em worn zarkov beyond description guy furnace scene seem wearing boxer br br also funny way renamed octopus octosack orangutan orangapoid tiger tigron even dragon godzilla like creature threatens flash couple occasion killed br br like invisible man got covered like sword fight wrestling animal men fist fight plenty taste underwater city sky city city top mountain tonne secret passage cave br br hokey effect massive amount sky city supported radium furnace stoked like old time steamship rocketships powered firework constant backfire humming noise lot wire visible holding thing like food flash invisible course rocketships cloud space none around earth viewed mongo giant lizard show briefly fighting sea creature supposedly threaten flash co way shark men underwater city gadget dr zarkov lab crack seem one matter lab worked ming lab vultan br br yeah romance everyone want dale ming vultan flash least one person wanted princess aura prince baron person would preferred fact seems lot sub plot concern intrigue part princess aura try win flash br br man think character awesome fat horse laughing king vultan hilarious managed wing pure artistry ming say ming perfect emperor starwars ming got favourite character serial princess aura quite little character pulled nicely think better actress dale arden long shot even sneaky high priest distinctive role zarkov good strongest character always stood background fight scene holding dale get flash flash course strong point leader hero well crabbe good actor role fit perfectly br br watching think know george lucas got main idea starwars watch see mean br br ever considered watching old serial serial matter first choice reason give one story hole could fixed easily way giant lizard seemed tacked couple weak character king shark men king lion men,1
know want escavate moon real geneve debated project could lead make possible time machine say movie based fact future time movie scientifical project real hope moon exist happen movie movie saw original movie also read book book like though movie yes totally agree previous comment movie depressing unlike one good force one paralled future good movie,0
always enjoy seeing movie make think drip feed answer audience revolver one film although many reviewer stated difficult follow bit concentration open mind got first time true compare mind muck like usual suspect memento right intelligent thought provoking film br br another thing really liked film damn beautiful every scene every camera angle seems thought age see know mean br br conclude watch open mind may enjoy well one ever said revolver everyone cent,1
watching quintet unlike watching group people playing word game portuguese language understand get idea playing game watch closely enough may begin understand rule bother since clear join want chance br br director robert altman one beg audience like film let alone understand sometimes let slip picture part crowd like h nashville wedding film full hubbub orchestrated chaos one two body scene make much difference time seems resent fact someone might even watching film image three woman story almost personal monologue made audience one altman quintet altman seems purposely dare anyone become involved narrative br br depend altman logical expected sometimes thing make film remarkably iconoclastic sometimes unexpected daring dumb instance quintet introduced young woman apparently last person earth capable getting pregnant indeed child last ray hope decaying society almost immediately extinguished altman even wait end play last depressing card elaborate nihilistic pessimistic tale let u know empty meaningless life right bat brave maybe stupid definitely devoid purpose try build story rapidly melting iceberg reminding u pointless effort br br record quintet least claim prophetic story centered treacherous game played various bored character form tag assassination game handful people target elimination would assassin would victim two form alliance kill third die new target assigned whoever life win happens exotic inhospitable wasteland great extent extreme sci fi version survivor minus commercial plug faked reality br br bad concept sci fi epic post apocalyptic setting microcosm world cast pointedly multinational game trusted least long one really win literally cold war steely eyed director taste dark humor violent invention could field day mystery quintet game played exists game quintet metaphor life altman seems see nothing material chance show life empty meaningless game conclusion obvious untrue given lively albeit cynical nature rest diverse film believe altman belief quintet either altman faith material,0
st watched  dir robert elli miller emotional christmas fluff really get specific enough explain real story happened factual based incident man wrongly put jail trying get job family make christmas happen three kid family run away home trek washington c enlist president united state herbert hoover trek provides side story like positive encounter hobo puppeteer make story kind like disney animal run movie quite fit ending detail given president helped family another downpoint movie opinion movie eventually bring tear take long get movie supposed original tv movie according imdb obvious fade out make look way  sure information accurate simple movie could complex happy christmas like story blandly played without lot substance,0
ability enjoy ash time may depend expectation stepping theater even strident supporter seem agree audience split right middle appreciation unique film br br unlike hk actioners battle scene curiously kept distance happen rendered jerky style difficult make exactly occurring screen dramatic scene extravagantly beautiful maggie cheung brigitte lin roll call hk top acting talent chewing scenery wong kar wai early work dialog could precise br br short ash time requires forgiving attitude released around time wong kar wai spectacularly successful chungking express clear director confident working element martial art film anyone looking tense action likely disappointed intrigued director aesthetic likely find unique experience least,0
someone like chase scene really intrigued fascinating true life tale optimistic heading film many obstacle got way good story br br bad fan robert duvall many character played role dull one insurance investigator br br dialog insipid pretty kathryn harrold real garbage mouth read several director replacing film bad tell thing right story get involved treat williams portrayal cooper either fascinating movie also kind sad comment guy committing crime sort folk hero admit wound rooting guy br br everything disappointing complain scenery lush green forest oregon desert arizona br br like see movie made done better one kind story,0
haunting film boast really creepy house good effect work sound work cast seems believe everything around real house scene make jump sinister aspect went hill house past found interesting genuinely creepy moment film liked way ghost manifested sheet curtain house jerry goldsmith score gave right atmosphere sound design voice popping around wish could happened something little intense jan de bont pg rating contend think held back little much poltergeist scared silly saw many year ago still hold haunting could used scene pure terror ending little anticlimactic overall enjoyed acting good moment make jump wish scared,1
saw movie thursday night really boring day expectation rather negative movie ever watched jimmy american version taxi queen latifah ask seriously movie cute drew barrymore always sweet almost fell love fallon character meet cute nerd like movie like excellent simple sweet necessary sunday thursday even sport fan something american movie baseball fascinates probably fact sport norway br br first comment ever haha,1
widely unknown strange little western mindblowing colour probably material used johnny guitar guess trucolor something make blood drip look like shining ruby nearly surrealistic scene twisted action character something different far masterpiece paid attention little gem western encyclopedia,1
go open air cinema greek summer night usually care movie edison started really good good effort singer want actor great morgan freeman movie usually good start catch audience done bit boring yet story filling middle movie character le action done third part something really good remember movie see elite police officer packed weapon demolish building shoot guy behind car fail hit even kill guy take flame thrower kill rest realise greek summer sky filled star way good distracted movie like,0
recent boom dating show u television screen reached fevered pitch since first episode bachelor unsuspecting audience since subjected countless clone variation including bachelorette joe millionaire love money execrable married america hoping cash trend simultaneously tap exploit new demographic bravo unleashed disastrous boy meet boy upon world may mercy u br br premise simple designed light hearted eligible gay man courted number suitor eliminated show show one left twist half men actually straight much big deal inherent viciousness scenario kick hearing pay end show gay man pick straight man disguise straight man win cash prize gay man get nothing least nothing parting gift pat back hearty round embarrassed well thanks playing br br like equally painful queer eye straight guy another bravo program show another example stereotype run amok make even worse though fact straight men playing stereotype cash producer show believe put enough hair gel man hair dress abercrombie fitch pair designer sandal strip body hair fat voila gay equivalent putting white performer blackface offensive u like genuinely gay dress act like implies gay variance chance individuality behave like real people like stereotype never mind fact bank suitor sorely lacking kind diversity gym toned white look far scrubbed cleaned br br another example instead fostering acceptance gay dynamic individual capable variance change hollywood taken stereotype run way bank feel genuinely dirty watching show show gay man see unabashed parade soft core pornography masquerading legitimate television,0
film tapestry series portrait rom community woven together music much musician film paucity spoken dialogue dialogue important structure narrative might expect national geographic tale custom dress music plot line orbiting central character look br br paint portrait family people rather telling story individual plot story space india andalucia time cannot tell people need narration get sense joyous people strongly linked small community social interaction important great sense sadness part rejection society large br br paean rom culture beautifully shot wide spectrum rom music sting tail oppression people faced still face,1
third darkman definitely better second one still far worse original movie made one better fact bad guy changed durant brought back furthermore actually hint character development came bad guy family darkman made heart soften gave flick much e,0
rare come across film awful annoying irritating without doubt one worst film ever seen br br plot blur confusing pointlessly flashy editing ludicrous domino become bad as tough bitch gold fish died kid traumatic event left emotionally stunted hating everyone dialogue clichéd banal littered laughable line three kind people world rich poor everyone else one point bounty hunter guy tied back bus combination number tattooed arm confusing mobile phone call instead rolling sleeve reading number blow arm shotgun another point bounty hunter take bomb meeting arranged mafia threaten set bomb unless mafia let go clearly going meeting would easy br br keira knightley unconvincing dreadfully miscast mickey rourke manage salvage credibility mess br br enjoyed tony scott previous film true romance one could think suffering drivel must made complete idiot,0
along fernando fragata joão mário grilo abi feijó leonel vieira étc commercial director diamantino costa one best portuguese director lampião da estrela diamantino costa first movie made several successful commercial title starred one best portuguese comedian time herman josé josé pedro gomes great funny movie br br boa sorte diamantino,1
one question first premise funny engaging use taped interview take audio animate ite animal speaking part first interview funny entertaining begin even sure would lot entertaining viewed originally without turned cartoon add hilarity turned cbs monday night sitcom line become regular way relax stressful monday workday found course sitcom line would rerun anyway summer seeing episode would entertaining tried give cc chance really started figured well maybe funny nope kept going long half hour br br almost see purpose interview shown entirety point one line clip cut pasted together really quick like horrible dreadful version cartoon network robot chicken fan cbs cancelled sitcom class one half hour line would struggle came deciding whole season three episode creature let say take class considering couple hour since aired come see first comment guess good sign nobody watched last much longer cartoon roadkill,0
movie surprised thing clicheish technological element reminded movie enemy state starring smith part entertaining good mix jamie foxx comedian mike epps wannabe thug julio ramundo providing comic relief movie watch say wednesday night nothing else gave entertainment value,1
movie seriously awful acting worst worse student film super cheesy think worst actor old lady first thought well old movie remembered excuse seen older movie way better acting br br music terrible really choppy editing poor dialog sync br br overall movie even deserve watched bored movie hardly entertained laughable dead grandmother left pinkie toe could make better movie,0
viva variety unique hybrid program parody tribute program represented br br directly mock classic favorite sonny cher show thomas lennon kerri kenney playing divorced show biz couple somehow forced host program together female pair towering male constant barrage insult humor couple tossed plus sketch comedy bit performance kindly described specialty act br br hybrid mix fact fantasy course mr former mr laupin program announcer johnny bluejeans likewise equally fictional act performed certainly real even entertaining also act would clearly better suited old chuck barris gong show br br show really like extended sketch sctv borne mtv series state would suggest would better five minute bit mix program like one rather stand alone series viva variety certainly get high mark original concept even though often odd funny certainly worthwhile especially road tripped la vega brought even glitzier act perform unlikely ever see anything like television,1
every great gangster movie current human drama expect emotional story guilt retribution despair scarface tale ferocious greed corruption power darker side fabled american dream br br anybody complaining cheesiness film missing point superficial character cheesy music dated fashion fuel criticism life diabolical excess nothing life character really matter human level least fact film practically borderline satire ironic considering gangsta rapper positively inspired lifestyle tony montana br br brian depalma strongest directorial effort occasionally excellent well handled particularly memorable finale frequently sink sloppy misled thankfully supported strong script oliver stone probably good therapy considering coke habit tackling time theme consistent focus primarily life tony montana evolution character consumed greed power dialogue also excellent see sawing comfortably humour drama many stand line since wormed way popular culture one form another br br cast help make well really pacino film one earlier le subtle performance something much common nowadays world entirely separate michael corleone frank serpico yet watchable ever entertaining intentionally top form hard imagine another tony montana seeing film possibly one mimicked performance ever pfeiffer stood dull uncomfortable first viewing come realize play part bored little wife exceptional effort unfairly misjudged supporting player good particularly paul shenar suave alejandro sosa br br powerful occasionally humorous sometimes shocking continually controversial scarface one film eighty whatever might mean essential accessible gangster flick pop culture landmark,1
oh boy oh boy cover worn vhs picture sandra bullock name written top think reason chance sell movie ninety sandra bullock name bullock fan disappoint sandra thing watch movie performance call acting rest movie fun watch first fifteen minute bad going worse much worse directing awful acting awful script awful dialog awful action awful music quite good actually typical score eighty action movie movie bad go close anything andy sidaris ever produced bad proper word describe poor attempt movie still sandra bullock super cool sarcasm jake lamotta tried marlon brando br br think bring film dvd could cool write cover academy award winner sandra bullock hangman br br,0
pick one well needed brainer summer heat cover looked cool br br course known better really really bad movie get embarasing maker know bad try cover adding sexy beautiful woman sex scene well folk nt cut br br would like cool movie big reptile actually good well played funny go rent lake placid order,0
decide watch wild rebel expect anything deep meaningful looking film explores relationship structure motorcycle gang wild rebel wrong movie looking expose breakdown american educational system problem juvenile delinquency wild rebel wrong movie looking movie examines undermanned rural police department facing well financed well organized gang wild rebel wrong movie looking absurd movie filled scene scene unintentional humor horrendous acting paper thin plot community theater style production value wild rebel right movie br br wild rebel story luck stock car driver named rod tillman steve alaimo fiery crash rod walk away completely unscathed despite cotton pant london fog style jacket protection rod decides give plan future wander aimless back road south stumble satan angel motorcycle gang gang three stupidest guy ever zip leather jacket woman seem share group hoodlum spends time terrorizing rural town florida committing atrocity stealing newspaper neighbor mailbox bumbling idiot need someone act driver larger crime planned apparently three einstein drive vehicle two tire four recruit rod perform feat daring experienced stunt driver would capable like keeping car middle gravel road low speed chase eventually hold bank get aforementioned low speed chase lamest gun battle police ever put film could go forever get idea br br hate term bad good seems aptly describe wild rebel,0
jack webb riveting marine corp drill instructor webb play sgt jim moore tough fair marine whose job prepare young teen possible combat one could played role better jack webb former marine assure accurate film dealing basic training corp extremely entertaining,1
many negative review stay away joe stay quiet longer let injustice happen side heard yet br br elvis presley movie guilty pleasure simple reason perfect film pure relaxation think watch mean worry missing complex plot never proper plot start kick shoe grab beer sit back switch brain enjoy general wackiness catchy easy going rock n roll tune grooviest decade br br book stay away joe definitely fall bad good category like appreciate trash value ultimate camp experience bad almost surrealistic watch think possibly get worse surprise imaginable way end amazed new level stupidity know whether laugh cry nutshell love damn amusing generation actually made film like still give though hit bottom became instant bad movie classic,0
certainly one time fav episode trek much going one film crazy cool first guy beam alien planet thats explode meet freaky librarian type dude well played kirk manages get transported back much like th century earth mccoy spock try follow instead nearly freeze death frozen version alien world year past kirk manages get locked charged witchcraft spock enjoys amok time sexy cavegirl vanquished frozen awful world bad guy br br spock decides he happy he give mccoy royal assestment whuppin doc suggests need look way anyhow finally escape leaving poor cavegirl behind take ton convincing spock finally give leaf literally taste sadness end leaving cavegirl alone frozen wasteland seems cruel really touching spock must vulkin mind leave behind greatest hope love human albeit nice neighborhood br br anyway get much bang buck episode love story salem witch trial spock human desperation left total isolation abandoned three entirely different setting alien planet amazing managed jam one fifty minute film one classic miss want dvd fer shure vulcan,1
narrative  whether written visual poetic epic  generally try avoid may character reader viewer easily overwhelmed trying keep track exactly especially true film think simply cannot easily go back refresh memory cinema viewer like however problem see film dvd vhs br br year ago introduced audrey tautou french actress first saw fabulous destiny amelie poulain later long engagement finely crafted complex story large cast character earlier offering exceeds others way character complexity br br director used technique robert altman player short cut gosford park others paul thomas anderson magnolia stanley kramer mad mad mad mad world comedy almost epic proportion difference film first director let u see inside head character second scene repeated mean refresh viewer memory story flip flop different time period br br basic  core speak  story concern young woman irene tautou told fellow commuter train meet true love day occurs first minute film clever irony point irene realize young man opposite gilbert robin may one true love br br go separate way neither realizing potential significance close encounter however chaos result throughout rest day two young people rest character appear series cleverly constructed interwoven vignette seem going nowhere yet br br story simply could tend boring even quite predictable script director rip expectation host innovative scene commonplace turned believable extraordinary event allow two possible lover meet example next time bird poo sky drop onto book paper consider alternative two character make obvious choice must occur irene man destiny meet stone chip flying onto windscreen consider would happen br br interesting enough interesting assessing new man came along trying decide whether guy one irene whether fact young man train kept guessing br br let think see delightful romp br br recommended,1
supposed simple generic mystery plot involving dead philanthropist fact head ache inducing tale bunch character big actor ginger rogers early role trying find murderer among small cast resident posh apartment building character range utterly stupid downright mean cheap low budget production action revolves around rogers lead man guy care cause really sucked talking various possibility solving crime constantly cut absurd detective head butt honestly never worse time watching old b rate movie type seen real head slapper br br oh butler butler pay attention guy closest butler ya go br br polarisdib,0
firstly must admit good movie would never watch movie pacino br br movie publicist strange hour overworked dizzy sick sometimes regretful like character really boring minute may fall asleep understand pacino wanted part horrible movie money br br since avid pacino fan bought movie people know bought yet even think waste time,0
operative rule making film seems never make minute scene make minute scene principle set right start interminably long portrayal graduation harvard class point scene suppose introduce primary figure story give bit background somewhat effective comparing idealism harvard graduation ceremony realism life johnson county wyoming keep going going set stage film feature repeated stretch mind numbing nothingness made even worse fact found significant amount dialogue almost incoherent end even watch one sitting got half set aside couple day could drag back see turned br br reaction movie many way shame positive performance generally high calibre especially kris kristofersson averill christopher walken champion isabelle huppert ella basic story interspersed around ever present mind numbing nothingness potentially interesting focusing effort immigrant establish johnson county local cattle company effort stop killing number collaboration government military also absolutely breathtaking scenery shot said whole thing could frankly done half time end potential positive washed mind numbing nothingness movie seems revolve around seriously,0
one funniest romantic musical movie ever definitely worth renting buying especially taste older style cinematography br br animal song alone make smile watching movie definite must madonna fan,1
greedy sum depth movie rest baloney big budget window dressing movie rotates hiding ball annoyingly revealing much none potentially interesting plot tangent developed yet trite one hashed rehashed excess br br charm dd others pointed schizophrenia device humor woven fabric movie importantly acting enough wooden acting box attract giant mound martian termite br br biggest problem suspending disbelief mess glaring question would technologically superior power capable taking government need testing awful failure movie,0
movie called plan joseph smith think weirdness underappreciated playwright seems read paul ehrlich population bomb crafted musical response made especially mormon whole point play many child part heavenly father god plan anything stand way baby bad get br br version filmed confusing utah look feel like play actually written course theology part part battlestar galactica action take place earth pre existence aimless romper room annoying kid wait get body come try slam door missionary losing shot celestial glory br br stagey come let poor theatrics spoil appreciation demented mormon universe cool kid population control presumably counseling parent child big family time play written cultural norm lds community importantly considered part god plan church since done made family planning choice parent large family much le cultural norm making entire doctrinal premise movie modern day mormon moot br br ahhh really good music catchy tune let movie die death pre destined brother sister sing love song make wonder maybe something else going wink tough cool kid make new kid block look like metallica cheer gather family around make jell shooter enjoy show br br,0
wow amazing lost piece australiana lost glam rock film rolled one film warrant viewing simply see done next budget lot enthusiasm retelling oz story film border becoming obvious saved eccentricity chance glimpse glam rock manifested australia delight fan genre film used double featured rocky horror picture show indicator type film oz frivolous well constructed rhps hard fun oz br br surprisingly oz aged well perhaps product determinedly set real australia passage history show many idea explored would eventually enter mainstream willingness film give prominence gay character notable especially date revolution period australian gay right push br br performance range flinchingly amateur finely nuanced brilliance direction lacking subtlety much dialogue may benefited extra draft two somehow flaw add appeal film mercifully unpretentious much like australia film certain naive charm br br several connection original australian staging rocky horror show keep obsessive toe br br oz certainly minor classic potential cult favourite worthy review laugh atrocious fashion swing along ausrock soundtrack leave expectation door oz likely delight,1
dallas fort worth area lived arlington year movie way far making look like arlington saw mountain background one scene texas mountain guess happens movie supposed texas filmed canada accent also really bad gotten actor texas play part lot aspiring actor texas hollywood movie really sad though true story pray killer found convicted one good thing bc death amber alert help find missing child quickly abducted,0
completely forgotten midnight madness found surfing imdb coming back br br one naughton first movie well fox sharp eyed connoisseur also pick kaplan henry tv alice fiedler voice piglet winnie pooh cartoon blocker son dan ho blocker tv bonanza br br two stand mind furst animal house superdude eddie deezen furst play baddie time one best scene asks dad accept dad look obese slovenly frame give simple one word response yuck br br deezen well show latter day jerry lewis stumble around wade mini golf pond put melon half ear end maggie roswell fall hero br br film typical early stupidity college kid staying curfew going city wide scavenger hunt prove division student best campus jock nerd rich kid feminist group made little br br win care lot fun watching disney picture first foray pg territory creating touchstone picture br br seven star catch midnight madness way br br long live leon,1
movie fascinating look creole culture society african american aware two child product paternal grandmother whose father member gen de couleur libre black skin woman whose parent ex slave married outside culture cut family except one sister took pity brother plight raising child great depression providing family food whenever could course clandestinely aided family fearing ex communication daughter fascinated movie made part library,1
little old show first came first young child child show sesame street watch learned much else cousin born year year first one came latter barney big part watched first saw show told grandmother teach anything us magic fix everything time many year old idea really going tv show saw heard teaching barney told people bad show funny thing parent young child mid late way agreed said thing sad thing cousin older still agree saw cheating creative right think differently someone tell k steal person wont find mind gone let honest barney make money teach child anything flashy program inclined child watching child stupid educated know better second barney put show parent bought never believed tv could affect people way barney young child read watch show teach number let get involved show barney like smoking much smoke hooked let kid watch show hooked one day kid watch crap buy crap bought,0
animation buff must even general audience enjoy cameraman revenge early example pixilation hard working pioneer wladyslaw starewicz starewicz helper painstakingly manipulated cast flexible insect figure tell story paving way like willis brien george pal ray harryhausen legion modern digital effect creator br br cameraman revenge minute long pack lot amusing detail story follows amorous adventure two beetle home nightclub hotel cinema eventually prison cell two brief dance number nightclub performed frog dragonfly scuffle beetle grasshopper large scale donnybrook cinema end projector bursting flame pretty elaborate going even john bray winsor maccay getting started walt disney still grade school br br interesting note impact alteration silent movie title card story told seen two version film offered two video company watched back back although image content almost identical two different set intertitles tell two different story plot outline someone provided tell yet third story suggests another version somewhere british film institute print rhyming intertitles tell story two sibling beetle secretly married hide information one another order inherit late father fortune russian print tell simpler story married beetle guilty infidelity russian version mr beetle visit girlfriend gay dragonfly nightclub english version brother bill beetle visit wife music hall personally prefer straightforward spicier russian story bfi version try cram much plot simple tale rhyme bit awkward br br still rendition cameraman revenge delightful film would make ideal lead great animated work feature beetle yellow submarine,1
bliep movie fiend better script nice movie done till end thought okay going back past part barf corny waiting fairy god mother appear wow happen good br br loved big tom hank see movie new form another kid wished older bigger pasé br br watch till come tv get wrong,0
read review found comparison movie v real life eg take get music school britney bashing etc etc let focus movie message br br rated movie age range year family movie average adult male br br like pop rock music know britney spear never realised actually sang stronger read credit review recognise poster wall worried self promotion br br watch movie entertained care casting lighting producer director etc movie entertain br br watched movie message world greatest epidemic low self esteem whole story watched message mind area interest movie light bright breezy great kid found texan twang began fade throughout movie course many way convey give give message yeh bit predictable great message though br br movie great family movie bloke watching get hannibal,1
seen movie twice time cinemax first time unrated version soft core porn best second time trimmed cut sex nudity version entertaining typical beach movie sort way unrated version tremendous sex scene nikki fritz dude bottle oil world pun intended unfortunately trimmed version scene almost completely chopped sex scene rated unrated still fun watch sibling bigger star stallone sheen travolta etc trying act also get appearance b queen linnea quigley burt ward robin old batman series,1
kind movie u make people rent foreign film great story one person even retarded make person find reason empty life everybody learn george also show people mentally challenged suffer life show realistic way think classic foreign film movie bittersweet ending make better movie,1
movie tyrannus gladiator brought back dead summon tyrannus gladiator must brought back dead tyrannus learn hour also called demonicus add much needed depth screenplay call question assumption identity psychology br br spirit tyrannus accomplishes little list killing people saying repetitive phrase latin possessing body college guy us magic mind control helmet college boy willingly put head several point movie take put back br br maria performs oral sex poor man sean willian scott tyrannus wear rollerball glove tyrannus green backlighting reason apparently sitting next cg fire ancient concrete tunnel century like utter misfortune br br movie empty hurt see,0
love bad shark movie really laugh hysterically scifi channel marathon culminating premier new original picture hammerhead shark frenzy based preview looked like going highly amusing essentially remake benchley creature really prefaced showing shark attack megalodon shark movie hilarity best mood ready go bring hammerhead mad scientist man oh god movie wrong br br wrong wrong wrong br br sick twisted messed br br theoretical reproduction worst friend drugged girl brought suspended animation strapped table screaming head shark human hybrid fetus absolutely insane scientist deliberately implanted womb want jesus monkey call disturbing br br really plot work hmmm thought mad scientist son died cancer brought back life combining dna hammerhead shark shark succumb cancer hammerhead reproduce via placenta oh look perfect amphibious created next evolution human race know let make reproduce darned shark gene made son bloodthirsty instead raping hot babe keep sending little jungle paradise keep eating check among random people way unimportant plot twist ended research island woman son engaged died bet lead extremely touching heartfelt reunion woman going impregnate mad scientist indicates thrashing shark person tank sweet br br watch movie ever,0
rank way top list worst movie seen far starz demand seem pick every straight dvd crap fest find put br br know apparently anyone digital camera shoestring budget come horror movie get put tv honest looked terrible moment saw trailer give real chance br br always try open mind low budget movie best movie ever seen film worked around low budget case required low budget great br br one movie br br know plot sure reading either heard starz demand whatever reason ended page boredom pathetic whiny girl get know minute incredibly bad heavy metal music video whoever put together must thought looked really interesting really really anyway kill posse someone killing start really unmemorable completely average boring possible first gunshot go apartment quite seriously sound like piece popcorn popping best sound effect could come could find better sound effect use free copyright internet right br br let review claiming star movie fool obviously either distributor film maybe even director trying con thinking piece junk worth buying br br laughable,0
spent hour drenched film nothing ever seen come close delicious funk film left never mind female advanced aging dilemma human fear vault screen viewing personally engaging ninth degree film invests one undeniable shared feeling life enjoyed dalliance raw wounded gall deep within empowers mutually shared vestment history human encounter reaching far deeper pain isolation skewed view self others result forgives tepid forming bridge away muddy sludge dead must encounter birth finding real people happy pursuit effort realism intersects dark ground bankrupt culture,1
say think write spoiler alert reveal used f word lot movie like every two sentence like movie much hint sexual perversion sidestep cheating swearing totally window gave movie two point mira sorvino sexy movement dance floor,0
well hated knocked despised year old virgin little gem worthless piece trash movie favor skip admit like actor movie year old son showed cover dvd like like movie insistence decided give try unfortunately br br two minute movie turned offended disgusting decent person would offended filth movie call old fashioned shoving pussy juice covered hand friend face know got line decency opinion yeah putrid little film start imagine get much worse another real winner mr rudd bet proud punch imagine could get worthless role like get would stay movie despite pay br br known better next time,0
nothing really unpredictable movie solid flick respect everything acting cinematography solid perfectly linear plot line anything see coming perhaps tad melodramatic point fairly decent movie none le definitely worth checking doubt film rent weekend give go though may feel like running buying found quite worth,1
bird plane look disaster need look sky br br ok enough singer tried make romantic titanic like movie crash box office record failed sr structure dark restricted color scheme would call wishi washi boring usual dialog clown advanced alien technology missing fun magic etc make movie completely disappointing br br simply work br br main thing character like superman superhero core important thing br br love trouble sadly lost depressive supersoftie maximal facet long superman movie whole time br br superman superhero movie anymore like case bad boring social study every minute person fly around br br big difference br br movie joke holy skywalker superman give u supervillains superaction important thing superfun br br want entertainment singer want make long soul love trouble drama lost sadly people take normal human character make yentl remake br br say superman return supersadlysoftie stand door br br maybe singer tried kill legend without kryptonite one bad movie give plan sequel br br next time singer warner brother make superhero movie depressive superlame soap let superhero movie mean colorful fantasy lot fun magic br br movie like cheap chocolate box super cover yes technically sort yes lot small talk joke view action scene etc one worse piece common poor quality br br super boring patchwork one worst movie ever seen live br br ridiculous cast strategy cast young possible make sequel next year give rest kate bosworth play year old star reporter looking like superman full five year away slept year ago looking like daily planet reporter wroting spend night superman warner brother much br br routh bad playing little bit wooden whole movie wooden temporary good marsden sometimes posey rest forget even spacey terrain br br reeve hackman kidder acting easy fun difference br br jesus pose end ridiculous hell problem mean serious joke next time spiderman batman ironman fall rise like jesus angel speak god directly superheroes saving human life every day least one talk god every week possible oh god br br maybe real announced movie instead bizarre dull parallel universe br br warner brother superlame depressive flick possibly greatest disaster history money br br understand difficult maybe create transport message feeling showing lone lost sadly people new thousand movie tv show better old new one like magnolia flying frog impressive flying superwoman sorry superman course br br singer wb simply nothing fact even nothing like black hole destroys passion comic superhero movie steal u three hour life br br mr smilla little brother angry green like hulk,0
routine suspense yarn sociopath dillon give sperm clinic human reproduction start harrass life woman antony husband mancuso extremely predictable far fetched undecided tone way lose time one make baby instead,0
enjoyed movie ever since first saw theatre movie cast character script come together perfect synergy one character illustrate truth getting best people working together harmoniously building team achieving goal without ever preaching morality situation crafted well consistent movie opening premise tension build nicely humor clean consistent throughout movie manages pull right root character laugh pretty well way feel good movie good come br br amazes movie appears simple long term entertaining music perfect copy music typical serious post war navy movie help create humor point greatness eye beholder scene credit great music video navy deserve full screen special feature scene cut crafted well casting acting right br br movie classic great ever made without pretension fact lack pretension make much fun watch love guy gal br br day thought film wondered whether available dvd good fortune come u dvd came may headed store snapped copy wife enjoyed another hilarious night front big screen rated movie come together level far better many high budget film oscar winner entertainment br br listen fox home video great movie vault shame find cheap shot dvd badly degraded tint color year since release restore color present film meant seen gladly pay buck get picture right grateful copy give u eye candy film deserves recreating credit sequence full screen music video special feature,1
poor jane austen ought glad around see dreadful wreck adaptation many great jane austen movie come recently one deserves permanently buried along two movie despise man gray flannel suit version david copperfield main beef movie completely miss point book jane austen poking fun gothic mania society much novel tongue cheek movie however serious come across terribly melodramatically lighthearted fun poking flavor austen writing completely conspicuously absent ponderous foray iinto horror meet period drama scene catherine imagination gratuitous uninteresting also henry tilney dreadfully unappealing ask would anyone fall looking fun filled jane austen evening watch emma instead,0
watch film horror heart mother also crack head like michelle wondering michelle time find mother place scared scared leave see michelle act like made wonder sleeping time watched hope never bad mom want know matt tracy tear as worst scene watching tracy shoot old navy dressing room u never try clothes look like except michelle aid know get update,1
largely dense road movie comic relief provided excellent john cleese although really sending performance fawlty tower seems flip top slapstick slushy sentimentality drop hat worst part film martin hawn find etc see peril,0
know mouthwash commercial guy mouth full listerine whatever trying really hard keep spitting sink great metaphor movie kept watching even though really difficult keeping mouthwash mouth leave minty fresh feeling movie left bad taste mouth spit chance br br premise corny enough fun first time like thousand year gargoyle returned romania priest knew fight kill thing long dead michael pare secret agent get bottom thing gargoyle run amok unfortunately premise completely lost bad dialog le enthusiastic acting part human lead best acting done cg gargoyle br br end movie feel like poor man van helsing check brain door might get dreary monday night gave star,0
show exhausting watch two number drowned world substitute love paradise sit contemplate opening show go history visually thrilling madonna enters stage via gigantic swarovski crystal ball come ceiling huge screen behind show image horse galloping horse play role show due madonna falling one infamous scene madonna crucifix show huge screen count million number many african child orphaned due aid end website address come anyone interested donating go theme environment image politics religion shown interlude show start music love new york ray light part show one favorite dancer funny hand movement towards end music number song disco inferno mixed song dancer make presence known ending full energy show wrap tune lucky star hung hundred golden balloon fall ceiling end message confessed come dvd worth buying came soundtrack show added bonus jonas akerlund great job footage show keeping consistent style tour,1
read somewhere fairly panning review something live action mecha anime think right line first watched movie young dying see finally recently memory came flooding back think taken seriously bit good old almost tv movie fun set backdrop fairly dark future although point stressed much admired movie dialogue sound generic clichés predictable line good fun maybe time kind little movie still find appreciation mean perfect entertaining try anything let nerd comic store guy worry technicality care see make decision one else opinion matter,1
large scarred heterosexual male ex bouncer ex rugby player ex boxer love movie br br mystic river piece fluff room life fluff fluff engagingly shot well acted attractive likable people cleverly plotted full good dialogue even room br br biggest tom selleck fan good julianne nicholson love bald head freckle ellen degeneres kate capshaw even tom everett scott thing br br scenery nice mood upbeat heartache wistfulness farce even little redemption br br male reviewer dis movie shall say perfectly confident masculinity meantime continue catch bit piece without apology whenever show cable,1
stan laurel became smaller half time greatest comedy team laboured contract broncho billy anderson series cheapies many parody major hollywood feature laurel parody film mildly funny even le funny modern audience seen original movie laurel parodying fortunately mud sand lampoon movie still well known blood sand starring rudolph valentino blood sand released nine week parody giving idea quickly broncho billy movie ground edited distributed br br various source including imdb state stan laurel character film named rhubarb vaselino final screened print mud sand original title hobo type font report laurel role actually cried rhubarb vaseline e agree vaselino funnier laurel copy elaborate sideburn valentino wore blood sand made longer parody valentino dressing scene movie made female movie goer swoon señorita named carmen original film parodied caramel girl like sink teeth br br movie like original apparently take place spain yet prohibition gag laurel us distinctive hat tipping gesture could become trademark like hardy distinctive necktie twiddle never spotted laurel film amusing dialogue rhubarb vaseline tell matador save bull vaseline becomes successful toreador lackey tell bull without sir funny disappointed laurel reply without br br one funny moment almost certainly planned vaseline show bullfighter audition laurel swagger bullring say corrida querida toss bull fence land thump near auditioners bull obviously fake gag funny anyway aye title card joke throwing bull serendipitous moment occurs laurel repeat gag vaseline sling second bull fence one land butt balance upright instant toppling funny somebody planned gag quickie comedy salute unknown gagsmith tech man rigged bull land position likely happened luck director editor smart enough keep br br silent era whenever hollywood made big budget feature film set anyplace people speak english common cinematic device show piece text inscription local lingo dissolve shot text english surprised low budget comedy spent money copy device see notice board outside corrida message spanish dissolve text english unfortunately photography cheapo movie dark effect wasted br br actress movie attractive including broncho billy wife leona anderson stan laurel common law wife mae dahlberg latter briefly pretty dance mae danced stan vaudeville act surprised spot charlie chaplin half brother wheeler dryden brief role since chaplin nothing movie mud sand laurel give funny performance quite unlike later familiar stanley character film much le funny brilliant work oliver hardy rating trivia note twenty three year later stan laurel last american film bullfighter played spanish bullfighter spanish voice post dubbed coincidentally film used stock footage blood sand valentino movie tyrone power remake mud sand funnier bullfighter much,0
story line game jerky appears game writer tried find way justify character appears certain area world map tale soul said gripe game br br beginning fmv spectacular breath taking scenery interesting new device ability create design character martial art discipline even second story mode make awkward story design tale soul br br part fmvs tale soul also interactive decide fate character certain degree interesting feature br br many combination character create varied path explore tale soul chronicle sword story mode game keep beatem rpg fan amused,1
wasted minute life turkey gave main character completely clueless astoundingly unsympathetic humor blundering soon arrives germany screenwriter pull old one room hotel share room pretty girl stunt come least could let develop relationship bit first watch happened one night see right thousand movie since br br acting consistently third rate improvised dialogue left cutting room floor meander plan despite fact film telegraph relationship destination moment greta introduced br br first song boardroom mildly funny badly sung rest song well fair heard first half hour pointless awful singer painfully tune intentionally humorous sort way,0
fascinating downer would male hustler new york city forced live condemned building crippled con man extremely bleak examination modern day moral social decline extremely well directed john schlesinger never topped work superbly acted jon voight dustin hoffman pack quite punch overall yet fantasy scene played chuckle mildly intrusive mod drug party relationship develops two men sentimental yet filmmaker careful get mushy give picture edge might lesser director schlesinger originally x rated winner best picture oscar screenwriter waldo salt adapted james leo herilhy book schlesinger also statue,1
saw movie first came teenager time saw girl friend later became wife remember movie made feel possible beat odds cinematography well done memory serf correctly boy little much girl character interesting thought romantic might intro first time girlfriend seen movie since wander gone wayside would love watch see good remember elton john sound track excellent,1
steven seagal appears sleepwalking dreadful movie shot almost entirely close disguise complete lack budget resource pick technical flaw silver f f take carrier air strike miraculously become camouflaged f actual strike would give movie credibility deserves suffice say interesting thing movie credit title fade disappear lightning wipe presumably available user final cut pro putting creativity credit put michael keusch category marcel mandu,0
yes might historically accurate actually soldier th rota killed yes mistake exaggeration bended machine gun come history lesson afghanistan never conquered anyone educated russian officer would know history much better take example british campaign afghanistan yes multi million dollar hollywood style special effect strongest point showing soldier life relationship feeling best friend killed front eye opinion ya rota really good job showing thing br br movie weakness opinion appears one strongest russian movie past year br br,0
saw movie low expectation know lot sure going worth br br story ok job getting curious ruin travel suspense continues mayan show force stay ruin br br movie turn somewhat suspenseful pointless amount gore found movie balance compared whether truly necessary used shock value br br fact make attempt fight vine hell fire try burn try cut knife see could destroy quickly jumped victim role helpless attitude real reminded old horror movie people scream yell half brain try fight back,0
wimpy stuffed shirt armand louque blandly played veteran character actor dean jagger rare lead role join group researcher want find destroy secret technique creating zombie armand fall lovely claire duval fetching blonde dorothy stone us meek sap get armand colleague clifford grayson hopelessly wooden robert noland marry furious used spurned claire armand us knowledge voodoo get revenge sound exciting well sure starter victor halperin static non direction let meandering uneventful talk ridden story plod along excruciatingly slow pace worse yet halperin crucially fails bring tension atmosphere momentum hideously tedious proceeding mostly blah acting largely insipid cast help matter george cleveland hearty general duval e alyn warren irascible dr trevissant manage enliven thing bit welcome refreshing hammy histrionics drippy stock film library score painfully obvious stagebound set crude cinematography pretty lousy unimpressive well fact feeble excuse fright feature crummy even uncredited starkly staring eye great bela lugosi alleviate brain numbing boredom dismally dull dud,0
bother see movie probably rate award worst career move major movie star since clark gable laughable playing irish patriot parnell br br inconceivable bergman would choose movie director lucrative hollywood career could choose among finest script director offered time begin script work except note supposed believe polished bergman poor refugee willing anything released refugee camp including marriage poor italian fisherman even love read anna magnani original choice part made lot sense cast luminous bergman proletarian part since love director common sense flew window br br go live poor village men must toil extract meager living sea place obviously hate fit br br friend village priest know suited life poor fisherman bride tell sake love must repress true feeling revulsion accept poverty despair encounter day top volcano always brink erupting drowning hot lava like true heroine bergman revolt misery declaring war everyone else dreary film even go far trying seduce village priest scene would generate laughter pathetic since poor slob husband must lock room keep running away forced use body bribe married man take island sacrifice great man unapproachable willing help escape island misery bother tell end script movie ending plausible rest stromboli even remember seeing late night tv two different ending warned feel brave enough sit king size turkey catch miscast bergman led downfall hollywood next seven year condemned sleeping director still married peter lindstrom none movie made director later married noteworthy except proof career gone berserk kid pretty embarrassing br br soundtrack,0
wealthy widower anthony steffen alan cunningham sadomasochistic lover british lord brings sexy red haired woman castle whip murder black booted stripper erika blanc susie get away temporarily mr steffen haunted wife evelyn died childbirth therapy decides marry meeting pretty blonde marina malfatti gladys end movie dig graf night evelyn came grave great title least br br la notte che evelyn uscì dalla tomba emilio miraglia anthony steffen marina malfatti erika blanc,0
calling sciples grab friend hit theater see hell movie opening sequence credit laughing self breathless br br movie wild ride history bull crap list thing done chronicling rise power huge fan rage kage kyle gas jables jack black naturally loved movie br br help know show first cd funny hilarious vulgar lyric rocking rhythm massive amount pot smoking cameo outright insanity story line movie sciples newbie alike br br many song referenced two king tribute kielbasa many audio track like cock push ups every fan audience saying remember well new comer saying f ing hilarious highly recommend movie body ever rocked movie certainly high competition next spinal tap one best ever,1
screenwriter director intended open heart movie musician wanted music succeeded commonplace human situation became original personal immediate personally felt touched situation believe would credit power music combined point view person writing movie without spoiling say moved movie approach living actually cried joy empathy deep emotion long time would love find way show others saw seattle international film festival,1
showtime fall somewhere north critic saying little south expected month ago first heard eddie murphy robert di niro teaming comedy overall pretty good real life crime cop go plot matter pretty illogical duh comedy also special effect chase aerial shot skyscraper blowing present lower key schwartzenegger movie found bit tiresome overdone sensibility aside pyro techno hyper effect stuff getting really old past year seemed lame substitute characterization story engaging emotion hope lesser quantity showtime indicator trend hollywood trend downwards le use silly le use exploding building br br di niro murphy two favorite screen presence charisma even character depth joy behold many year dismissed engaging actor entertaining appealing movie put finger perhaps explosion excessive fx diminished final product perhaps perhaps something else combination factor give one sense movie achieve highest potential whatever showtime entertaining probably buy dvd come vibe nonetheless could least hoped br br good movie great movie gave,1
movie could lot potential certainly today technology one would expect real special effect movie made special effect alone course acting needed film lacked br br first let say upset following bible movie take artistic license want know story moses read bible seen movie follow true story fact fact look movie artistic quailities br br viewing movie inevitably compare version fails miserably heston brenner presence became role see br br even compare standing movie rushed part scene developed becomes boring br br advice skip watch campy far away better movie,0
watch movie truly good ride difficulty making indie movie happens blow film maker face lot stuff punk rock philosophy behind movement relationship project old punk american punk dig beware ton bad acting bit failed project incorporated yet come funny time actually best part listening people never involved movie making pontificate went three year period took put together anyone make film especially film school worked field watch learn film maker mistake,1
sure point making film looked made historical society shown local pistol pete museum first appears could beginning mad tv snl sketch joke punchline realize someone taking seriously story bad inclusion sas member seemed ploy worked get see film swear trailer listed every character film dead cowboy reason western fun atmosphere character brings feeling watching civil war rean actor dressed cowboy even worth digital video recorded,0
movie bad actually get funny one worst movie ever seen entire life funny thing trailer scene movie watching trailer would saved lot time actually showed everything happened movie except conclusion also obvious br br honestly hard think reason movie made bad horrible br br would give would possible nothing else say movie,0
holland gay writer gerard jeroen krabbe give lecture stay overnight beautiful woman christine renee soutendijk sex imagining boy plan leave next day get look picture christine hunky boyfriend herman thom hoffman decides stay try thing get strange br br big x rated art house hit u x rated let see strangulation full frontal male female nudity castration mutilation simulated sex scene church cross shock people gay sex scene crypt comedy paul verhoeven made spetters spetters attacked critic extreme sexual sequence denounced trash verhoeven filled film obvious symbolism thinking critic would think art praise right critic loved film realizing verhoeven playing big joke still great film br br beautifully shot jan de bont director much symbolism obvious hidden layer dialogue never bored acting great krabbe play thoroughly despicable character somehow rooting soutendijk stunning look play part perfection little smile give gerard agrees stay chilling hoffman extremely handsome great body deserves credit church sequence going krabbe crypt br br people easily offended weak heart like extreme movie playfully challenge like way,1
fame think best movie ever seen way funny dramatic make movie true loose end actually lot still think terrific movie funny thing happen audition beginning movie think hilarious girl try act j simpson towering inferno raul ralph go around every art department saying father great every one say dad danced rocket left ralph tap shoe rocket far know made woman tap shoe regular shoe bottle cap bottom also guy read line juliet romeo juliet play funny one thing movie turn music never heard anything like favorite song sing body electric second theme song fame irene cara great voice great actress like way movie focused many ethnic group showed kind people actually called la guardia school performing art movie showed triumph trial many young performer including angelo doris bruno coco montgomery ralph leroy hilary liza hard time made way movie could added another minute graduation still favorite movie matter,1
set near poor working class town mountain rural italy story madness landscape may quite picturesque madness herein concealed behind mask person seems outwardly normal person kill little child br br style tone film resembles dario argento famous italian giallos fascinating whodunit horror film except argento film much better looking still visuals fulci torture duckling competent interesting composition lighting lightning thunder rainy night enhances suspense one sequence wherein one duckling vulnerably alone br br one sequence gore bit overdone slasher film legitimate theme undergirds story theme madness take many unexpected form obvious delusion people practice voodoo black magic br br plenty red herring render puzzle solution difficult viewer assume agenda part director dismiss someone might seem suspect twist near end provides good misdirection however one scene midway line dialogue could added clarify relationship two character one murderer film finale take place beautiful mountaintop wind whistling background see flashback clue get insight killer mindset br br care film widescreen projection background music effective range jarringly creepy beginning low key jazz indigenous italian song acting generally average though couple case bit overdone br br though visually brilliant argento giallos torture duckling nevertheless fine film one contains thematic storyline enough whodunit puzzle interest viewer like thriller murder mystery,1
take say lightly seen many many film reviewed great deal print tell film single funniest scene ever seen movie might want listen lot diversity opinion make incredibly stupid movie funny get well blame much scene speak come minute mark involves dead convict shackled john candy point found film dumb confusing beginning lose scene came laughed hard peed pant movie ever done project began going berserk supposed sctv movie remember announced time went cast whittled john candy joe flaherty eugene levy also must regime change universal shot upon released shown nearly zero theater watching second time listened theme song actually flaunt incomprehensible plot lyric relaxed logic nerve figured going aside aforementioned routine going berserk many hilarious scene recommend almost stooge flick except much funnier director david steinberg razor sharp timing must laughing candy basically charge never funnier plot device explanatory scene thrown window absolutely run wild flaherty levy follow effortlessly plot plot like animal house plot yeah script uneven little slow start know however well appreciate full sctv style craziness transpires stupid stupid purpose need remember see see discover funniest scene time,1
brought philip larkin life way worthy greatest performance time one measured popularity show stark portrayal larkins life greatest unrecognized poet era exactly would wanted disdain canker medallion dramatically expose raw beauty intense sadness philip observation relationship mortality lay way seems missed even great philosopher anyone interested profound observation relationship life love death must,1
dean koontz book watcher one finest book read sadly movie sad caricature book disillusioned middle aged hero lonely spinster find meaning life converted movie couple silly teenager stoic security agent conscientious sheriff combined farcical villain get picture moviemakers taken moving tale love horror adventure converted z grade horror flick aimed poorly teen market br br buy book enjoy many hour reading far far rewarding watching movie br br,0
wife thought film watered made tv bbc version manhattan murder mystery good great story little inter character tension chemistry much plot woody allen character sort wanders around running mouth hugh jackman scarlett johannsson lot pretty disappointing must say ian mcshane role expanded cameo appearance br br first thing occurred wonder much bbc pay woody allen dislodge manhatttan must needed money must needed appeal expand audience beyond youth market drawn two star giving movie star instead unbothersome background noise ever want something knitting sorting stamp collection job pay rent,0
year since cartoon first aired actually watched seriously closely year adult look back serious eye watch episode br br concept cartoon partly homage classic looney tune also original show episode structured like old cartoon example singer attack buster exacts revenge singer concert exactly like old bug bunny cartoon ensuing cartoon similar looney tune different era look old looney tune awful lot stuff exactly like tiny toon old looney tune made lot social commentary parody celebrity impersonation lot corny period joke slang dialog comedy surreal wacky say exactly tiny toon well comedy styling spiritually definitely throwback classic done well cartoon decade prior show recognize cultural reference tiny toon roll eye something like come reason think looney tune corny alive back also looney tune original back day today cartoon rehashed easy perceive tiny toon unfair light due exposure current event overexposure cartoon general br br certainly difference many respect timing delivery obviously duration show two different style two different period done two different circumstance looney tune made adult theater tiny toon made kid watching tv even good job making original show original gag still paying homage patterning comedy stylings old looney tune br br since tiny toon lot time play genuine moment great animated inspiration look episode like minute baby plucky toilet episode many example one best comedy dialog exchange ever animated thirteensomething babs buster phone split screen hoping miss miscommunication spectacular notably character development episode several others usually one penned deanna oliver sherri stoner rather good female character taken seriously personality developed unusual considering opposite usually true cartoon period br br first modern cartoon lot pop culture referential self referential humor way ahead time tiny toon really opened door writer take comic liberty common cartoon today instead boring old crap endured kid yes loved transformer thundercats tiny toon totally jumped away breath fresh air bakshi new adventure mighty mouse may precursor tiny toon made surreal style comedy cartoon writing real success br br kid totally overlooked joke example one episode homage marx brother completely ignored teen newfound respect many inspired gag never noticed genuinely brilliant kind comedy make think looney tune family guy never noticed kind comedy kid thinking episode watched recently br br notice kind thing actually watched show unlike reviewer know unfairly judging seen episode thought thoroughly exposed kid adult br br tell awful lot care taken voice acting talking main character side character done really well creatively back main character main character brilliant tress macneille opinion best performance cartoon since rob paulsen also incredible stuff br br say show bad episode plenty lot mediocre one far certainly lot genuinely funny episode especially back first aired actually funny watch br br give show kudos pushing envelope breaking door leading new era cartoon,1
love bela lugosi get wrong one interesting people ever make movie certainly share clunkers another one br br lugosi play dr lorenz doctor medical license pulled unexplained reason however experiment keep wife young beautiful revealed year old yet lugosi look mid married old woman never really explained br br anyway treatment experiment involved giving bride altar married sort sweet smelling substance whereby pas thought dead lugosi assistant steal body way morgue take back lab kept sort suspended animation catatonic state stolen bride needle rammed somewhere body maybe neck needle rammed body lugosi wife bring back youth beauty never really see lugosi stick needle draw bride somehow restores wife apparently old age make scream pain lugosi wife lot screaming get back younger state helping lugosi lab good thing movie weird old hag two deformed son one son big lumpy looking slow acting fellow like fondle snoozing bride son mean little dwarf little person politically correct today world night three sort pile sleep lugosi dreary downstairs lab came lugosi scared assistant like lot stuff film never explained br br anyway female reporter given assignment gruff editor find stolen bride going quickly figure one common thing among stolen bride rare orchid found asks around told world renowned orchid expert living nearby happens one developed particular orchid expert turn creepy dr lorenz quickly track upset little house horror sure police came mop reporter done dirty work br br seems lugosi movie always sort unnecessary silly plot line made whole thing stink high heaven mean world famous orchid expert kidnaps bride sending doped orchid known developed oh br br later revealed young lady even bride procedure work would lugosi keep kidnapping bride heavily guarded church experiment create attention newspaper headline grab prostitute street like normal weirdo pervert would clunker reminded lot another lugosi stinker devil bat silly plot line bad acting silly reporter get bad guy deal br br lugosi always good creepy sinister enough keep interested least enough keep watching woman playing reporter terrible actor emotion whatsoever delivered line like machine gun spewing quickly could everyone else pretty much blew came good actor br br thing watchable bela lugosi fan lugosi always intense even picture dog must known terrible picture maybe also knew gave everything little intensity might shine past bad plot bad acting surrounded br br right horror fan always love bela lugosi gave every time front camera give two f k bela,0
approach film talking animal care every wonderful one like babe get equally poor one like dreadful remake homeward bound incredible journey case cat dog great idea film living potential heard paulie premise wisecracking parrot exactly fill confidence found film pleasant surprise manages sneak way heart without realising br br russian janitor misha vilyenkov tony shaloub get job research laboratory one day hears singing coming basement investigates find parrot cage singing little heart misha becomes fascinated bird especially turn parrot sing talk phrase either parrot actually make conversation br br parrot called paulie voiced jay mohr recognises fellow castaway misha wondering world wise bird ended dusty basement misha convinces paulie tell life story began baby care marie five year old girl stutter two became bird feather ok bad pun br br marie parent became concerned close friendship bird considered sending away finally marie nearly injured fall teaching paulie fly desperate reunited paulie begin long journey across america includes diverse number new owner flying great distance even ending behind bar cage br br paulie one number talking animal film released dreamworks late although afforded recognition box office success babe paulie succeeds quite level occasional work striking intelligence br br jay mohr stand style acting well suited part paulie never play part smug even bit smart aleck paulie worldly also naive way br br lived rather sheltered life marie taken away fend first time fall hand different owner make promise paulie reunite marie belief promise broken time br br paulie admittedly little episodic follows eclectic people paulie end slowly get brought closer closer marie first wind pawn shop adopted ivy gena rowlands kindly woman teach meaning manner sympathises paulie situation drive rv across america find marie br br paulie occasionally touching film scene ivy best wonderful moment paulie perched shoulder singing tom jones number way instills need hope great dialogue quite well written even thought provoking br br thing life put think gonna later real thing ivy taught gotta live like may later br br scene ivy pass away en route leaving paulie alone heart rending moment sequence pluck courage fly first time across grand canyon soaring majestically beautifully composed scene stay hour film br br despite occasional sad moment plenty laugh paulie fall group performing parrot spanish outdoor restaurant animatronic effect really excellent four bird perfectly choreographed dance number paulie even get romance dashed fall petty thief played mohr well may complaint soon get comfortable one situation film move paulie another br br scene paulie taught steal money atm machine funny little disturbing amazed dreamworks granted chance include scene kid film paulie diamond robbery mission impossible caught act shipped lab animal testing remained ever since br br story finally come full circle lab misha vow help paulie course find marie final revelation scene shocking intensity left numb several minute paulie may never get longevity babe believe equally brilliant film laugh flawless effect surprising intelligence br br minor gem,1
bad movie entertainment witnessing bad movie bad acting bad production etc aka mystery science theater quality love pacific inferno jim brown forever remembered one greatest football player ever play game actor forever remembered one greatest football player ever play game sure rolf bayer hoping year old directed perhaps may next spielberg making grown man directing year old could done better basis plot movie probably historical merit maybe even truthfully accurate actual film may one worst movie made american film history kept waiting lee marvin william holden charles bronson pop somehow save whatever face left film would loved red carpet black tie gala hollywood opening movie previewed movie many viewer laughing cringing breath dime dvd rack look entertainment value movie bad good pas,0
picked movie cover even knowing watched laughed hard one favorite movie time rusty guy created masterpiece would highly recommend movie one sense humor thank rusty giving u something laugh,1
man named jerry come possession ancient aztec doll however creepy little figure possessed evil spirit take jerry body push spill blood seen two horror movie dorm dripped blood kindred made stephen carpenter jeffrey obrow must say power disappoint either plot slow moving effective human goo effect little bit gore scene female tabloid reporter attacked arm come ripping mattress hoot liked low budget horror movie horror genre,1
huge die hard monkey island fan fugured one would terrible since ron gilbert make boy surprised although still good first two comedy wanted little nervous new graphic new scumm engine fact cd came together interesting finally hear voice favorite character especially enjoyed sword fighting returned whole story finding big uncursed ring incredible go ahead try two cd adventure rejoice monkey island escape monkey island coming really really soon fall,1
another attempt modern japanese director redefine chambara genre successful varying degree br br buddhist monk vision slay legendary active demon gojoe bridge order attain enlightenment forefront buddhist thought heart movie much like kurosawa ran probably made movie interesting although nowhere near ran league br br stylish visual direction excellent photography keep movie mostly interesting throughout two hour eighteen minute length lead actor uniformly excellent music really good two weakness story fight scene movie drag middle could fixed prudent editing fight scene mostly filmed blurry close ups work film finale feel like cheat another recent film like tsui hark seven sword great film promised fight scene disappointing asano really move like sword wielding demon acting great would extra traditional chambara fight scene br br good movie probably find interesting expect traditional sword fight,1
jack sawyer sayid swim boat find completely wasted desmond traumatic past experience sailing island disclosed flashback sayid plot plan jack surprise others case michael double crossing group john locke convinces desmond invade hatch protected mr eko press button computer see happen br br episode one best second season unfortunately lover lost see lack respect producer stunning series fan usa air date episode may therefore along period fan wait third season suspenseful situation jack group surrounded others finding truth michael death ana lucia libby john locked inside hatch without intention pushing button mr eko despair outside hatch hope fate lost better angel disappointing conclusion lack conclusion five season vote ten br br title brazil available,1
movie got one worst ever seen make dvd story line might clicked film funding writer would cut nonsense sickly scene highly caution parent story line like loose cannon thing drive thru movie maker one would sprung reminded lot quickie film put poor script writing filming br br sensible character whole movie bartender beaver rest film could easily made middle school child give film rating truly awful left entire family sense cheated advice watch,0
one word describes film bad idea movie even made got dennis hopper star film stuart gordon better director hopper much better actor film plain stupid like square pig idea interesting love scene involving cyborg avoid film cost,0
good example film spite low rating worth watching story engaging take long chemistry nicole kidman ben chaplin grab attention acting first class character represented well sometimes feel like director decide drama romantic comedy ben chiller portrayal law abiding shy englishman porn magazine hidden bedroom creates plenty moment laugh look nicole kidman eye offering john first taste intimacy long time time actor especially nicole kidman give comedy quite expertly dramatic slant,1
make brief joy watch may may effective character resembled real life counterpart aside minor observation found fantasy animal character enjoyable visuals stunning except second rate cg scene could left dislike computer generated animation anyways defeat purpose biopic one watch appreciate,1
massive fan book orwell certainly favourite writer ever since studying animal farm gcse bought dvd sheer curiosity burton actor hold high regard heard played role brien swung br br watched trailer dvd first fear started set mostly regarding frankly terrible theme song hearing eurythmics mechanically shouting electronic beat bad sound br br acting whole pretty good burton hurt play role well tension exists ministry truth towards end felt especially harrowing room scene however also movie let movie spends much time focusing love affair winston julia frankly orwell writing writing harrowing future ingsoc build man belief shatter name made love big brother movie skip essentially important part book winstons coming term position life world education via brien br br comment imdb moment state movie stick book completely incorrect julia present winston visit brien commit goldstien brotherhood confess crime obvious mention initial instance winston find article unperson get mentioned near end read book completely confusing br br terrible screenplay excellent acting cannot rescue michael radford seems completely missed point orwell trying make electronica sound track frankly terrible,0
italy produced lot really great original horror film certainly one first thing notice danse macabre style film shot beautiful black white due director antonio margheriti use lighting film almost look like could german expressionistic horror film coupled horror filled plot line ensures danse macabre film truly capture essence horror course fact beautiful barbara steele appears film harm matter good news continues film get flex acting muscle film made famous plot aware time released incorporates great edgar allen poe follow alan foster writer accepts bet poe lord blackwood spend entire night latter creepy old castle everyone spent night previously died hero meet previous wager taker br br nowadays horror film tend focus much shot result much beauty left genre refreshing therefore see film many shot incredibly beautiful female side couple wearing see skirt personal favourite shot smoke creeping door first antonio margheriti film even seeing one obvious one italy premier director also interesting fact screenplay co written another italian great django creator sergio corbucci plot meander little much time always enough atmosphere hand make sure film never becomes boring fact always intriguing even plot slows ensures thing way danse macabre utilises haunted house theme well done original help keep story eerie possible whole fan italian cult cinema want miss little gem,1
humphrey bogart clearly want film forced play part mexican would suspended believe made wrong choice presumably success dodge city warner tried follow errol flynn usual list buddy like alan hale guinn big boy williams frank mc hugh ever present john litel made huge mistake trying present miriam hopkins love interest flynn v randolph scott singer really make thing bad proved one thing cannot sing story bad bogie clearly miscast also turned poor western overlong low budget fairness color would helped,0
okay absolutely love ben stiller although lukewarm jennifer aniston think girl act least every movie sitcom seen hard get past fake acting sound like standing reading right script movie one good thing ben stiller plot used abused ridiculous many movie type plot say force nature plot old outcome predictable boring knew everything going happen bore watching stiller always delight,0
name frau main character german word woman know intentional sure got giggle german audience fantasy film festival last year shown br br giggle movie got aiming giggle horrible movie heaven sake horrible movie one meaning shame premise like wasted horrible even unbearable moment viewer definetely faint heart even necessary show thing shown even going moral obligation movie really kind task function discussion shown new low whole torture movement grown last year,0
three horror story based member transgressive hindu cult return home changed way first story former cult member insane asylum visited reported want find went cult somewhat slow going story told flashback two sit chair face reporter particularly interested lead death participant seemed rather boring suddenly turn exciting surprising twist story thing get quite bloody br br second story violent young criminal visiting psychiatrist mandatory therapy patient seems type agenda psychiatrist task thing slow bit get weird strange twist story well written surprising br br final story deal spiritual healer claim able remove person illness hand one patient former cult member successful healing get complicated surprised twist pretty gory scene br br nice female full frontal nudity well male full frontal nudity reason found story well written director succeeds entirely setting story surprising twist gory aftermath br br note review german dvd,1
extremely bad one long train wreck last episode something see br br bought serenity episode amazon unboxed first purchase free good thing experience incident br br comment really acting since guess fairly new people really gotten job right yet least never seen type major show theater tv easily forgotten br br special effect absolutely horrendous true exactly multi million project original star trek better thirty five year ago especially got laugh bad guy reaper something like ship chased hilarious looking firefly smoke coming engine looking something like gigantic model rocket fully expected eventually see wiley coyote riding top chasing roadrunner modern jet rocket engine even bad br br even worst wild west type shoot out wondering actually watching sci fi film gene autry one br br regardless hype waste time something minute disaster called firefly,0
even though one standard revenge price plot film favorite vincent price work gallico quality missing many horror film character likeability watch feel feel frustration injustice cheer go vengeance even though frightens little original fury film go character becomes tragic committed murder must kill cover cover one stomach sink soul go spiral like watching beloved brother turn hood even revenge story old plot device original gallico us trick kill inventive way shame one available home veiwing,1
well begin let say avoid movie br br cost based cartoon series movie make cartoon look br br like hamlet filled emasculated actor seem embarrassed br br lousy camera work terrible music enough product placement br br make want never visit yahoo movie really br br bottom barrel quote new yorker matthew broderick br br rupert everett mug way picture gay abandon br br men spotted rare specie paycheck distance br br pay u million earned watching br br awful,0
great character great acting great dialogue incredible plot twist plain language one best show ever seen life favor watch show regret show writes book sci fi,1
well take j simpson american soldier turned american bus driver decides rescue passenger incase one else going arte johnson absolutely straight role tour guide know want admit trouble combine lorenzo lama one three baby faced bad boy intend kidnap heiress leave busload people die dessert got action plot twist lot drama everyone good seeing lama baddest bad boy really blew mind much believable overbearing bad guy wanted kidnap heiress rape woman humiliate guy tried stop evidently long cultivated good guy image believe year old lorenzo tight jean really want miss,1
bill rebane capture bigfoot one awful horror movie ever made greedy sawmill owner harvey olsen richard kennedy decides want bigfoot captured cost however local game ranger dave garrett stafford morgan learns bigfoot used live peace upset geological expedition set protect creature nothing even remotely interesting piece crap film extremely dull filled horrible song cheap special effect gore suspense gigantic boredom avoid horrible junk like plague,0
happens one favorite horror film rich classy production boasting excellent cast ensemble actor beautiful location cinematography haunting musical score intelligent novel plot theme atmosphere dread menace reminiscent classic film rosemary baby shining wherein young vulnerable woman find victimized supernatural force old creepy building macabre past cristina raines play top new york city fashion model named alison parker happy outgoing exterior mask deeply conflicted troubled soul evidenced revelation past attempted suicide twice teenage girl walking degenerate father cavorting bed two woman rip silver crucifix neck toss floor second time married lawyer boyfriend wife supposedly committed suicide learning affair telling beau played suitably slimy chris sarandon need live year answer newspaper ad fully furnished spacious one bedroom apartment old brooklyn height brownstone building actually exists located montague terrace right brooklyn height promenade remsen street producer actually filmed inside building apartment paying resident inconvenience course real estate agent miss logan ava gardner seems interested alison take apartment interest cannot solely explained commission would earn especially quickly drop rental price month alison agrees upon leaving building miss logan notice elderly man sitting apparently staring top floor window miss logan identifies man father halliran tell alison blind alison response logical blind look moving alison meet resident building including lesbian couple played sylvia mile beverly angelo provide alison uncomfortable welcome building alison mental health physical well soon start deteriorate plagued splitting headache fainting spell relay concern miss logan sleep disturbed nightly basis clanging metal loud footstep coming apartment directly dumbstruck learn apart blind priest one lived building last three year summoning courage one night confront nocturnal tormentor arm butcher knife flashlight enters apartment upstairs confronted cancer riddled specter dead father us knife self defense come police investigate find sign violence apartment corpse blood nothing yet alison fled building collapsed street covered blood turn nary mark alison realize film denouement brownstone purpose put reason reason whose origin date back biblical story garden eden angel uriel posted entrance guard devil unknowingly primed prepped catholic church assume important role one guarantee soul damned two suicide attempt saved time invisible neighbor turn quirky oddball different agenda mind competent intelligently done film one surprisingly portrays church representative mostly sympathetic light,1
rented video slow saturday night first viewing thought funny took get used american caricature attuned british grotesque enjoyable br br watched next night really warmed character seemed human lovable even film one could watch several time get time however wife hated accounting taste humour suppose,1
aka bloodsucker lead dance br br lot naked babe one couple lesbo scene thrown film supposed take place ireland look like rome adriatic br br gothic lesbian get invited count island castle weekend one one seem missing head due madperson running around br br scary bloody room look like lit floodlight even though candle lit go figure sic br br dubbing worse usual plot serf excuse eroticism nudity directed euro horror actor alfredo rizzo one snoozer br br pretty boring,0
ostensibly story young child jimmy stewart doris day kid get kidnapped keep parent quiet know something plot assassinate ambassador unnamed country performance albert hall london br br movie rich hitchcockian incident friendly opaque frenchman seems grill innocent stewart doctor indiana little intensely merely idly curious later frenchman show arab disguise knife back whisper information murder plot stewart stewart tell wife doris day looking saucy indeed refuse cooperate police risk son life br br instead couple try track assassin buy get son back taking morocco hitchcock given u usual tourist eye view custom location food london hilarious wild goose chase involving set stewart staff taxidermy shop staff concerned guarding half stuffed specimen anything else shuffle around protectively holding carcass leopard swordfish course scuffle stewart manages save throat cut swordfish bill bitten hand stuffed tiger action boosted along bernard hermann bumptious score scene end stewart rushing door hitchcock end shot lion head gaping slammed door also running gag well done visitor waiting around couple hotel room london waiting thing explained br br two serious issue lightly touched one relationship stewart day rosy ought considered bourgeois ideal stage musical star year internationally known given marry ordinary guy happens doc understandable say nurse flight attendant almost woman international star promising career right delved edginess noticeable original version reminds little exchange joe dimaggio wife marilyn monroe returned entertaining troop korea oh joe gushed ever see ten thousand people stand cheer seventy thousand muttered joe former hero new york yankee br br second problem one allegiance greater social value one young son unknown ambassador put loved one risk sake national stability day faced dilemma starkest form climax albert hall solution opts allegiance political stability although motif problematic scream save ambassador life release anxiety overwhelming cf alec guiness falling detonator end bridge river kwai photography extremely good setting menacing even quiet street residential neighborhood london mid day stewart alone determined frightened footstep echoing gulliver street someone somewhere followed life danger hell everybody life street hitchcock pay close attention location detail make garden wall bonding brick beside br br director rare disagreement francois truffaut interviewed truffaut otherwise laudatory book truffaut argued earlier version man knew much lacked depth later version hitchcock replied seems want make film art house audience finally agreed version work talented amateur version work professional argument br br hitchcock pretty much near zenith,1
movie full pseudo deep thoughtfulness cloying writerly ness includes canned ham voice unbelievable dialogue dialogue tinny tone deaf way spike sometimes always writing certain character like nonsense film like piece april one hour photo another one br br said comment nothing ryan gosling shown awesome chop believer film prof movie director medium movie rotten fair say fault lie actor,0
average surprisingly tame fulci giallo mean still quite bad normal standard redeemed solid build nice touch neat time twist issue vision clairvoyance br br genre well known weakness full gear banal dialogue wooden acting illogical plot point finale go much long denouement prof rather lame shall say limp affair br br fulci ironic handling giallo norm amusing though yellow clue wherever look br br limping killer,0
currently playing german film festival australia thanks peanutqueen especially ariesgemini rundown actor ensemble cast br br australia movie sub titled english french movie often get mainstream release german movie still gather sort commercial audience like bmws mercedes german get right really like film like pq time went quickly lot laugh audience men woman moved speed dating line minute time br br many film overlong one could watched much sort character character development series given time read ariesgemini review reference actor liked work view keeping eye agree actor go onto bigger better thing good character actor fine film see program listed mockumentary mock otherwise felt real quite romantic way br br viva la deutcsh,1
reminds born believer going minister never actually thought would minister even graduate high school almost positive would raptured heaven would ever happen discovered christianity bunch rubbish atheist prof saved always saved doctorine christian tell u real elf true leave many year devout born believer yes really saved prayed silly sinner prayer heart br br christian read bible would discover god think like rape genocide abortion many atrocity alright according might surprised learn word rapture mentioned,0
guess first movie made aware term cult flick totally bad movie help like movie richard boone made better joan van arc staying late watching movie make think much one,1
saw movie blockbuster thought might good sunday evening movie nothing else bought used dvd although cheap money would better spent nail drive foot br br film started nicely kinda dark mysterious always enthralled vampire samurai movie kid thought combo would really cool first fight scene pretty cool excited rest movie movie took serious nose dive br br understand big hit east guess twin see though movie aside first minute absolutely horrible many movie genre potential great blow terribly another casualty br br jacki chan role film make sense whyyyyyyyy complete silliness probably made buck though br br cool thing movie sword use nice idea br br recommend movie anyone,0
tend get furious hearing lucio fulci reputation director often categorized talented filmmaker shock disgust entire audience image pure gore true film contain explicit filth sickness average mainstream american production film always wide range plot gruesomely morbid torture duckling yet another story film pure gem italian shock cinema easily dare call film masterpiece old fashioned giallo includes brilliant aspect genuine horror film show search inhuman serial murderer small italian mountain town body young boy found horribly mutilated quite lot pseudo madman town every trail lead nowhere among suspect greedy bum scary woman obsessed witchery voodoo like true mastermind fulci know find right creepy tone film portrays small town claustrophobic inescapable setting macabre happening supported giddy soundtrack fulci also develops genius storyteller script always one step ahead complex plot mislead word unique giallo horror slash murder mystery gore presented grotesque explicit lucio later milestone among legendary zombie beyond new york ripper although still nauseating hard watch shock sequence shown br br torture duckling compelling effective achievement lucio fulci ever brought forward easily rank among greatest italian horror movie ever made right next masterpiece made mario bava dario argento film fascinating start finish plot aspect alarmingly realistic tension adrenalin rushing time must see horror fan absolute priority italian shock lover,1
journey hope tell poor turkish family odyssey hope spiral downward despair travel switzerland search prosperity although oscar winning film fairly well crafted lacking substance many implausibility much film hour run time get bus get bus get boat get boat get van get van etc time could better spent left completely story predictable conclusion especially awareness common crime trafficking illegal immigrant worthwhile reasonably entertaining watch rated,1
drink water unbelievably bad film based broadway play woody allen star jackie gleason comic genius behind honeymooner director howard morris appeared several mel brook comedy life stink high anxiety silent movie made mark animation character voiced include gopher pooh jughead archie beetle bailey went wrong br br think problem premise played seriously work effectively allen original play tongue cheek worked broadway allen remake screenplay r allen harvey bullock beat premise death make many change original play making gleason wife airhead version headstrong woman original one example work br br acting much better gleason best material save gleason comic genius also fine actor demonstrated hustler soldier rain abrasive personality could worked lousy script even give chance bad estelle parson airhead wife drive nut minute see soon take want strangle also shame also fine actress turned two exceptional performance bonnie clyde rachel rachel none actor particularly well either br br woody allen hated film much remade film julie kavner marge simpson lead manage hit right note film comic masterpiece finally video long battle right go find version original good clearing unwanted guest overstay welcome br br star,0
strange fate people looking discount bin dvd retailer came across copy deadly instinct collector film either sci fi horror featuring alien monster decided buy mention fact cost five dollar  bargain believe viewing came opinion nothing special research internet discovered film actually called breeder remake tim kincaid horror flick menaced video store mid already seen appreciation deadly instinct grew following discovery br br meteorite crash lawn next private girl college sole teacher ashley played todd jensen  right guy get turned cyborg cult flick cyborg cop four year earlier notice student beginning disappear encountering black haired woman scarred face wearing kinky leather outfit investigation reveals alien creature hitched ride meteorite come earth breed using local womenfolk along local detective belief responsible disappearance ashley try stop monster br br original breeder directed tim kincaid would leave genre make gay porn sci fi horror film actually thinly veiled soft core porn film designed take skin flick genre fan belief one worst film made anyone would want remake quite mystery br br remake actually better effort low budget source film take basic concept alien monster trying interbreed human woman eliminates pornographic element fact film actually tame sex scene nudity even shower scene swearing violence kept minimal level gore may cheat gorehounds make remake film safe whole family kid scared alien monster brings film rating seems bit much br br tameness subject matter aside film fault script featuring good characterization number hole big crash meteor br br mad come review needed bad pun remain interesting br br anyway film setting one problem script failed fix  film set boston building look like belong boston something architecture right another thing college rather large building housing twenty student female course one class  art teacher relationship student janitor somehow escape attention principal mention cop one dimensional stupid real boston pd would good case ever decided sue oh meteor well chance meteor sent saturn check opening credit reach earth onboard propulsion astronomical include chance passenger meteor survive landing br br far acting go todd jensen give dependable performance heroic teacher late kadamba simmons murdered boyfriend shortly film came cut striking figure leather outfit well proving act visual effect run mill credit due filmmaker bringing u cool looking monster,0
seemed much appropriate title suicidal underling decided watch masterpiece modern bullshit br br erotic scary suspenseful well thought thing film fails br br however incredibly funny slow sound effect bad dubbing add make one greatest comedy seen recent year yet film even try funny one movie grand achievement becomes comedy without even attempting amuse br br throughout film old guy look amazingly like santa claus go around ploughing zombie smashing vampire ground made fail believe film title vampire v zombie vampire zombie fighting oh well whatever besides flaw rental title one virus sweeping america creating zombie like being go around acting lot like average tourist yet four zombie entire film another problem besides one shop everywhere deserted surely see zombie roaming wood background bit fact believe drove around circle forest since high enough budget film wider location director want waste precious time filming different area wood busy sitting trailer jerking bothered trivial matter br br fact director much fun enough time hire big enough cast even editor told eight member cast dress different people try act inconspicuous whilst assume changed name began randomly snipping film reel editing hard job anyway right reason movie found way bag somehow got confused freddy v jason strange thing happen way made though night strapping gas mask bolting skull avoid stink nauseating mess br br oh yes laugh end sure one lot lost sanity,0
long advertisement movie death tunnel although interesting history waverly hill sanatorium whole ghost theory interpretation ghost orb duplicate dust front flash camera ectoplasmic mist someone cigarette smoke lit camera flash see shadow people drew outline around blurry distortion image scientific explanation suggested phenomenon paranormal perhaps event one would see believe sure make plan visit sanatorium next vacation louisville kentucky,0
never understood appeal show acting poor debra jo rupp notable exception plot episode trite uninspiring dialogue weak joke unfunny painful try sit even half episode furthermore link show extremely tenuous beyond style dress scenery background used show seems nothing modern sitcom old unfunny clichéd script modern sitcom dressed depicting show twenty year ago hope gain nostalgic viewer something like happy day wonder year employ technique much effectively actually pleasure watch contrast horrible pathetic excuse show,0
creepy lascivious wolf young red wearing full make extremely short short robe got minute realized could pedophile dream come true beat music sound lot like something hear strip club actually think movie sick joke family movie gross glad watching daughter want think normal family view quasi kiddie porn together bad sad sold family film joey fatone probably embarrassed advertising special effect spectacular effect look low budget gawd awful,0
mother forced watch movie apparently watch anything vampire counsel bored throughout br br different point underworld rise lycans reminiscent spartacus battle planet ape passion christ mandingo reminds italian sword sandal picture nineteen sixty good one spend inordinate amount time showing greek roman despot robe talking plotting incessantly wait impatiently muscle man hero lover usually despot daughter something br br film desperate need color suspense character pretty two dimensional br br set looked constructed entirely pewter wonder many civil war chess set melted make movie br br wearing fishnet stocking arm black lipstick feel free click,0
really expect much night listener actually never heard saw cover videostore however movie effective come building suspension tension occasion drag little actually help keep wondering going happen importantly movie progress character played robin williams get dragged kind cat mouse spiel point becomes obsessed finding truth existence year old abused kid one seemed ever seen person night listener interesting story great building suspense throughout movie pretty much kept dark lying real however end kind disappoints live potential could really give detailed plausible explanation main character would helpful interesting,0
heck good time viewing picture splendidly surprised erudite feature first film undeniably cheaply made cardboard set limited setting creative scientific prop acting range poor two stripper barely professional herb evers leading man gothic overstatement leslie daniel assistant kurt first rate virginia leith title role headless victim alive benefit science fiancee lustful passion scripting though good dialogue fantastic movie ilk issue abound role science medicine life boundary film thinking film many way however fooled real intent sleazy story man obsessed aptitude medical science wish fuse together dead girlfriend head perfect body thereby creating perfect woman man best body soul one bright aspect film sax music resonates strongly every time doctor scour town female beauty,1
original le visiteurs original hilarious interesting balanced near perfect lv must candidate worst first sequel really good film lv everyone keep shouting gag work first repeated another time vague hope eventually become funny lv horrible parody lv except course parody inventive loved lv see film see lv,0
brand film like suit supply take away story cause supposed set eighty thrilling film also single intwine soundtrack bad chorus repeated numerous time like cruel man take away cruel man stay jeeez asswipes come something better guess wrote couple minute br br really annoying like product placement filmproduct cash controversy publicity around criminal celebrity like made forgotten like rat ought,0
think movie want u say end movie damn australian still know know really liked movie favorite movie br br great story great actor terrible end make cry say oh good still made really happened guy answer question br br mysterious movie good mark overall give going,1
film opened back legend met massive jeering disdain widely considered failure vividly remember ebert giving one star supposedly booed cannes br br apparently people understand movie hard comprehend since esoteric dark layered way still astound reading many review find even viewing year many element film previously glossed even without understanding much psychological underpinnings story still cracking suspenser even take escalating paranoia persecution overtakes polanski title character like tsunami wave course two hour running time br br examining source material excellent novella underrated novelist roland topor uncovers intriguing layer polanski trekovsky milquetoast highest order though seems first yet another mild everyday soul one gradually realizes one people seems aimlessly drift life letting direct seems strong feeling like dislike find gently pushed way never seems get bent shape regardless vague sort wishy washy ness noticeable novel movie hint early film br br making play apartment woman one mademouiselle choule hospital recovering recent suicide attempt appears daring thing attempted even effectively haggling price deposit bargain soon find however paying good thing way care find center maelstrom created building full neurotic control freak hypersensitive even slightest sign human life footstep night knock door br br instead taking stand though trelkovsky becomes increasingly alienated situation overtaken paranoia sense persecution becomes obsessed choule imagining like dressing like etc personality rapidly begin wiped away insanity br br anyone ever doubted polanski fearlessness artist well advised see film trademark black humor prominently sometimes embarrassingly display god bless make butt tour de force performance one richest riskiest gothic horror movie ever made people seen true crime,1
almost made fool going start review saying movie reminded billy elliot looked resume screenwriter lee hall find guy wrote billy elliot mr hall making fool br br bit cruel lee something aspiring screenwriter britain foot door previously written successful british movie award made money box office next give audience br br young jimmy spud life kitchen sink estate bullied school one love thing keeping going aspiration ballet dancer actually aspiration angel considering household may well ballet dancer macho waster father think ballet dancer bunch poof granddad say ballet dancer tough man could meet remember seeing bolshoi ballet yup ballet main talking point run british council estate day come think neither left wing politics seems sole preserve middle class gooders live nice big house right away everything set feel ridiculously false br br another major criticism film clue trying appeal often criticised channel broadcasting movie totally inappropriate time land time forgot example showed got spot considering story involves politics ballet dancing gawd hate lung cancer poverty way deemed suitable family audience since main protagonist year old child feature angel ballet dancer blame seem obsessed subject need refer much intelligent adult audience either br br course lee hall told script development stage producer write story featuring schoolboy angel flatly refused saying wanted write theme story apologise throughout movie get feeling film completed going marketed exact audience enjoyed billy elliot,0
plot film contains hole could drive massive truck reckon always top priority horror two elderly sister rural england keep brother cellar since year escaped started killing spree focusing military homed nearby thought best keep repeating  strangely  army officer love woman doubt sincerity even though men died know whether find revelation near end suspenseful tedious way film reminded arsenic old lace black comedy classic two half insane sibling mother goofy younger brother well yet killing old lady beast cellar mean le crazy though horror early film amateurish cheap neat attempt build tension many old lady talk good ol day though rarely something seek horror film appealing title flora robson may recognized classic film buff play one sister gave image queen england legendary errol flynn swashbuckler film sea hawk,0
hell saw matrix amazed spectacular movie ever made ever possesed wachowski brother film beyond br br plot argue basically film load talking get wrong problem talky film talking matrix reloaded pointless load drivvle would fight sequence lasted way long pointless drivvle another fight scene last long build biggest anti climax ever little bearded bloke talking load uncomprehensible bull minute br br also keanu reef give worst performance yet knew good actor beyond joke watch film order would seem got gradually worse went along god know performance like something gotta give keanu reef plank wood ever become actor br br splendor first film came massive dissapointment already seen first film suggest watch waste time utter pile turd br br,0
listen people ill give better review movie friend love jill johnson played camilla belle babysits mendrakis house someone break wondering got house went garage likely anyway listen worst acting amazing acting great story think benefit jill shes fast runner track team got alive lol br br cool movie quite scary check happy masterpiece listen people site good trust good reviewing movie future movie critic totally want buy movie see amazingly awesome,1
old man mouse cartoon would believe men created equally evil kill men order stop hitler bad hitler killing jew well buy mr mouse guess paint pretty picture make cute cartoon reality reality,0
movie really hoping idea make hashed together ineptitude first avp yet horror requiem far worse could imagined br br hope opening moment film inside predator ship almost breathed sigh relief finally saw predator home world throwaway digital matte painting still nice finally see course human poorly written character referred introduced br br one must wonder seems impossible fox make good film alien predator least supposed filmmaker could done homework br br character set manner would expect worst friday th sequel pizza delivery scene cringe inducing every scene character interaction followed bimbo teen non actor make real film make cheap flick alien predator movie good produced concept remember st alien b movie done movie strause brother really missed opportunity could rectified simply knowing alien predator root alien predator film introduced character part larger group alien refinery worker alien marine alien convict predator film generally follow main hero part unit predator arnold special force predator danny glover police easy see filmmaker franchise started go wrong alien ressurrection pirate something avp explorer gun course avp r teen slasher clichés identify concept idea convict returning small town war vet returning seemed set first blood type action hero like many thing never paid br br film making equally devoid rhyme reason sense forward momentum action small sequence build minuscule level tension interest cut away getting interesting taking audience movie every turn action scene though much ballyhooed trailer darkly lit literally impossible tell going fight scene finally occur basically movie hindered many level bad actor combined poor direction atrocious screenplay screenwriter noticed seemed hit every wrong note cliché untalented writer devoid idea could hashed together writing called even direct video quality demonstrate shred respect established lore previous entry series predalien sudden ability shoot alien embryo pregnant woman throat use incubator chestbursters likely brain dead screenwriter needed way alien predator fight given accelerated growth time even first avp quickly possible must meaningless small talk cardboard cutout stick meaning supposed character substitute real character development remember character defined say sheriff leading civilian cache gun officer law bimbo people know predalien wait predator slowly remove mask attack alien still falling nasty series post alien habit hissing time let prey know run earth series devolve character saying people dying need gun writer even work beyond reflects badly fox already destroyed artistic reputation like everyone involved making film suffered mental impairment really inept every level film making process br br effect pretty lousy time around alien look like men suit adi getting lazy creature design alien look like modified leftover alien resurrection bulky musculature around arm learn movie good design good one recycle everything shrouded state darkness create mystery atmosphere simply hide bad creature look like avp stan winston sorely missed fake looking predator face revealed br br many fault list say waste money movie fox beyond caring fan cheap trashy film clearly evidence felt bad taken girlfriend see though free apologized profusely one die hard fan done franchise br br note fox really wanted mindless slasher flick film adaptation original darkhorse comicbook better anything produced franchise post br br signing,0
kid remember watching visiting friend uncle phil back dinosaur story silly cartoon dinosaur called rex voiced wonderful john goodman tell little boy dinosaur story dinosaur came back earth live explains part thing brought back along friend doctor professor villain film think might responsible back care kid might like personally cheesy john goodman probably decent thing poor,0
