review,sentiment
"Recently, a friend and I were discussing educational and ethical influences when we were growing up in the 1950's versus today. She mentioned Samuel Taylor Coleridge, who, in 1798, wrote The Rime of The Ancient Mariner. Both of us had been required to recite parts of the epic poem in high school and in English Literature courses in college. My friend said, ""Its messages even might be called metaphysical within today's context."" <br /><br />We tried reciting it and only remembered bits and pieces. (I have problems remembering Dr. Seuss.) I said I'd get two copies of the poem so each could read it. That was easy enough, but I was extremely surprised to find it had been made into a film. We looked forward to watching the film to see how it had been interpreted. After all, The Rime of the Ancient Mariner isn't exactly light reading. After each had read the poem, we watched the film together.<br /><br />We considered the film a remarkable achievement, especially considering it was made in the 1970's, before computers, before the so-called ""Ken Burns effect,"" and before special effects too often began compensating for a lack of substance. Particularly noteworthy are the 19th and 20th century illustrations culled from ""lesser known artists,"" such as Willy Pogany, the early Hollywood designer. <br /><br />The film is narrated by Sir Michael Redgrave, whom had taught the poem when he was a schoolmaster, adding a tone of authority and credibility in remaining true to the poem. <br /><br />Its mastery is in the layers of subtle messages, conveyed without ""instructing,"" or becoming an oppressive and obvious morality tale. We found it such a refreshing change from today's 'in your face' and 'clobber them over the head' mentality. Most of today's morality messages in film are two-dimensional: extreme violence, murder and mayhem mark the bad. The bad are really, really, bad, and good are super heroes. It is as if human character lacked any nuance. The Rime of The Ancient Mariner is a celebration of the individual, of character, of an appreciation for celebrating all the richness life has to offer, within the larger context of humanity, i.e., man's capacity to give to others. <br /><br />Proud of ourselves for having found this ""unknown"" gem, we then learned it had won the top award in its category five out of six times at ""name"" international film festivals. Another surprise was learning the film's director, Raul daSilva, is a recognized authority on early animation, and authored six award winning books about film. <br /><br />This film's message is just as relevant today, if not more so, than when Coleridge penned the original epic poem and when Raul daSilva translated it to film. If I still was teaching high school, which I did for five years, I'd grab this one and show it to all my students. There's a level of richness here that naturally leads to discussion about the big and important issues all of us face, whether in 1798, 1978, or today--in fact, as long as humanity has a spiritual component.<br /><br />Highly recommended.",1
"A lonely depressed French boy Mathieu (Jeremie Elkaim) on vacation in the summer, meets and falls in love with Cedric (the gorgeous Stephane Rideau). Quiet and slow this is a very frustrating movie. On one hand, I was absorbed by it and really felt for the two boys. On the other I was getting annoyed--the film constantly keeps flashing around from the past to the present with no rhyme or reason. It's very confusing and pointless. <br /><br />SPOILERS AHEAD!!!<br /><br />Also there are tons of plot holes--Mathieu, at one point, does something that ends him up in the hospital. What is it--we're never told! Then he breaks up with Cedric and tells everybody else he's living with him. Why? We're not told. Then he hooks up inexplicably with another guy at the end. Why? No explanation. It's clear Cedric loves Mathieu and Mathieu is living in the same town so... However it is a tribute to the film that you really care about the characters so much. If only things were explained!<br /><br />Elkaim as Mathieu is not good. He's tall, handsome and has a nice body--but he can't act. His idea of acting is sitting around with a blank look on his face--all the time. Rideau, on the other hand, is great. He's VERY handsome, has a very nice body and is one hell of an actor. Also he has an incredible sexual magnetism about him. There is full frontal male nudity, lots of kissing and a fairly explicit sex scene in the movie which is great--most movies shy away from showing male-male love scenes. This one doesn't and it helps to see how the characters care and feel for each other.<br /><br />So, a frustrating film but somewhat worth seeing--especially for Rideau's nude scenes--that is, if you like good-looking nude young men!<br /><br />",1
"If you like The Three Stooges you'll undoubtedly like this 17 minute short. There were certainly some amusing moments in it, but like all the Stooges' work, this revolves around their particular style of slapstick comedy, and I have to confess that somehow the Stooges just never really did it for me. Their slapstick always seemed angry rather than funny, and even though it was obviously fake, their antics always seemed more likely to cause hurt rather than to cause laughter. In this short, the slapstick revolves around the attempts to find Shemp (who is a Professor of Music in this) a wife, because he's just inherited half a million dollars on condition that he marry within 48 hours of the will being read. One of his students is interested, but once word of the inheritance gets out , there's suddenly a long line-up of potential brides, and a pretty good cat fight emerges between them. Fans of the Stooges will enjoy. For me, it has all the elements that drive me nuts about them. 4/10",0
"This movie was an attempt to go into places most don't and perhaps shouldn't venture into. It was a similar trial at the bizarre, head-case perspective given to us in The Cell, although not near as in-depth and well portrayed. The plot is constructed simply with an initial campy feel to it. Then, as the movie takes its supposed ""dramatic"" turn, the plot falls apart on what few legs it had to stand on in the first place. <br /><br />Basically the idea is that of a kid (Chris McKenna) who needs money. He takes on the role of a hit man, killing a city accountant. Then he doesn't get paid for his work but instead gets tortured for several days because he dreamed up the ""brilliant"" idea of trying to use a backup file he had as leverage for payment. This idiotic move at trying to force them to pay him backfires as he is horribly and endlessly abused. He begins to go crazy (some very disturbing scenes). Then, thinking he has paid for his sins and can start over, he visits the wife (Kari Wuhrer) of the man who he killed and wins her affections. Soon after she discovers who he is, tragedy strikes, and revenge sweeps through the air as the boy goes after his torturers (Daniel Baldwin, George Wendt, Vernon Wells) for their previous ""kindness"".<br /><br />I got to ask though, what is it with Kari Wuhrer and horror/gore type films?<br /><br />It seems everything she has put out lately has been in this genre. Granted, I liked her in ""Eight-Legged Freaks"" and she was okay in ""Anaconda"". But despite all her obvious cuteness and allure (wow, she's hot!), she can act much better and chose better roles. Or maybe, I'm wrong and that is just a misconception. For all you guys out there, you get to see the ""fully monty"" of her in this film, although it's rather bizarre and short-lived. I almost felt like she did some soft-porn after watching this film (something not foreign to Kari's career). The sex-simulation is such that it has to make you wonder what things really go on during filming. <br /><br />Anyway, I will say there is some good acting. Just don't expect much of it from Daniel Balwin, whose career seems forever destined to second his brother Alex's. The film did bring out a few old greats though, George Wendt (Norm from Cheers) and Vernon Wells (Commando, Weird Science). Above all, Chris McKenna does the best job in playing the main character, Sean Crawley. His little acting experience and yet his believable nature as a naive youth, bring some elements of substance to the film. <br /><br />I wouldn't go out of my way for this one. If you're bored and are tired of the same old episodes of ""The Hitchhiker"", then I might advise watching this.<br /><br />And Kari, please start acting in some better films!",0
"I'm not sure what version of the film I saw, but it was very entertaining.<br /><br />I did not know who the ""Twins"" were (Gillian Chung and Charlene Choi) before seeing this movie and I think the English translation of the title is somewhat misleading.<br /><br />The martial arts are very nicely done. I especially liked them, because there was a lot of judo/grappling that was filmed very nicely. Donnie Yen (see him in Hero, great performance) as a director is great as he knows how to shoot these scenes.<br /><br />Everything seemed to flow for me, except there is one scene where the girls are on the rooftop fighting with bamboo poles. It has really nothing to do with the plot, but it's still entertaining.<br /><br />Overall, this is one of the better (modern) HK action flicks I've seen in a while. Although cheesy in some respects, it still pulls it off.<br /><br />Definitely a 9/10",1
"""Look, I know this may suck right now, but pain is temporary, film is forever. Whatever you do right now is burned into celluloid for all time and for thousands of years to come.""  Robert De Niro<br /><br />This was initially a film for Steven Spielberg, the director hiring several screenwriters to adjust the screenplay so that it more suited his themes. And so we have a dysfunctional family that is threatened by a deranged monster in the form of a recently released from prison Robert De Niro. Like ""Jurassic Park"", ""Poltergeist"" and ""War of the Worlds"", the dysfunctional family bands together to defeat the beast, the beast being the creation of the father, a lawyer who failed to defend De Niro during his trial. <br /><br />In typical Spielberg fashion, the father kills the monster that undermines the family and is then promptly absolved of his sins. Like Oscar Schindler, Robin Williams, Sam Niel, Tom Cruise and virtually every ""daddy"" figure in Spielberg land, the father reclaims his paternal duty in the kind of bittersweet coda that Spielberg so enjoys.<br /><br />But Spielberg eventually abandoned the picture and the project was instead turned over to Martin Scorsese, who at the time was seeking to try his hand at more commercial fare. The result is arguably the worst film in Scorsese's filmography, and, ironically, his most illuminating.<br /><br />An artist's failures or misfires are often very revealing, exposing the inner workings of their art. When the story doesn't work, the characters don't connect or the images don't sear, we find ourselves left with a kind of inner core. This  the remaining carcass- is what the director's cinema is about.<br /><br />Now ""Cape Fear"" is an impersonal film, so we won't find any thematic connections to the rest of Scorsese's filmography (""You already sacrificed me!"" De Niro yells, but the films themes of Catholic redemption are cookie cutter). What the film does, though, is expose the kind of language that his filmography hinges on. Watch how Scorsese's camera desperately whips back and forth, how he zooms frantically onto doorknobs and windows in an attempt to force tension and how his characters are all loud and screaming for attention. But more importantly, watch how the film makes no spatial sense. A showdown on a boat at the end of the film takes place on an obvious sound-stage, a street parade is claustrophobic and takes place within no larger context and the family's house doesn't seem to exist anywhere in particular. There is simply no geographical sense to anything in the picture, Scorsese unable to film space or create any kind of spatial environment. <br /><br />The reason for this is that Scorsese's camera always has to be bound, or intimately tethered, to his central character. For the world around the character to make sense, his camera has to be focused on the character. Resnais can take you around a French Hotel, Welles and Hitchcock can dance you down a street and up a building, Cameron can give you a tour of the Titanic, Scott can recreate an entire future cityscape, Lucas can give you an alien desert planet, and most other directors can create a sense of space by textbook ""close up-mid shot-wide shot"" combinations, but Scorsese can't do this. There's no poetry, no sense of tangible space in his films. He's all about the character. You break that tether, you leave that boxing ring, that taxi cab, you look away from De Niro, and everything collapses. He simply cannot break away from this very documentarian style of shooting, which, in a way, is a prerequisite for action film-making.<br /><br />Scorsese tried to rectify this problem with ""Gangs of New York"", where the space and the sets become the central character, but even this self consciously spatial experiment gets sabotaged by the magnetism of Daniel Day Lewis, the actor drawing Scorsese's camera inexorably toward him like a moth to a bulb.<br /><br />5/10  Even as a generic B-movie, this is an ugly, vulgar looking film. Look at the matte paintings, the inept attempts at tension, the silly rotorscoped special effects and hokey fistfight showdown. Still, we have Robert De Niro to pick up the slack. De Niro, who gives his body over to Scorsese like a tattooed Christ, gives the film its only great scene. In an improvised romantic sequence with young a Juliette Lewis, he sticks his thumb into her mouth and kisses her. A kind of symbolic rape, the girl runs away, both aroused and repelled by this man's interest.<br /><br />But De Niro's performance, so deliciously over the top, simply can't be imitated by Scorsese. You'd need the operatic tone and the baroque visuals of someone like De Palma to make this work. But Scorsese? Nope.<br /><br />Worth one viewing.",0
"A swedish splatter movie? Has the world gone insane?<br /><br />Probably not, but it's still not a common sight in these days with swedish gore-flicks, the b-movie business in Sweden seems to have troubles these days, long gone are the golden days of ""Rymdinvasion i lappland"". And this movie seems to have some troubles on its own: it's just too much talk in it, it still manages to be somewhat amusing mainly for the good FX, which are great for a b-movie. The script and most of the acting is still pretty bad though, but that actually don't matter that much, it's supposed to be a gore flick and nothing more, that's where it goes a bit wrong for some reason. There's is simply not enough blood to fill the void. <br /><br />Every person who know about Gert Fylking will have a good laugh over his role as a sgt. though. I nearly laughed my ass off. It's really that hilariously bad. <br /><br />Besides the good parts I've listed there's really nothing else to recommend here unless you're starved for swedish B-movies.<br /><br />4/10",0
"This is almost like two films--one literate and engaging, the other stupid and clichéd. It's really a shame all the problems weren't worked out with the writing, but considering how quickly most B-movies were written and produced, this isn't too unusual. It's a real shame, though, as this could have been a very good film.<br /><br />First the good. The movie is original and involves WWII code-breakers. This is pretty fascinating and I liked watching the leading man (Lee Bowman) go through his paces as a master code-breaker. In fact, the first two-thirds of the film was very good. But now for the bad, the film just went on way too long and lost steam at about 50 minutes. Additionally, Jean Rogers' role as the ""kooky girlfriend"" must rank as one of the worst-written and distracting roles in film history!! For every smart move made by Bowman, the idiot Rogers then stepped in to screw things up as some sort of misguided ""comedy relief"". If her role had been intelligently written, the overall film would have improved immensely! Instead, watching her, it's hard to understand how we actually won WWII!!",0
"-may contain spoilers-<br /><br />Clearly, who ever made this film must have had a lot of connections. I just can't see it any other way. What really surprises me is no one used the name Allen Smithee, and more surprising, everyone involved didn't use this name.<br /><br />Anyhow, where to begin. The bad dialogue, the crummy costumes, the sorry looking film stock, the unintentional comedy, the over-the-top characters, and more inconsistencies than George W. Bush's college career. I don't know what was funnier, the guy losing his arm because of a snowball, or the slow motion scene where all the baby Jack Frosts' were getting killed. Also, one of the great lines of all time was uttered in this film. ""How do we know it's him?"" Like there's another mutant snowman who can talk and kill people with snowballs! A great camp film, but a very bad film overall.",0
"I just discovered this film and love it. Just the right mix of fast moving story, entertaining characters, hilarious moments (but not overloaded with stupid jokes), and fun performances by Kelsey Grammar, Harry Dean Stanton, Ron Schneider, Rip Torn and more. Buckman is especially good, and I really enjoyed watching the guy who played Stapanick.<br /><br />I also find it interesting that they used a real submarine, the Pampanito, for the running on top scenes and emulated it almost exactly for their sets. The set decoration is really impressive if you do a digital tour of the Pampanito online and then compare it to scenes in the movie. They did an excellent job on this film.<br /><br />What a light entertaining and truly enjoyable movie!",1
"I haven't read the book of this and based on this adaptation, will not bother. I hated every character in this show - Miranda was slutty, selfish and mumbled miserably through the appalling dialogue, her sister was a total wimp, and this was the worst depiction of manic-depression I have ever seen. I have a degree in Psychology, and this was not accurate. In fact, until it was mentioned, I did not realise Troy was supposed to be bipolar - I thought he was a normal, slightly grumpy teenager.<br /><br />The only saving grace in this stupid show was David Tennant, whose brilliantly psychotic performance was the only thing that got me to watch the second half. <br /><br />Clearly the writers and producers of this show have not done any research - Troy's mental problems are not remotely accurate, nor are the forensics involved in the ""twist"" ending (and if you did not spot that a mile off, you are a big ole dummy!) <br /><br />Utter garbage.",0
"This movie is silly and very short of being a funny movie. Unhappy 'easterners' are not pleased with being out west; so they hire a drunk wagon master(John Candy)to lead them back east. Sight gags were just not funny enough to carry this one. And Richard Lewis gets on your nerves very quickly; but then I honestly don't like him at anything he does. Ed Lauter is hilarious as the bumbling villain.<br /><br />The movie was dedicated to Candy. He died from a massive heart attack ten days before the movie was completed. A stand in and digital enhancement enabled Candy's character to be seen in the final scenes. Candy was a very good comedian and gave us some real good knee slapping, belly laughs in his career. This movie was just not the caliber of his best.<br /><br />Also in the film, you will recognize: William Sanderson, Gailard Sartain, Ethan Phillips, Ellen Greene and Rodney A. Grant.",0
"I love Umberto Lenzi's cop movies -- ROME ARMED TO THE TEETH is my favorite -- and his DESERT COMMANDOS pretty much legitimized the Italian Euro War phenomenon by managing to actually be a pretty good movie. Give him guns, machines, some guys to run around talking tough and it's hard for him to miss.<br /><br />What a shame it is then to encounter his EATEN ALIVE and CANNIBAL FEROX. They could have been by anybody, really, and one watches them with a sense that he was under contract, was told what kind of films to make, was assigned a cast & crew and given a budget, deadline and script. Lenzi then went out and executed his films the same way that a guy at McDonald's fixes a batch of French Fries. Of the two, EATEN ALIVE is the more original -- which is kind of amazing considering that it features extensive footage copped from three other cannibal movies -- and easier to enjoy than CANNIBAL FEROX, though not much.<br /><br />I will let others outline the plot: What fascinated me about the film is how staged it all looks, and yet what a somewhat infamous reputation this film has as some sort of all-out assault on good taste. It isn't, though the film is an exercise in bad taste, complete with a title-earning scene where two of the pretty supporting ladies are quite literally sliced up and eaten alive by cannibals which is the film's high point. The problem is that Lenzi lets us get a good, long look at the cannibal feast scene and it has the convincing ring of a 3rd season STAR TREK episode complete with a fake jungle set for the really gory close up shots. And I don't know about anyone else, but if someone was slicing off pieces of my person and eating them I wouldn't just lie there and look distressed.<br /><br />My problem with the film might be that I have a lot of respect for Lenzi as a filmmaker, and again this could have been directed by anybody. All of your cannibal movie conventions are touched on but it never feels like they are filmed with any real conviction, other than to try and bully Ruggero Deodato out of the sandbox. The two directors certainly must have known each other and either had a sort of juvenile rivalry or an actual dislike for each other's work and a conscious need to upstage them. Lenzi invented the cannibal genre with MAN FROM DEEP RIVER, Deodato blew it away with JUNGLE HOLOCAUST, Lenzi fired back with EATEN ALIVE, Deodato blew him (and everyone else) away with the superior CANNIBAL HOLOCAUST, and Lenzi fired a last parting salvo with CANNIBAL FEROX, which is about as realistic as that Krazy Glu commercial where the guy superglues his hardhat to a girder and hangs in midair.<br /><br />This film is less desperate and a bit more hesitant to push viewers into the abyss with everything holy than FEROX, which remains as a sort of misguided attempt to upstage CANNIBAL HOLOCAUST. This one is more of a mish-mash, with an interesting jungle adventure crossed with a Jim Jones like suicide cult -- the cannibals seem like they were added as an afterthought rather than the reason for making the film. I think that fans of the genre will have a better impression of the film than fans of Lenzi's films looking for something new by the formidable director. It isn't as entertaining as SLAVE OF THE CANNIBAL GOD, adventurous as his own MAN FROM DEEP RIVER and certainly lacks the wallop of CANNIBAL HOLOCAUST. Combine those considerations with the recycled footage, stomach churning scenes of animal violence, misogynistic scenes of sexual violence and stagy, wooden methodology of film-making and what you get ends up being an OK jungle thriller with two or three standout scenes, and Umberto Lenzi was capable of so much more.<br /><br />4/10; Gore freaks will go nuts however.",0
"This film was the first British teen movie to actually address the reality of the violent rock and roll society, rather than being a lucid parody of 1950s teenage life. In an attempt to celebrate the work of Liverpool's Junior Liaison Officers the opening title points out that 92% of potential delinquents, who have been dealt with under this scheme, have not committed a second crime. However, this becomes merely a pretext to the following teen-drama until the film's epilogue where we are instructed that we shouldn't feel responsible or sorry for such delinquents however mixed-up they might seem.<br /><br />Stanley Baker plays a tough detective who reluctantly takes on the post of Juvenile Liaison Officer. This hard-boiled character is a role typical of Baker. Having been currently on the trail of a notorious arsonist known as the firefly and does not relish the distraction of the transfer. However, as in all good police dramas he is led back full circle by a remarkable turn of events, back to his original investigation.<br /><br />His first case leads him to the home of two young children, Mary and Patrick Murphy (played by real-life brother and sister duo), who have committed a petty theft. Here he meets Cathie (satisfyingly portrayed by Anne Heywood) their older sister whom he eventually becomes romantically involved with. It quickly becomes obvious that the squalid environment of such inner-city estates is a breeding ground for juvenile delinquency.<br /><br />The elder brother of the Murphy family, Johnny, is the leader of a gang of rock and roll hoodlums. McCallum does an eye-catching turn as the Americanized mixed-up kid, who owes more to the likes of Marlon Brando, than any previous British star. One is reminded of Brando's character Johnny from 'The Wild One' who led a leather-clad gang of rebellious bikers in much the same way as this film's 'Johnny' leads his gang.<br /><br />Thankfully the preachiness of earlier Dearden crime dramas such as 'The Blue Lamp' is not so apparent. Instead we are presented with several well drawn-out characters on both sides of the law as the drama of the delinquents and the romantic interest between Heywood and Baker takes the forefront.<br /><br />The plot, whilst at times predictable, does deliver some memorable scenes. The disruptive influence that rock and roll music was thought to have had is played out in a scene where Johnny abandons himself to the music, leading a menacing advance on the police sergeant. The most grippingly memorable piece of film however is the climatic classroom scene where a bunch of terrified school children, including Mary and Patrick, are held hostage at gunpoint by Johnny. Obviously in the light of the real-life Dumblaine Massacre this scene seems all the horrifying. Understandably because of this the film is seldom aired or available to modern audiences.",1
"Interesting topic. Pathetic delivery - script and direction. <br /><br />Our hero, Miles, thaws out and has his emergency world-first life restoration surgery. This is where the fun begins. The underlying issue is that Miles has NO SOUL!!! This is used to explain his quasi-erratic behaviour of being indirectly responsible for two deaths (I believe this to be the total number of deaths in 104 minutes). <br /><br />On the livlier side, Miles prefers the odd glass of brandy, blazing fireplaces and his young, maturing female cousin. The finale does indeed do justice to this film.<br /><br />Some thoughts: 1. Producer $$$ were parted with to create this tripe. J.D. Feigelson was the script writer and a (or sole) producer. Looks like he did not learn a lesson on ""how not to bring an interesting idea to life"" when one views his other writing credits. This will support the credibility of this script.<br /><br />2. Now available on DVD!!! This IS truly scary. Should be forever ""Bottom of the Shelf"" in VHS format.<br /><br />3. A re-incarnated human without a soul will default to an evil entity. <br /><br />4. The score offers minimal support. Not even an in-form Jerry Goldsmith could save it.<br /><br />5. Deserved the 0230 time slot on TV and a touch more entertaining than the infomercials + test patterns it was competing against at the time of my viewing.<br /><br />6. Thankfully did not spawn any sequels ala Wes Craven's ""Nightmare"" franchise. Chiller Too: The Return Return of Miles, or something like that.<br /><br />Despite my rating of 1, I still recommend this movie as a great example of how to kill an acting or script-writing career. This should apply to directing, however Wes Craven will eternally be exempt due to his sole good piece of ""A Nightmare on Elm Street"" 1984.",0
"The movie is good and I think Tiffany Amber is very beautiful. I liked the movie. Can anyone tell me how I can get hold of the songs from this movie? Even the soundtrack will do. If that's not possible, can I at least get the names of the songs with their respective singers? I tried to look up amazon.com but its not there. I tried CD baby, not there either. I browsed through Google to get some details but there weren't any. I would appreciate it if someone could give me the answer to my question. I know that the songs belong to Country Music and is sung by a country artist. I just need the title names along with the singer. I would recommend this movie or rather the songs to any country loving person.",1
"This movie is more deceiving than ever, using a suspenseful looking actor like Walken to play in this piece of junk made it look like he had nothing better to do than play a boring role like this one! And the fact that the movie was supposed to be about some witch and you really don't see that until almost the end of the movie but meanwhile you have to sit and watch this boring film while it gets, or tries to get to the meaning of the point and you have to go through this whole trail of boring actors and actresses thinking the whole time of how you passed off another movie and decided on this one and how you have just waisted your money just makes the whole point of time useless sitting there. I'd rather watch cartoons for goodness sakes. Leave this one alone,please!",0
"These writers are trying to re-create the characters they have on ""scrubs"" in a different occupation however the characters they are stuck with have no charisma or acting ability not to mention the writing seems poor and effortless. These guys are trying to create something that would be good if the writing wasn't so disgusting which is leaving the shows only lifeline to be two attractive teachers that that are barely keeping it alive. The humor in this show seems like it is trying to target an audience with an I.Q. of 40 or below. Another reason why this show is becoming a failure could be that the writing on the show ""scrubs"" is excellent and this show has to follow it up leaving the viewer in an odd position not knowing whether to cry or to just lose hope in new sitcoms all together. This is just my opinion but i think these guys should stop now before they humiliate themselves anymore than they have already.",0
"WE FAW DOWN <br /><br />Aspect ratio: 1.33:1<br /><br />Sound format: Silent<br /><br />(Black and white - Short film)<br /><br />Stan 'n' Ollie get mixed up with a couple of floozies (Kay Deslys and Vera White) after setting out to visit a theatre which burns down in their absence! Needless to say, their tyrannical wives (Vivien Oakland and Bess Flowers) are not amused...<br /><br />Leo McCarey's OK comedy laid the narrative framework for William Seiter's masterpiece SONS OF THE DESERT (1934), with L&H playing brow-beaten victims of circumstance, forced to tell a monstrous lie which backfires in spectacular fashion. Much of it is very funny, especially the scene in which Stan is teased by Deslys, leading to a violent game of push and shove. However, some of the fun is undercut by Oakland and Flowers, playing their roles completely straight, which adds an element of unpleasantness to the 'henpecked husband' scenario. Originally released in the UK as WE SLIP UP.",0
"The film disappointed me for many reasons: first of all the depiction of a future which seemed at first realistic to me was well-built but did only feature a marginal role. Then, the story itself was a weak copy of Lost in Translation. The Middle-Eastern setting, man with family meets new girl overseas, karaoke bar, the camera movements and the imagery - all that was a very bad imitation of the excellent Lost in Translation which had also credibility. This movie tries to be something brilliant and cultural: it is not. I wonder why Tim Robbins even considered doing this film!? The female main actress is awful - did she play the precog in Minority Report? And why do you have to show the vagina in a movie like this? Lost in Translation didn't have to show excessive love scenes. R-Rated just for this? This movie isn't even worth watching it from a videostore!",0
"George Barry's ""Death Bed: The Bed That Eats"" is, at root, a dark fairy tale told via a horror-movie framework. It is, in my opinion, one of the best films of the 1970s, and it's downright criminal that the picture was basically stolen and distributed without Barry's knowledge (those responsible for this theft should be fed to the bed, ASAP). If you're looking for overt gore or rabid action, ""Death Bed: The Bed That Eats"" isn't the flick for you. ""Death Bed"" is a gentler, weirder drive-in picture; it plays like an utterly strange dream, half-remembered. I'd recommend reading Stephen Thrower's summation of ""Death Bed"" in Thrower's FAB Press book, ""Nightmare USA"" (he describes the movie's vibe perfectly). Whether intentional or not, I've noticed shades of ""Death Bed"" in everything from the ""Phantasm"" films to Michele Soavi's ""Cemetery Man"" to the magic-realism/slipstream fiction of authors such as Kelly Link. Barry is an original and in a fair world I'm sure he would've followed ""Death Bed"" with a number of fantastically bizarre films.",1
"***Might not consider this having a spoiler, but I'd rather be cautious than careless*** I never saw this movie when I was little. I fell in love with it the first time I saw it with my three year old daughter. I can watch it over and over again.<br /><br />For the little acting Ilene Woods did in her lifetime, she was a wonderful voice for Cinderella; very appealing; very believable. The music really fit the movie perfectly. The acting was great; loved the mice!! You really ""hated"" Lady Tremain and the step-sisters; they were just awful. The cartoonists depicted the spoiled behavior very well.<br /><br />This is a wonderful movie, especially if you are into love stories. My daughter has seen the movie about 25 times and still gets excited at the end.",1
"Licence fees to watch this trash, And pay for it with hard-earned cash? Humourless, no hint of laughter, God knows how it won a BAFTA! <br /><br />We've now been subjected to ""Eastenders"" for twenty years. When, oh when is the Great British public going to see this awful soap for what it is? Crass Pap! This programme no more depicts reality in the East End of London than everyday life in Beirut, and never has done.<br /><br />The Eastenders I know (the real ones) are kind, courageous, hardworking and loyal. And one of their greatest attributes is humour. It was the Eastenders who went through the worst of the London blitz and still stuck two fingers up to Hitler. And what do we see on our screens for five days of the week (including an omnibus)? Nothing but a bunch of moaning, wailing, ""dead from the neck up"" wimps, who seem to do little else than sit in a pub all day sniping at each other. What a great advert for Britain that is!! Do the writers actually believe this garbage they're pumping out? Obviously the woolly-minded section of the public does, but then I've heard that apparently anyone can be brainwashed into believing anything.",0
"This is an excellent film about a traditional working class family in Northern England. Filmed on location in Bolton, it stars James Mason as the father who is the dominant force within his home. Or so it seems. Cleverly, the film, based on the play, portrays the complexities of family life. The supporting cast is terrific as well, with many familiar faces lending support.",1
"Not since Bette Davis's 1933 vehicle ""Ex-Lady"" have I seen a film that was so much better than its star said it was! Most of the bum rap ""Atoll K,"" a.k.a. ""Utopia,"" a.k.a. ""Robinson Crusoeland,"" a.k.a. ""Escapade"" has got over the years has come from the horror stories Stan Laurel told of its production. Given that he suffered a stroke during filming, looked like death warmed over through much of it (from the opening two-shot of them together you'd never guess that Laurel survived Hardy by eight years) and was subsequently diagnosed with diabetes (once he adjusted his diet accordingly he restored himself to health), one can understand why Laurel didn't think this film was the most pleasant experience of his life. Yes, it's flawed: the cheapness of the production shows through, the dubbing is awful and Laurel and Hardy were too old to do the energetic slapstick of their greatest films. But it's still genuinely funny, and Léo Joannon's story introduces elements of political satire (sometimes libertarian, sometimes communalist) one would expect to see from more socially conscious comedians like Chaplin or the Marx Brothers but never from Laurel and Hardy. The film deserves credit for being different (though its debt to the Ealing Studios' classic ""Passport to Pimlico,"" made just a year earlier, is pretty obvious) and for integrating the Laurel and Hardy comedy into a rather edgy context completely different from anything they'd used before. This isn't a great movie, but it's certainly better than the eight dreary ones for Fox and MGM they'd made in the early 1940's. I suspect only the film's technical crudity kept it from earning the cult following among anti-establishment baby-boomer youth the Marx Brothers' ""Duck Soup"" acquired in the late 1960's/early 1970's.",1
"I went to see Random Hearts with 3 friends, and at first, I thought maybe it was just me who wasn't enjoying the movie. After all, I didn't like As Good As it Gets and that movie won all sorts of awards. Well, it wasn't just me...none of my friends liked it either. It was unbelievable slow, much like getting teeth pulled. The only action that is in the movie is what is in previews. We didn't walk out of the theatre because we all assumed something more would happen. We weren't as smart as the 7 or 8 people who did walk out. I have never walked out on a movie in my life, but I definitely should have. This is all tough for me to write, considering I am relatively easy to please when it comes to movies. It takes a lot for me to think a movie is awesome, but not much for me to just like it. This movie didn't even come close in the like category. Not only was the movie about 2 hours too long, but it was like two separate trite stories in one, but they weren't smoothly sewn together. Plus, the ""soundtrack"" if you could even call it that was so annoying. Like Seinfeld has the same riff that is played over and over again (difference being that i like Seinfeld)..this movie had this jazz riff that it kept playing, which sounded highly inappropriate at times, especially when people were dealing with the deaths of the plane crash. Hard to explain what I mean, but trust me it was awful. I cannot say enough to make people not waste their money. After I left the theatre, I honestly wanted to write to the movie company and demand my $7 back..sheeesh, I could have gone bowling or something for that money.",0
"I agree with what so many others have said about the shallow and offensive nature of this film's examination of racism. It is baffling to me that so many people seem to have been fooled by its pretentiousness. I want to comment on the Matt Dillon character as an example of what's most infuriating about this movie. Here we have a man who -- contrasted with the film's underlying message that ""we're all a LITTLE racist"" -- effectively rapes a woman in public, cruelly humiliating her husband and deliberately goading him to make a move that, as he well knows, will lead to his arrest or even death. He does all this after pulling the couple over without any legal cause but because, as we come to understand, they are black and wealthy and he is a hurt little boy who is now the police and can therefore do as he pleases. This behavior is not a LITTLE racist. This behavior is evil. It is disturbing to me that this extreme of racism is held up next to another character's behavior -- spouting her paranoid stereotypes about gang violence -- to illustrate that everybody's a LITTLE racist. Later, we're spoon-fed some tripe about Dillon's poor old dad and how black folks drove him into the poor house. Is this supposed to explain, or worse, excuse this behavior? And is Dillon's character meant to redeem himself by committing the utterly unmotivated and unbelievable, laughably coincidental act of saving the woman he sexually assaulted the very night before? Please. The fact that so many people seem to feel some kind of self-congratulatory admiration for this film makes me feel sad about the shallowness of our understanding of racism, and our apparent lack of commitment to condemning and ending it.",0
"I claim no matter how hard I seek I'll never find a better movie version of ""Othello"". If you love Kenneth Branagh's magnificent masterpieces ""Much ado about nothing"" (1993) and ""Hamlet"" (1996) as much as I do I'm dead certain you'll also find Oliver Parker's ""Othello"" irresistible. Laurence Fishburne has been in a various splendid roles during his career. He was quite terrific in ""Boys n the hood"" (1991) - I've always considered his amusing role of Furious Styles as his very greatest achievement. That was, of course, way before I saw this.<br /><br />He plays the part of Othello and he is probably in the most challenging role of his whole career but he does a brilliant, fantastic job. Irène Jacob is absolutely charming Desdemona and Kenneth Branagh is just simply phenomenal in a most fascinating role of the story's crooked, manipulate villain Iago. Marvelous ""Othello"" is part of the absolute elite among Shakespeare's ingenious works. It deals with his favorite topics: crookedness, envy, deceitfulness and jealousy. This movie adaptation is certainly one of the finest films I've seen that's based on William Shakespeare's plays.",1
"These days, Ridley Scott is one of the top directors and producers and can command huge sums to helm movies--especially since he has films like ALIEN, GLADIATOR and BLADE RUNNER to his credit. So from this partial list of his credits, it's obvious he's an amazing talent. However, if you watch this very early effort that he made while in film school, you'd probably have a hard time telling that he was destined for greatness. That's because although it has some nice camera-work and style, the film is hopelessly dull and uninvolving. However, considering that it wasn't meant for general release and it was only a training ground, then I am disposed to looking at it charitably--hence the score of 4.<br /><br />By the way, this film is part of the CINEMA 16: European Shorts DVD. On this DVD are 16 shorts. Most aren't great, though because it contains THE MAN WITHOUT A HEAD, COPY SHOP, RABBIT and WASP, it's an amazing DVD for lovers of short films and well worth buying.",0
"Excellent performance. There still are good actors around! Also great directing and photography. Very true to Shakespear, and a 'must' for all Shakespear fans. Macbeth (Jason Connery) moved me to tears with his final monolog (out brief candle, out)He gave the sphere of moral decay and dark forces a human face, which makes it the more interesting. Helen Baxendale is a very credible lady Macbeth who can be very cheerfull at times and sometimes she just looks like a naughty girl, but deadly in her taste for blood and evil. If you love death and decay, and Shakespears lyrics... this is the one.",1
"I really enjoy this movie. The first time it was on Turner Classic Movies. All the actors did very well but Brynner steals the show again like always ( he is so sexy!).This is one of the movie that you do see Brynner's emotions. Actually this movie this is the first I ever seen him laugh because he plays very strong, larger-than-life and serious roles in other movies. In this movie you see both a masculine, tough and sensitive side of Brynner .Brynner seems to be a ""ladies'man"" in this movie.That is amazing how Brynner eats the glass cup and speaks in his Russian tongue it drives me crazy in love. I don't understand when both Brynner and Kerr ( they both have very good chemistry) stars in a movie together and then Brynner always die at the end it kind of reminds you ""The King and I"" in a way.",1
"I have watched this film twice now and think its quite good for the limited equipment used to create this film. (filmed in 1947) Dr. Heyerdahl explains his theory about the migration of south American Pre-Colubian Indians to the Polynesia's islands by way raft fell of large balsa trees. This documentary follows Dr. Heyerdahl and crew as they select balsa trees in Equidor and float with them down river to the pacific for assembly in Peru. They launch off on a 101 day sea adventure testing the strength of their primitive raft surviving only by means available to natives of that era. See for yourself, a real adventure!",1
"STAR RATING: ***** Saturday Night **** Friday Night *** Friday Morning ** Sunday Night * Monday Morning <br /><br />Alice, having defeated Freddy at the end of the last film, is now trying to re-adjust her life. But her unborn child is carrying a demonous presence- Freddy, trying to come out into their world again.<br /><br />It's interesting to note the directors who got their big breaks directing Freddy films- Charles Russell (Eraser, The Mask) Renny Harlin (The Long Kiss Goodnight, Cutthroat Island, Cliffhanger, Die Hard 2) and here Stephen Hopkins (Lost in Space, Predator 2.) But while Russell and Harlin made a good job of it, Hopkins IMO has made something of a podge with this entry, that should be quickly forgotten.<br /><br />The story is clearly being stretched as far as it can go here, with Freddy ludicrously a father himself and the ridiculous looking demon baby. Even at about an hour and a half, it all gets rather tiresome, and of course, not scary at all.<br /><br />The ""bon appetit, bitch"" catch-phrase is the only memorable point of this other wise very forgettable entry. *",0
"0*'s Christian Slater, Tara Reid, Stephen Dorff, Frank C. Turner, Mathew Walker, Will Sanderson. Directed by Uwe Boll.<br /><br />Based on the video game director Uwe Boll attempts to recreate the game into an action-packed nail biter sadly he doesn't succeed. Instead he makes one of the worst movies ever MADE! Even though he gets minor celebrity such as Christian Slater, Tara Reid and Stephen Dorff his movie lacks the necessary fundamentals that a movie needs to be good such as a story line, and some basic relativity of what's going on in the dark and the light. The movie bounces all around and Uwe Boll has no creative control. And not to mention the bad CGI used on making the monsters. Even though they did look cool and the feedings were well, a little lame. Honestly this is one of the worst movies ever made. My final rating 0/10.",0
"I may be a sentimentalist. But i found this movie truly moving. It was the first movie that reduced me to tears. And it did it more than once!! I recommend it to anyone both gay and str8. Religious or not! Supporting co-star Jackie Bisset stole the show, especially with her one liners. The nude scenes were superbly crafted as well, and all in were good taste. Most shocking was the portrayal of the orientation reversal deprogramming instituted by the Mormon church to the lead character. It shocked me that this still goes on in the world. Nevertheless I enjoyed this movie tremendously. This is definitely the best gay film since Torch Song Trilogy. And much better than the other gay movie offering that year - The Fluffer.",1
"I'm sorry to see that it has been rated that low by many people. The series started off very good and after the first season it wasn't that good.<br /><br />People tend to forget the beginning of something and only look at the end. This is not good to do, you should look at the total, not the end result. It is sad that a lot of the ""usual"" characters died but, damn, we had a lot of nice NEW characters.<br /><br />Please do not attach yourself to a few characters but attach yourself to the series, the plot. Please do understand that I didn't like it when Boone died, when Augur died but well... it needs to be done. Can you imagine that everyone keeps living the whole series when they are in a lot of danger all the time? Come on, face it, if they didn't die they would be invincible. In this way you will always keep the tension, will he survive, will he die? I do realize that people attach their selves to characters, I do that too. My favorite character was Augur, the one who could get into every computer he wanted. He was the one who was mysterious, he could do things with the computer no one else could do.<br /><br />I wish to make one statement to all the people who vote negative, does a series which started so good deserve to have such low rating? Should we look at the final season instead of the total? Should we not see how good the series was when it started? Should we not see how much we enjoyed it?",1
"A wonder. One of the best musicals ever. The three Busby Berkely numbers that end the movie are spectacular, but what makes this film so wonderful is the incredible non-stop patter and the natural acting of Cagney and Blondell. (Keeler is also lovely, even though she may not have been a great actress). There's a freshness in the movie that you don't see in flicks today, much less in the usually stilted 30s films, even though the plot, involving the setting up of movies prologues, is quite dated.",1
"This romantic comedy isn't too bad. There are some funny things happening here and there, and there are some rather memorable characters in it.<br /><br />The acting, however, is amateurish (with the exception of the banker). While some scenes are great fun, others are simply embarrassing. In particular, I found the ""romantic"" part of the story poor. <br /><br />All in all, I guess it's worth seeing if you like football and romantic comedies. It's not really a bad movie, and the ending did feel quite good. Just don't expect anything out of the ordinary. Fair enough if you have an hour and a quarter to kill.",0
"Mmmm, a previous summary says ""if you like aliens and predator you will enjoy this film"" i could not disagree more, this film pays no respect to its weighty lineage and has reduced two of the best loved sci fi strands to little more than a teen horror slasher movie, it has none of the tension or foreboding present in previous alien or predator movies and there is no discernible lead character, i really did not care about any of the characters and i positively yearned to see the stereotypical cast die as soon as possible in the vain hope something better would replace them, it really takes super human incompetence to have two of the most fearsome creatures ever invented positively fail to make a gripping thrilling movie, only watch this if you want to see how NOT to do it.",0
"I was prepared for a bad movie, and a bad movie it is, so I guess I shouldn't complain. Twentysomething Tom (gay poster boy Robert Stadlober) has so many issues he doesn't know if he's coming or going. I wouldn't have stayed but for the pretty girls: Serious Mavie (Anna Brüggemann); no-nonsense Angie (Emma Daubas); Sarah Baumann as the star of the movie within the movie. And then there's Tom's soul mate, wild-eyed Margarete (Jana Pallaske). She reminds me of Béatrice Dalle and Gina Gershon. If you've got to remember, these are fine memories. She looks good even in the most ridiculous outfits, and I mean ridiculous, even by Berlin standards. I wonder whether I'd have liked this movie when I was the characters' age. My guess is I wouldn't. Watch out for indie idols Oli Schulz and Max Schröder of ""Der Hund Marie"" performing as street musicians, feeling no pain.",0
"This is one horror movie based TV show that gets it right. Friday the 13th the series had no connection to the movies. Poltergeist the legacy: I'm not so sure. It may have been loosely connected to the movies. It feels like they just throw a famous title on a show so fans will watch it.<br /><br />It shows Freddy being burned by the Elm street parents(in the 1st episode I believe) and the amount of parents were disappointing. With all the kids he targeted in the 1st 3 movies, you'd expect there to be more parents. But oh well.<br /><br />Freddy is basically the narrator for the show. He watches the actions of people in the real world sometimes getting involved somehow. Just like other anthology shows like Tales from the crypt, there's a supernatural or surprise ending twist involved.<br /><br />The acting lacks but believe it or not: the violence sometimes surpasses that of the movie. This show lasted a couple of seasons and was made around the time of the 4th movie. i heard it was canceled due to protesting parents. I watched a lot of R rated stuff as a kid, so its a shame parents had to ruin it for everyone. 4 more movies came after the series , so it wasn't a total loss.",1
"Project A II is a classic Jackie Chan movie with all the kung fu, crazy stunts and slapstick humor you expect. Not as good as the prequel but still it is a great movie if you just want something fun to watch. The story is simple, jackie chan versus the evil men. So if you want a movie that you don't have to be a braniac to understand, i would suggest this one.",1
"The script for ""Scary Movie 2"" just wasn't ready to go. This is a problem with the film that is blatantly evident, to the actors and the audience alike. Director Keenan Ivory Wayans, and many of the actors are funny people; and so the movie isn't completely humorless. To their credit, the film has several funny moments. But as a whole, ""Scary Movie 2"" is not even close to being as clever and amusing as the original.<br /><br />The first ""Scary Movie"" was a laugh a minute film. It turned the smallest subtleties of the slasher film genre into comedic gold. The humor in ""Scary Movie 2"" is as heavy handed as it is un-original. They even miss obvious opportunities for parody. Two of the movies stars are former cast members of ""Beverly Hills 90210,"" and this was a show that was begging to be parodied! In the final analysis, ""Scary Movie 2"" is like a fine bottle of wine that was opened far too soon. The script needed a lot more time to age. 2 stars out of 5.",0
"Jamie Foxx was the epitome of Ray Charles. After a few moments you stop seeing a film and see a biography played by the great man himself. Ray Charles was truly a genius of music and the movie excellently depicted that. No one has ever or will ever write, play, or record music like this musical giant. When he passed the flesh, the world lost one of it's greatest American heroes. As far as the movie, the fact that Jamie Foxx received a classical music scholarship to college and could play like Ray was an asset to the director. What could be better than that? You don't have to have a ""double"" play piano and then try to split the screen from someone else's hands to Jamie's face. It worked beautifully. I loved the fact that it also picked up how difficult Ray was. He wasn't always a nice man. You didn't also root for him. He was a drug addict, a womanizer, and sometimes just plain hard-headed. But I guess that's what made him genius so I can't fault him for that. I pick Jamie for Best Actor!",1
"How i deserved to watch this crap??? Worst ever. The acting was awful, when i read that this was a comedy i expected at least to smile, once - or twice, but.... If you are wiling to loose hour and a half of your lives, this is the right movie. I recommend just look in a wall or something, anything else but watch this ""film"". Yoy can even watch a documentary (if you are a guy) about pregnant women, i guarantee it will be more entertaining :)The actor in this one (i forgot his name) is not that bad, and i am surprised how hi accepted the role. Anyway ""I want someone to eat cheese with"" is the right film if you want to punish someone.",0
"This production is an insult to the Stooges, especially Moe. It is inaccurate and poorly acted. Many of the events depicted just didn't happen that way and too much was left out or skipped over. Read the books written by Moe and his daughter Joan instead. This was a waste of time.",0
"Korine's established himself, by now, as a talented and impressive image-maker. The promotional posters for Mister Lonely all include the film's most impressive compositions (though there's one in particular I've yet to see in promo material: that of a blue-clad nun teasing a dog with a stick, surrounded by green forest with torrential rain pouring down). The opening images of this film, of Michael Jackson lookalike (Diego Luna) riding a small motorbike round a track, is strangely compelling and beautiful: Roy Orbison's ""Mister Lonely"" plays on the soundtrack, and the images unfold in slow-motion. There's also a funny and terrific sequence in which the same character mimes a dance, without music (though a radio sits like a silent dog next to him), in the middle of a Paris street; Korine splices in sound effects and jump-cuts that evoke both a feeling of futility and dogged liberation in the character's dance routine.<br /><br />The first instance of the segment dealing with the nuns is also strangely poignant; Father Umbrillo (Werner Herzog) is an autocratic priest about to fly with some nuns over, and drop food into, impoverished areas nearby. In a scene that is both light-hearted and affecting, Herzog must deal with a stubbornly enthusiastic local who wishes to make the plane trip with them in order to see his wife in San Francisco. As the exchange develops, Herzog draws out of the man a confession: he has sinned, and his frequent infidelity is the cause of his wife having left him in the first place. This scene, short and sweet, gains particular weight after one learns its improvised origins: the sinner is played by a non-actor who was on set when Korine and co. were filming - and his adulterous ways had given him, in real life, a lasting, overwhelming guilt.<br /><br />Henceforth, the film is hit-and-miss; a succession of intrinsically interesting moments that add to a frivolous, muddled narrative. Whereas Gummo and Julien Donkey-Boy maintain their aesthetic and emotional weight via coherent structural frameworks, Mister Lonely feels like a victim of editing room ruthlessness. A few scenes were cut from the film, which would have otherwise painted fuller pictures of certain characters, due to continuity errors in costume - a result, no doubt, due to the absence of a shooting script and Korine's tendency for improvisation. One deleted scene in particular - in which 'Charlie Chaplin' (Denis Lavant) and 'Madonna' (Melita Morgan) have sex - would have added much more emotional conflict to a scene later on in the film (I won't spoil it, but it's there to deflate any feeling of warmth or celebration, and, as it is, only half-succeeds).<br /><br />The two strands of the narrative, unconnected literally, are best approached as two entirely different stories with the same allegorical meaning; one compliments the other and vice versa. (It's something to do with the conflict between one's ambitions and the reality of the current situation.) But there's not enough of the Herzog scenes to merit their place in the film, and so any connection between these two allegorically-connected threads is inevitably strained - and the inclusion is, in retrospect, tedious.<br /><br />This is an ambitious step forward from Julien Donkey-Boy that suffers mostly, at least in the lookalike segments, from having far too many characters for the film's running length, a flaw that would have been even worse had big star names played everyone (as was originally planned).<br /><br />With many of the imagery's self-contained beauty, and moments of real, genuine connection with the soundtrack, this feels like it'd be much more suited to an art installation or photo exhibition. As an exploration of mimesis and the nature of impersonation, it'd lose none of its power - indeed, for me, it would perhaps be more impressive. The loneliness attached to iconic performativity (such as that encountered by both the icons themselves and those who aspire to be like them) is well-captured in images such as that wherein 'Marilyn Monroe' (a gorgeous Samantha Morton) seduces the camera with a Seven Year Itch pose in the middle of a forest, or when 'Sammy Davis, Jr.' (Jason Pennycooke) settles, post-dance rehearsal, with his back to the camera overlooking an incredible, tranquil lake.<br /><br />As it is, moments like these, and all those where the titles of randomly-chosen Michael Jackson songs crawl across the scene, are married to one another in a film narrative far less affecting than it should be.<br /><br />(For those who see it, I lost all faith during the egg-singing scene, late on. You'll know which scene I mean because it sticks out like a sore thumb, as some sort of gimmicky attempt at the new cinematic language for which Korine has previously been hailed.)",0
"One thing about Hollywood, someone has a success and it's always rushed to be copied. And another thing is that players give some of their best performances away from their home studio.<br /><br />Rock Hudson got such accolades for his performance in the Texas based film Giant that Universal executives must have thought, let's quick get him into another modern Texas setting.<br /><br />Similarly Robert Stack got great reviews for The High and the Mighty as the pilot who was cracking under the strain of flying a damaged aircraft that it was natural to give him another crack up role.<br /><br />Both of these ends were achieved in Written on the Wind. Before Hudson was the big ranch owner, now he's the son of a hunting companion of Robert Stack's father who took Hudson under his wing. In other words the James Dean part without the James Dean racism from Giant. <br /><br />Lauren Bacall is the executive secretary of an advertising agency that Stack's Hadley Oil Company uses. Hudson likes her, but she's dazzled by Stack's millions and when he woos a girl he's got the means to really pursue a campaign. She marries Stack.<br /><br />And last but not least in the mix we have Dorothy Malone who's Stack's amoral sister who has a yen for Rock, but Rock ain't about to get tangled up with this wild child. <br /><br />Dorothy Malone spent over 10 years in a whole bunch of colorless film heroine roles before landing this gem. She got a Best Supporting Actress Award for her part as Marilee Hadley and it was well deserved.<br /><br />If you like splashy technicolor Fifties soap opera than this is the film for you.",1
"Quentin Tarantino's partner in crime Roger Avary (co-writer on ""Pulp Fiction"") ventures out on his own (Q.T. goes exec. prod. this time) for this over-boiled French thriller.<br /><br />Eric Stoltz is Zed, safe cracker extraordinaire who has drifted over to France from the U.S. at the request of an old friend. There he teams up with a motley crew of drugged out hippies who, with little or no planning, think they can knock off a bank vault full of gold bullion on a French national holiday.<br /><br />Avary has reworked the robbery gone wrong theme that Tarantino developed so well in ""Reservoir Dogs"", only ""Killing Zoe"" is not good enough to survive on the strength of this alone, so Avary has thrown in a rather beautiful distraction. Julie Delpy is Zoe, a student come call girl who entertains Zed on his arrival in Paris. A stunning distraction she certainly is, but nothing more.<br /><br />I guess our director wanted to add a different angle to this basic theme, but sadly the move did not help to add the depth his shallow plot so desperately needed. There was never a story in this idea, which was nothing more than that, an idea. Even the surreal journey into the seedy dives of Paris is uninspiring. I figure one would have to concede that there was never much of a movie in the story of a bunch of gangsters shooting each other up over a botched jewellery heist either, that is until you add intricate characters and snappy dialogue. ""Reservoir Dogs"" had it, ""Killing Zoe"" did not.<br /><br />Stoltz's strong interpretation of the doubtful Zed and Jean Hughes-Anglade's mad portrayal of the obsessive ring leader do nothing to lift proceedings. In short, Avary has unsuccessfully attempted to conjure entertainment out of nothing.<br /><br />Friday, September 15, 1995 - Astor Theatre",0
"I love Morgan Freeman. Paz Vega is an attractive, appealing and talented actress. I'm sure that this would have been a good movie had anything happened in it. Nothing does. It's short (less than 90 minutes). It was 75 minutes too long. After an hour of frustration, I scanned through the remaining 20-odd minutes. Excruciating.<br /><br />Freeman plays an actor - who hasn't worked in a while - researching a part that he might play, as a checkout clerk in a supermarket. He visits the supermarket where she works. Nothing happens. She decides to give him a ride home and they go to an Arby's, a Target, a car wash. Nothing happens. They converse about their lives. Nothing happens. Ever.<br /><br />I don't get it. But I also don't get the Bill Murray flicks ""Lost In Translation"" and ""Broken Flowers"". If you like those movies, maybe you'll like this. Lots of people find movies like this whimsical, charming, or - for reasons that escape me - find the dialog fascinating. A common device in movies of this ilk is to have a LONG take of stillness/silence after an actor delivers a line that's supposed to be meaningful. We know it's meaningful because it's followed by two minutes of nothing on the screen. Sorry, I must be a philistine. I don't get it. To me, these kinds of movies aren't funny, or charming, or thought-provoking. They're just boring. Why? Because there's no comedy. No drama. No tension. No laughs. No suspense. No action. Nothing to watch. In short, none of the things I go to the movies for. I can be bored for free. I see oddball/quirky characters in real life. I go to Target, and fast-food restaurants, and car-washes. These elements do not a movie make, even if stars are doing this stuff. I pay to be entertained.<br /><br />If you're crazy about Morgan Freeman and just like to hear him ramble on about nothing, have fun. If you wanna drool over Paz Vega, you can look and listen to her. But nothing happens, I promise. A total snoozefest.",0
"This movie is... horrible and wonderful at the same time. I first saw it when I was about 13 or 14 years old, so it has a great deal of nostalgic value for me. In this movie, Cesar Romero actually plays the character of Octavio, the man who ""discovered"" Santana. There are also two other actors, Monte Markham (plays Sam, who is trying to save his daughter) and Peter Mark Richman (plays the priest), who have large filmographies, and these are the only performances that are okay. The rest of the acting and the movie itself have all of the B-film qualities that some of us cherish.<br /><br />I recently spent 2 years trying to acquire a copy of this movie, and it is almost nonexistent. I am assuming that it was discontinued very shortly after its release. But I did eventually find a copy and paid a pretty penny to acquire it. If you happen to come upon Judgement Day in a video store (unmistakeable with a cheesy green ""satan"" on the cover), count yourself among the blessed who live near one of the few video stores that still has a working copy. A must see for those of you who like to laugh at cheesy attempts at a scary movie.",0
"Co-directed by and starring Rutger Hauer, this film short was based on a short story by Dutch writer Harry Murlisch.<br /><br />In the 10 minutes of the film's length you will get to see a life-time as 'Harry' unravels his long-time fascination with a room he passes constantly in his youth. Returning to the city many years later he finds he has rented the same room.<br /><br />Using black and white film the textures are accentuated in this delicate telling of a tale. The voice of 'Harry' drawing you into his world.<br /><br />A subtle, tight performance from Rutger Hauer and 2 non-speaking characters. Wonderful soundtrack by Dutch musician Dyzack.<br /><br />At the moment difficult to see this movie as it is only available on DVD region 2 ""L'infidele"" (Liv Ullman) as a bonus track. But is due to be on the re-released DVD of ""The Hitcher"" - another tight, but very different performance from Hauer!<br /><br />See this film if you can!",1
"This movie is George C. Scott at his very best, Bernard Hughes at his very best and Diana Rigg at her most pithy, and of course Paddy Chaevsky writing at ""masterpiece"" warp! There are also very brief snippets of future biggies like Susan Sarandon, Stockard Channing etc., who have one scene lines that you don't necessarily spot until your fifth or sixth time watching. Nancy Marchand as a young to middle age nurse supervisor is also superb, as well as practically every ""face"" in Hollywood of 1970.<br /><br />It is one of the few movies that gets better the more times you see it. Watch for the ""surprise"" scene ala ""Wait until Dark""! This is one of the few movies I have ever bought on DVD. It is that superb.",1
"OK, so in any Wile E. Coyote-Road Runner cartoons, we know that WEC is going to set up all sorts of traps for RR, but always maim himself in various ways. That certainly happens in ""Beep, Beep"". Predictable? I guess that it is, but when you think about it, these cartoons show how the more you try to harm someone else, the more you get harmed; sort of like how Daffy Duck always tries to undermine Bugs Bunny's integrity but Bugs sees around it.<br /><br />Overall, this is another classic from the Termite Terrace crowd. Sometimes, I think that if we really had wanted to ease Cold War tensions, we could have just let the Soviet Union see Looney Tunes cartoons; I'm sure that they would have loved them. Another great one.<br /><br />PS: I learned on ""Jeopardy!"" that Wile E. Coyote's middle name is Ethelbert.",1
"If this movie was written directed and produced with the intention of creating a bad movie cult classic, it might (i say might) have been a hit. Have you ever sat and watched a movie that was so absolutely awful that it becomes fascinating in terms of its faults? Well this is it. Every one of the acting cast should be nominated for worst acting performance awards. It would be hard to find another film, with this kind of production budget, that contains so little of any value whatsoever. The whole thing, from the opening scenes defies logic. Dialogue is completely unbelievable and illogical. Ditto for the behaviour and general storyline of the film itself. What is really mind boggling, is that some buffoons in a boardroom actually made decisions to spend money on this piece of trash. Wow.",0
"Just saw the World Preem of Fido at the Toronto International Film Festival and thoroughly enjoyed it. Here we have a welcome reworking of a genre widely thought to have been pioneered (certainly 'fleshed out' extensively and successfully) by George Romero. But this is a Canadian film by a Canadian Director and it's a Comedy! And, YES, I actually think it is better than 'Shawn of the Dead'. Thoroughly believable and, perhaps even more importantly, enjoyable performances by Dylan Baker, Carrie-Anne Moss and young actor K'Sun Ray, whom I suspect we'll be seeing a lot more of in future features. However, I must confess that I most enjoyed the delicious turn by Tim Blake Nelson as neighbour Mr. Theopolis, essentially playing a willing animated version of Victor Van Dort from the Corpse Bride (or, for those who've seen the film, wouldn't that read even better here as the Corpse Pride?) and, of course, Scotch actor Billy Connolly in his least animated, yet somehow deeply moving role as the titular character. Just think, he would not have gotten this role had it not been for Peter Stormare's commitments to Prison Break (as was revealed in the Q&A following Thursday night's screening). I can't help but speculate that the Screenwriters must have drawn a lot of inspiration from Day Of The Dead's Zombie 'Bub'.I am not keen on ever revealing plot details during a Comment and I won't start now. Suffice it to say that Fido is NOT one of those dour, graphically gory Zombie films you can rely on from Romero. Rather it is a film that will have you constantly chuckling and, although (and I did have to think back carefully to be sure) there is a fair dose of blood-letting and violence, the delectable humour, so well enhanced by the surreal milieu created by Director Currie and his co-screenwriters, goes a long way towards making this seem like a feature that ought to be rated PG-13. I urge you to go see this little Canuck gem. I'll certainly be buying the DVD once it emerges hopefully by next Summer.",1
"It's a shame this movie is rated PG 13--it is really quite suitable for anyone--though young kids might not follow it too well.<br /><br />It belongs to that wonderful genre of serio-comic ghost/angel stories that would have to include everything from Capra's ""It's A Wonderful Life"" to Wenders's ""Wings of Desire."" <br /><br />The photography is stunning, the acting first rate, and--wonder of wonders--the tone is uplifting.<br /><br />My only criticism is that there is not much ambiguity in the film. The two interwoven stories seem intriguingly mysterious at first; but they resolve themselves a little too nicely for my taste. As the director points out in his commentary on the DVD, all the ingredients of Irwin's story are on his bedside table. The symbolism is just a trifle too pat for me.<br /><br />But what a lark! My favorite scene has to be when the relocation team tries to get breakfast at a diner. This is practically theatrical in its magic--a tour de force of witty acting--subtle, playful, and positively rhythmic--coupled with striking cinematography and an acute eye for the grotesque.<br /><br />""Northfork"" is funny, touching, gorgeous to look at, magical (with the above reservations) and has not one single car-chase.<br /><br />An easy nine stars.",1
"Mixing small town sheriffs, high-school students, fake rock music, and some weirdo who kills for, well, no reason in particular, this film is essentially a re-make of ""The Giant Gila Monster"" - except without the gila monster, of course.<br /><br />Now, anyone who has actually seen ""Giant Gila Monster"", knows that it is one of the worst made films of all time, frequently so slow, it's not even funny. And I can't believe that by 1967, ""Giant Gila Monster"" had earned such a reputation that young directors were just dying to get to work on a sequel, let alone a remake. So will someone please explain to me why this film was made?! The dance sequence, by the way, is historically interesting, although about three years out of date; but even that's spoiled, since it goes on... and on... and... on....",0
"This movie was fun, if all over the board.<br /><br />It essentially follows the comedic romp of two grave-robbers in 19th century England, who move from conventional body snatching to trafficking in vampires, zombies and dead Roswell aliens. (I have no idea what the Roswell alien was doing in there, and neither did the producers, I think.) <br /><br />But was it funny? You bet. Even Ron Perlman, who is often the kiss of Direct to DVD Death was pretty good in this one as a priest who turns out to be the ringleader of a rival gang of body-snatchers.<br /><br />A real joy to watch this hilarious little film, and a good example of what you can do when you don't have larger than life egos on either side of the camera.",1
"Oh how awfully this movie is! I don't know if it is a horror film or a drama, cause the story and the both genres are not established very well! The story is not moving, it is slow, boring, and sleepy from the beginning to end. This movie really bores me! But I really liked the camera work, it is authentic, fresh and clear, the acting is great too, the little boy was the great performer in this movie, but it hasn't made me to jump from my seat. But this movie makes me grab a pillow, lay on the bed and sleep until the credits roll...<br /><br />Boring! Not worth watching! I tell you, this movie sucked!<br /><br />1/10",0
"Highly flawed but just about watchable `comedy' that runs like a Farrelly brothers reject. The most criminal thing about it though is the casting. I couldn't for one minute believe Jerry O Connell and Jake Busey in the role of superstuds, who could pull any woman at the drop of a hat, nor could I believe (the very beautiful) Shannon Elizabeth as a streetwise tough cop!. Story is predictable but does manage to raise a titter on a few occasions, although, the `gross out', meant to be `shock comic' scenes, (one involving an amputated testicle, and another set in a sperm bank) are just plain awful. If this film is on TV then its probably worth watching if you are extremely bored, but please don't waste your money renting it!!",0
"This is waaaaay to much.. so frustrating to watch.. I was waiting for the whole damn movie to end and to finally get some ANSWERS!!.. and what I've had in the end was nothing but a HUUUGE neon-sign question mark above my head!!!!! I haven't seen such a bad acting and such a nonsense movie in a long long time.. and what's bothering me is.. how come someone (an actor) read the script of such a bull!?#@ movie and say: OK, I'M IN!!! LET'S FILM THIS! This is horrible!!! THIS MOVIE SUUUUUUUUUUUUCKS!!!!!! I just can't believe I've spent an hour and a half of my life on something like this!!!",0
"Boston legal has turned its tail and is headed for the barn door and th pig slop it has created! When this show first aired almost four season back it was a humorous slap at the legal system which all actors seem to take pride in portraying. It was funny, diversified, and to some extent factual. The characters portrayed were acceptable and to an extent real in their portrayals. The sexual comment and activity were limited and humorous. Julie Bowen is and was beautiful as in other series she participated but is now dragged to the lower depths of Media programming of sex and violence. Julie is an excellent actress and needs a more stable platform than this ""production"". Rene Adjurdubois Is an excellent actor who has from the days of ""Benson"" to this production held his own in the field of entertainment, always showing the humor and respectful acting of the production. Captain Kirk ""is"". Funny and humorous is Candace Bergan and is to be admired for her continuing in this production and is a good actress. James Spader, there is no doubt in his acting ability, however he should go back to his XXX origins such as ""Crash"" as it appears he has much talent and inclination in that direction. We ask that this series be trashed as it already is and its really starting to smell!!!",0
"In terms of the arts, the 1970s were a very turbulent era. In literature and the visual arts, it was the closing of a great fifty or sixty year period of creativity that has yet to be restarted. In music it was a decade that many see as a low point, due to corporate rock and disco. On television it was a Golden Age for situation comedies, from The Odd Couple to the Mary Tyler Moore Show to M*A*S*H to All In The Family, but in film it was even a greater period of creativity, in all genres, that saw the rise of the American auteur- directors like Robert Altman, Francis Ford Coppola, and Martin Scorsese- from the ashes of the old studio systems that had dominated Hollywood for over half a century. These directors wanted to craft literate, arts films for the masses, of the sort that had been staples in Europe since the end of the Second World War. Yet, the studios were trying to keep pace, with socially aware films of the sort not seen since the 1930s.<br /><br />But, unlike the films of the 1930s, starring actors like Jimmy Cagney and John Garfield (usually co-starring the Dead End Kids), that dealt with social issues in a gritty realistic way, or as realistic as one could get on a sound stage, the social consciousness of the late 1960s and early 1970s manifested itself most in science fiction films, which allowed the Left Wing of Hollywood to preach to the masses under the guise of what most considered little above comic strip entertainment. There was precedent for this approach, for several of the flying saucer films of the 1950s dealt with the political zeitgeist of the McCarthy era- most notably The Day The Earth Stood Still and Invasion Of The Body Snatchers. And the early 1960s saw Rod Serling constantly subverting the political conservatism of the time by casting social issues into science fiction settings on his classic sci fi television anthology show The Twilight Zone. Among the studio offerings of this time were the ecologically sensitive Silent Running; George Lucas's first film THX 1138, which dealt with consumerism, group think, and existentialism; and Logan's Run, which hammered away at Communism and state control versus the rights of an individual. Some of the film's references are quite heavyhanded- and reek of the then current Arab oil crisis and rampant inflation. A few jarred strawberries cost $150, and Soylent rations its assorted colored foods- Soylent Yellow, Soylent Red, and the new Soylent Green, reputedly made from 'the finest undersea growth,' in a manner not unlike the gas rationing of the time. Scenes of food riots are eerie echoes of the oil riots at many gas stations during the year of the film's release, and the scenes of crowding, and bodies, live and dead, lying all about are still chilling, as well as influential. A later film like Escape From New York is an obvious progeny. The rest of the script, by Stanley R. Greenberg, however, is rather pedestrian, and fairly standard for a dystopian flick, but Fleischer and cinematographer Richard H. Kline do a great job of filling the screen with interesting images and sounds, to spice things up. The use of soft, dimly lit visuals, murkily filtered, add a Stygian feel to the New York of the film, almost like a colorized version of Carl Theodor Dreyer's Vampyr. The only light in the film comes from artificial sources, and were it not for the fashion faux pas the film could truly seem timeless.<br /><br />The end of the film, where Thorn sneaks into the processing plant where human corpses are made into Soylent Green wafers, is both chilling, and oddly drama-less. In the end, the Soylent minions hunt Thorn down, but he survives long enough to utter the film's catchphrase to Chief Hatcher. Yet, one does not know if it is enough, for Hatcher has already been co-opted, and has a track record of taking the easy way out. Yet, that fact, and its ambiguity, shows that the film does not recapitulate its characters' dilemmas, and has a depth many later, better made films, sci fi or not, do not have. It is also why Soylent Green is still a film worth watching.",1
"During the brief period between Clint Eastwood's string of spaghetti westerns and his Dirty Harry films, he and director Don Siegel teamed up to make this unusual picture. Eastwood plays an injured Union Army corporal during the Civil War who is taken in by a southern school for girls until he recovers from his wounds. It has been a while since the young women (most of which seem to be teenagers) have had a man on the premises, so they are reluctant to turn him in to the local rebel soldiers. The resulting situations are often humorous, shocking, erotic, or even downright grotesque as Eastwood slowly regains his strength and begins to brood over the establishment.<br /><br />The basic storyline almost sounds like the makings of a porno film. We have a masculine male suddenly surrounded by young nubile women. Most of them are sexually attracted to him. And he is more than willing to spread the love amongst them. The material never really slips down to the level of ""tasteless"", however. Eastwood, Siegel, and cinematographer Bruce Surtees are such skilled filmmakers, that the film always retains its dignity.<br /><br />Eastwood's John McBurney is like no other character he has ever played. McBurney is an amoral, conniving, and lustful charlatan. He knows that most of the women, even the youngest want his bod, and he lets more than one of them have a shot at him. McBurney often uses flattery to butter the women up, then uses his rugged good looks to reel them in. He is like a drunken player at a cocktail party, often hitting on different women even in the same scene! Eventually, his lustful ways cause him great agony and loss in a way you must see for yourselves. This author would not dream of revealing the specific consequences of his actions, but there is little doubt he has them coming.<br /><br />Eastwood gives a typically great performance. He seems to be having a blast with the role until things turn really ugly, then he turns mean and ugly. Geraldine Page is a treat as the steely B*tch who runs the school. We know she wants McBurney as much as the other girls, but with her checkered past shown to us in flashbacks, we find out that isn't all she's after! Mae Mercer as a slave belonging to the school gives a great performance, too. She obviously knows McBurney is a skunk from the beginning, and she never lets his phony charm bring her guard down. This is a character you will want to know more about after the film is over. She seems to have a greater knowledge of the world than anyone else in the film.<br /><br />The Beguiled did poorly in its theatrical release. Nobody was quite sure what to make of it, and some of its content no doubt raised a few eyebrows in 1971. For example, in an early scene we see Eastwood romantically kiss a 12-yr-old girl. Is he just trying to keep her quiet when the rebel soldiers get close, or is he really enjoying it? Probably both! A fantasy sequence later on even shows Clint getting it on with not only Page, but her young assistant! Truly some interesting goings on in this one. It's a good thing Eastwood became the star he did, or this one might have been long forgotten.<br /><br />Highly recommended. 9 of 10 stars.<br /><br />The Hound.",1
"I'm not really sure how to even begin to describe how bad this movie is. I like bad films, as they are often the most entertaining. I love bad special effects, bad acting, bad music, and inept direction. With the exception of the music (which was better than I had expected), this movie had all of those qualities. <br /><br />The special effects were amazingly bad. The worst I've seen since my Nintendo 64. Some scenes to watch for include the Thunderchild, the woman being crushed by the mechanical foot, the Big Ben scene, the train wreck... Wow, there are so many bad effects! On the plus side, though, SOME scenes of the alien walkers are well done.<br /><br />The acting was about as bad as it could possibly have been, having been based directly on H.G. Wells' book. For having such good source material, it's almost as though the actors were trying to be so over-the-top as to make it funny. And then there's the mustache... the single most distracting piece of facial hair I've seen in a long time. Of course, only half the movie contains acting. The rest is characters walking around aimlessly and poorly rendered effects shots.<br /><br />To say that Timothy Hines is an inept director would be an injustice to inept directors. With the use of different colored filters between shots for no particular reason, the use of poorly rendered backgrounds for even inside scenes, the bad green screening, it's amazing to me how this man ever got approval to direct a movie. I wouldn't imagine it would be possible to turn a brilliant book into this bad a movie. Bravo, Mr. Hines. Bravo. <br /><br />My advice to anyone who plans to see this movie is to do what I did: have some friends who enjoy bad movies over, drink, play poker while watching it, keep drinking, and maybe you'll make it all the way through. It does make for an excellent bad movie, so have fun and laugh yourself silly with this disaster.",0
"...un-funny and un-entertaining, possibly the worst movie I have ever had the misfortune to watch. Think 'Ernest goes to..' humour done even worse. Myself and my girlfriend sat through it just to see if it could be as consistently dire as it seems in the opening sequence... Yes it is. Avoid at all costs.",0
"This was indeed an amazing adaption. I missed the first episode so I unfortunately missed out on the bonding between the characters and the smooth flow of the storyline. But as soon I watched the second and then the third instalment I was just blown away. I ordered the DVD less than a week later and unable to wait for it to come I went straight out and brought the book. From the moment I opened it I was hooked, I just couldn't put it down. I decided to finish the whole book before I dare watch the DVD at all. I preferred the book because it got inside the characters minds, you could understand totally where they were coming from and what there role was within the story. They missed a lot out of the adaption which was disappointing as the book is a master piece and I think they could have done it superbly if they had been able to stretch it over a longer period of time. But considering only being able to be fitted into a 3 hour slot I think it was done excellent. It followed the main twisted storyline brilliantly. And the actors which were enrolled as the main characters where amazing! The love making scene was pure beautiful. It was so tender and loving and just showed how natural homosexual love can be. I was totally blown away with both the book and the TV adaption! I loved both of Sarah Waters previous novels and also found the Tipping the Velvet adaption quite enjoyable. But when I read and watched Fingersmith I knew none of her previous novels/adaption could beat it. Sarah Waters has indeed exceeded herself this time! I recommend that you watch this adaption! If Tipping the Velvet wasn't your thing, then don't let it put you off this one. Fingersmith is a whole new ball game. It is a beautiful yet dark twisted story about love, greed and betrayal...<br /><br />A MUST SEE!",1
"An excellent documentry. I personally remember this growing up in NYC in the early 80's. This movie is for anyone that wasn't around during that time period.This shows the one thing the African American Gay Underclass felt was solely theirs and the love and camadrie you see is real. The people are real and sadly few are still alive as this is being written. The balls are still held but not to the extent that they were in the the nineteen eighties. That time is gone forever. This is a good pre ""homo thug"" movie. When Queens were really proud to be extroverts. Goodbye to Storyville this is another era gone but greatly documented all hail film!",1
"Darr is a great movie! Shahrukh plays an obsessed lover who will do almost anything to win over his lady which in this case is Juhi Chawla. Little does Juhi know in the film that Shahrukh has a MAJOR crush on her and is constantly stalking her. I have to admit, some of the things he did in this movie were pretty creepy... like the threatening phone calls. Never in my life will I forget the line, ""I love you K..k..k..Kiran!""<br /><br />It's just too bad that Shahrukh and Juhi weren't exactly ""together"" in the film. But Juhi and Sunny do make a fairly good couple in the movie. Though Shahrukh's role was pretty psychotic, I still think he did a great job of playing it and can't possibly imagine anyone else doing that role. No wonder he got an award for Darr in 94'!<br /><br />Juhi... what can I say??? She looks especially amazing in this film! It's not that she doesn't always look amazing in her other films, but Darr did give the public a wonderful image of her!<br /><br />As for the music... it was excellent! Especially ""Jaadu Teri Nazar,"" one of my all time favorite songs. I also thought ""Tu Mere Samne"" was quite nice also.<br /><br />A must see for everyone! Overall Darr deserves a 9/10!",1
"....and now I'm up to episode #7. I really was hoping it'd be over by now (not to mention canceled, once everything connected with the show -including the actors - had been dumped along with some toxic waste in the middle of the ocean somewhere, never to be seen again), because this series really is dire. <br /><br />To have this program listed under the genre of 'comedy' is at best misleading! It's so hard to believe Ben Elton could write something this bad, maybe this points to a lot of input from the other writers in everything he's been connected with before. In some episodes I haven't even laughed once!<br /><br />Oh, and I can't believe Ardal O'Hanlon actually stopped doing 'My hero' & started doing this instead, his decision making skills were obviously impaired that day - perhaps he simply can't read, and didn't realise just how poor the scripts for 'Blessed' were. Don't get me wrong, 'My Hero' is not masterpiece, but it's a million times better than this piece of junk.<br /><br />And just to annoy me even more I bet this gets a DVD release as well, when there are so many great TV series' that aren't getting released!",0
"After seeing Forever Hollywood, it would be natural to want to see a John Waters film. At least, one get to say that they have joined the legions of cinema cognoscenti who have experienced the unique cinematic stylings of perhaps the best known non-mainstream director. It's worth the effort, and PF is a lot better than Eraserhead,and there is a certain campiness about his films which his followers find addicting.",0
"This tender beautifully crafted production delved deep down bitter sweet into my being. The irreverent pupils, the life embittered bus driver and the teachers personalities present a subliminal debate as the story unveils. The adult characters all seem familiar, my teachers, my bus driver, each one of their opinions so plausible and well known. When a key incident happens on the bus we are sent on a circuit of viewpoints. All the time the babble of teenage energy is only just kept under control by the organisers of the trip. Mr Harvey is experiencing much pain throughout . He reminds me of war damaged teachers I did not understand when I was an irreverent pupil.<br /><br />Rhidian Brook and the producers deserve much acclaim for this well shaped British film. The acting unblemished, the scenes appropriate, it should be widely available yet does not seem to have been given the right opportunity.",1
"The only real highlight in the movie is the death of the sniveling guy and the reaction of the surviving characters to it.<br /><br />In every other way, this film is a very lame rip-off of Jaws, Lake Placid, and Alligator, with a little bit of Godzilla (1998) thrown in.<br /><br />As is standard for a 1990's-style horror movie, the two non-starring females each take their clothes off at least once. The female lead doesn't, since she obviously has a better agent. <br /><br />The whole movie surrounds the filming of a really dumb extreme sport called blood surfing, in which surfers cut themselves and surf in shark-infested waters. In this film, a giant salt-water crocodile also happens to be in the area. People get eaten. The movie ends.<br /><br />I don't mind a bad horror movie, but I really hate a dull bad horror movie, which this definitely is.",0
"Okay, it was very good...but Best Picture? Please, not even close. Munich was better, Capote was much better, Good Night and Good Luck was much better...Brokeback Mountain - well, that should have won! The Academy voters seem to act like the current day Democrats - please just a little of everyone, but don't dare take any concrete positions. That's why we have a complete moron in office in the US.<br /><br />This has been the WORST AA presentation ... and forget 1987 ... since way before that. Hollywood is so afraid of it's bottom line, that it can't be set ""straight"". Many voters apparently didn't even see Brokeback Mountain. Get real and get with it.<br /><br />This was the most pathetic year since I have been watching in the mid- 60's and I was only two.<br /><br />Wake up, whoever you are. Hollywood IS mainstream, and that's what happened to the Box Office in 2005. King Kong, the last Star Wars film, another Batman film, a re-make or whatever of Charlie and The Chocolate Factory, and much more to come in 2006.<br /><br />At least there were original best pictures, i.e. Munich, but heard that one before, Capote - great; Katherine Keener should have won, even though now we know Reese can sing like a Cash/Carter, etc., Syriana was a much better picture than Crash. That film has been done, since the early 1960's and we have to make that the best film? What a horrible Oscar night and a horrible year to end with in 2005 and another boring year in 2006. At least the BAFTA for best picture went to Brokeback, and what about the horrible song that won? Pathetic. I think we only have about 20 years left as America or the USA, before someone comes in and changes up things a bit. Maybe it will be China since they own so much of this country ... or India, because they have all the high-tech jobs and are the largest democratic country in the entire world.<br /><br />America has become the land of the fat, the pathetic, and the stupid. Trash can be found in more places than Florida, West Virgina, South Dakota, and in the mid-West.<br /><br />Drive-through a local McDonald's or Burger King for goodness sake. Order all you want until you get a heart attack. Put yourself out of your misery.",0
"This is easily the most disappointing, least gratifying movie of the entire so-called blacksploitation genre, which, by the way, are films we generally enjoy a great deal in our home. Rather than being ""exploitation"" or demeaning, these films actually provide a priceless insight into an era. Well, not Bucktown.<br /><br />In this story, Duke returns to Bucktown to operate the night club left to him by his recently deceased brother. He quickly learns that the city is entirely controlled by a corrupt police force, bleeding protection money out of all the local businesses. Duke resists, and determines that he will rescue the city from the corrupt police. Unfortunately, he does so by calling in a posse of his friends (these people are vaguely explained as some former black-militants who have worked with Duke on ""jobs"" in the past) and they simply murder the entire police department in cold blood. And literally in the presence of hundreds of witnesses who do nothing to stop it. Ignorance is not a justification for murder, and it would have been much more entertaining to see the Cracker Police suffer for their actions as opposed to merely getting whacked in the street. While revenge is a ubiquitous and generally satisfying theme in films of this genre, it is a far cry from seeing Pam Grier track down the thugs who off'ed her family, cuss them out, give them a jujitsu ass-kickin' and set their 'fro on fire. That has art (and a reason for existing) and merits a level of respect that is quite undeserved by simply shooting someone in the back. Of course, in this bizarre tale, she is playing a woman completely under The Man's thumb, afraid of the Crackers who run her town and oppress her people. Indeed, her advice to Duke is, ""Run, man, they gonna kill you!""<br /><br />Following the sickening and gratuitous violence, we are expected to believe that the town's mayor wholeheartedly condones the actions of Duke and his friends, congratulating them and offering to throw a parade in their honor, as opposed to, say, calling the district attorney to press capital murder charges against them and have them taken into custody. Duke's posse declines the parade and instead opts to fill the numerous vacancies on the police force created by their recent killing spree. They immediately prove to be even more corrupt than their Cracker Police predecessors (to quote the mayor, ""They are ten times worse than what we had before!""). Now Duke finds he must again rescue the citizens of Bucktown from corrupt, protection-racket law enforcement officials and again make it safe for decent folk to operate a prostitution business in the streets. Unfortunately, Duke has already lost all moral high ground and sympathy due a hero, as he was a willing participant in the murder of the original police force. I wouldn't have cared one way or the other if he had rescued Bucktown or gotten plugged himself at this point. I suppose we are to be entertained by the clever way Duke has to outsmart the new Police Goons, but in reality the film has now just become an opera of gratuitous violence, Duke murders all of his former friends and allies in cold blood with the same absence of compassion he had when gunning down the Cracker Police. Duke is a pig.<br /><br />Finally, when everyone in town but Duke, Aretha, and the employees of the local brothel are dead and bleedin' in the street, our hero and heroine walk off into the night as though they had some admirable qualities or redeeming values; they don't. Duke is merely a murderous thug and Aretha his enabling misogynist accomplice. If you are interested in this genre of film, by all means, I highly recommend them, see Coffy, Foxy Brown, Truck Turner, Blacula, Sheba Babybut if in the process you should run across this DVD, throw it as far away as you possibly can! Drop it like it's hot! It should be treated as one would treat a glowing puddle of nuclear waste! There is no single film in the entire Blacksploitation era that is not dramatically more entertaining, satisfying and populated with more sympathetic and admirable characters than this piece of slime, obviously written by and targeted at some hormonally imbalanced high school sophomores.",0
"This is an excellent movie with a stellar cast and some great acting. I never tire of watching it. I especially love the scene where Danny Glover's character and Kevin Kline's character namely Simon and Mack have brunch together. Kevin Kline is such a natural and it seems his mannerisms are effortless and one you would encounter often. SO its a very 'real' movie. <br /><br />One of the most powerful scenes in the movie however, is at the beginning of the movie when Simon arrives at the scene where Mack's car has broken down. The movie also has a strong message and is unlike the stereotypical message carrying movie where there's one person preaching his guts out to an audience. Instead the actors' emotions and situations deliver an impactive message that does best without the use of words. And lastly, Mary McDonell is brilliant as always.",1
"I had watched several days film shooting of this movie that summer,the end result was just two scenes in the movie. The location was Sylvan Lake in the Black Hills. Bring the wagon,stop the wagon etc . So this Dakota youth looked forward to seeing the movie and was not disappointed. The local buffalo herd was being culled so the shooting scenes were for real. (yes Doris, animals were hurt during filming) I think the ending was copied by Jack Nicholson in the Shining? A great western/social comment from the 50's. This should be in the same class as High Noon for real western drama or used as a social statement like Blackboard Jungle or Rebel Without A Cause was for 50's youth.",1
"It's too bad these guys, the so-called judges, are such jerks, even the nominally ""sensitive"" ones. It's the self-congratulatory tone that really makes me sick though; these guys don't have any perspective on their behaviour. I think the real problem, though, is the quality of the contestants. Not a single smooth or truly charming one in the lot. They pick the most pathetic girls out of the crowd because they're the only ones these guys have a chance with. Let's see some real players trying for a truly unattainable girl, and maybe you have a show. Otherwise, you have a revolting half-hour of self-love. And real sexual tension takes two.",0
"Never heard of this movie,saw it on DVD.Great movie,perfect example of a movie that took every cast member to make it work.No overhyped typical Hollywood movie with the same old overhyped actors.No current Quote ""A"" list actor could have pulled off any performance in this movie.Brought back memories of my own post Vietnam war military experiences.It concentrated on the people who were sent to fight.As was portrayed by the characters who had fears and emotions even if some volunteered for service.They were regular people too,some just weren't cut out for military life,I remember a few in my experience--to put it mildly couldn't adapt to military life either-but I'll never forget them-should have stayed in touch.I highly recommend it and then think about those serving present day in Afganistan.Basic training is a trip, notice those drill sergeants aren't morning people and maybe they need ""sensitivity training"" HA!HA!HA!",1
"At the time, ""My Left Foot"" was the little movie that could. It was hugely popular, and everyone applauded the fact that such a small, independent film could make it all the way to the Oscars.<br /><br />Since then, movies like ""My Left Foot"" are a dime a dozen, so it might be hard in retrospect to understand what all the fuss was about. It's certainly a well made and competent film, but it's clear that the bulk of its success rests on the shoulders of Daniel Day-Lewis, who immerses himself in the role of Cristy Brown, a man living with cerebral palsy. Day-Lewis pulls off the same bit of stunt acting that had won Dustin Hoffman an Oscar the year before for playing a man with autism in ""Rain Man,"" and the Academy followed suit by giving Day-Lewis the same honor.<br /><br />The only thing really separating this film from a big budget Hollywood production is just that -- its budget. In every other way it's just as formulaic as any standard product. That's not to say it isn't a good movie, but it's not a masterpiece.<br /><br />Grade: A-",1
"Okay, so I'm not a big video game buff, but was the game House of the Dead really famous enough to make a movie from? Sure, they went as far as to actually put in quick video game clips throughout the movie, as though justifying any particular scene of violence, but there are dozens and dozens of games that look exactly the same, with the hand in the bottom on the screen, supposedly your own, holding whatever weapon and goo-ing all kinds of aliens or walking dead or snipers or whatever the case may be.<br /><br />It's an interesting premise in House of the Dead, with a lot of college kids (LOADED college kids, as it were, kids who are able to pay some fisherman something like $1,500 just for a ride after they miss their boat) trying to get out to this island for what is supposed to be the rave of the year. The first thing that comes to mind about House of the Dead after watching it is that it has become increasingly clear that modern horror movies have become nothing more than an exercise in coming up with creative ways to get a lot of scantily clad teenagers into exactly the same situations. At least in this case, the fact that they were on their way to a rave excuses the way the girls are dressed. They look badly out of place running around the woods in cute little halter-tops, but at least they THOUGHT they were dressed for the occasion.<br /><br />Clint Howard, tellingly the most interesting character in the film by far, delivers an absolutely awful performance, the greatness of which overshadows every other actor in the movie. I can't stand it when well-known actors change their accents in movies, it is so rarely effective, and Howard here shows that it is equally flat to have an well-known actor pretend that he's this hardened fisherman with a raspy voice from years of breathing salty air. He didn't even rasp well. It sounded like he was eating a cinnamon roll before shooting and accidentally inhaled some powdered sugar or something. Real tough there, Clint! I expected more from him, but then again, he did agree to a part in this mess.<br /><br />Once we get to the island, the movie temporarily turns into any one of the Friday the 13th movies that took place at Camp Crystal Lake. Lots of teenagers played by actors who were way too old for their parts getting naked and then killed. The nudity was impressive, I guess, but let's consider something for a minute. These kids pay almost two grand to get out to this island to go to the Rave Of The Year, find NO ONE, and say, well, who wants a beer! Even the guy who pulled that stack of hundreds out of his wallet to get them all over there didn't think anything of it that they found a full bar and not a single solitary person in sight. Here you have the input from director Uwe Boll - There's alcohol! They won't notice that the party they came for consists of no one but themselves!<br /><br />So not only do they start drinking, not minding the fact that the whole party seems to have vacated the island, but when one of the girls goes off into the dark woods to find out where everyone is (dragging one other girl and one of the guys reluctantly along), the guy and the girl who stay behind to get smashed decide that it would be a great idea to strip down for a quickie now that they're alone. It's like they expected to find the island empty, and now that they rest of the people that they came over with were gone for a little while, they would have some privacy since there's no one else around. Brilliant!<br /><br />Now for the things that everyone hated, judging by the reviews that I've read about the movie. Yes, intersplicing shots from the video game into the movie, mostly in order to show that, yes, the movie was being faithful to/directly copying the video game. Sure, it was a stupid idea. I can't imagine who thought up that little nugget, but worse than that is the Matrix-style bullet time scenes that were thrown in over and over and over and over. After the first time (at which point I found it pretentious and cheesy for a movie like this to have a shot like that as though it was something original) it is noticeable more for the technique of the shot itself rather than any dramatic meaning or creation of any kind of tension for the film.<br /><br />One of the things that makes a zombie film scary and gets you on the edge of your seat is to have them slowly but relentlessly coming after the living humans, who are much faster but getting tired, running out of places to run, and with a terrifying shortage of things with which to fight the zombies off with. The first two are done right in the movie, the kids are terrified and don't have a lot of places to run since they're on an island, but since they caught a ride over with a smuggler, they find themselves heavily armed. And I mean that very strongly. I mean, these people have everything from machine guns to hand grenades, which removes most of the tension of the impending walking dead.<br /><br />Then you have what I call the techno-slasher scene. Since the rave never happened, and I guess since Uwe Boll thought people were going to be disappointed at not hearing any techno music in the movie, there's one scene right in the middle where all the humans are fighting off the living dead, and amazingly enough it turns into something of a music video. There's techno music blasting as the shots are edited together faster and faster until it's nothing but a blur of gory shot, mostly only about 5 frames long (which is about 1/6 of a second) flashing across the screen in time with the speed techno music. Clever, I guess, but it has no place in a horror movie because it completely removes any sense of scariness or tension of even the gross-out effect because you can't see any one thing for long enough to react to it. You're just watching these shots fly across the screen and wondering what the hell the director was thinking when he decided that it would be a good idea to put something like this in the movie.<br /><br />I've seen a lot of people compare this movie to Resident Evil, mostly claiming that it copies the premise of it, and they're exactly right. I appreciate that at least here, as was not the case in Resident Evil, it wasn't some man-made virus that turned people into walking dead that were able to infect other people, changing them the way vampires turn others into vampires. 28 Days Later was also clearly an inspiration for this movie, it's just too bad that House of the Dead didn't do a single original thing, except for the somewhat moronic idea of putting in quick shots of the video game on which it is based, just in case you forget. I really think that this should have been a much better movie. While obviously I can't say that I know much about the game it's based on, just the title and the movie poster deserve a much better movie, but unfortunately I think that's more often the case than not with horror movies. It's really kind of sad when a movie comes out that is so obviously advertised as a no-holds-barred horror film, and the scariest thing in the entire movie is the closing shot, which suggests the possibility of a sequel.",0
"I've always been enthusiastic about period dramas, an art form in which the BBC has excelled in the past. This presentation of ""Byron"" was unbelievable. Unbelievably bad! The script was dreadful, the acting uninspired, and all the characters woefully insipid. Apparently Byron was ""mad bad and dangerous to know"", and set the ladies hearts all-a-flutter. Not in this production. Here he appeared as a tawdry jumped-up little squirt instead of a fiery hero of womenfolk and the Greek struggle for independence. It is said that Byron walked with a limp. This portrayal of the man was just limp all over.<br /><br />I watched the whole two and a half hours waiting for something to spark into life. Not a splutter, not even a glimmer. It was utter tedium, if not downright boredom, from start to finish.<br /><br />Having the opinion that no-one will ever better the Bard of Avon, I also believe that Byron's poetry is over-revered and to my mind should be flung on the back burner, and this dramatisation of his life should be accorded the same treatment.<br /><br />I think the BBC lost its nous with this one",0
"I have done quite a few reviews on IMDb and this film is unique in that I never saw the entire movie. It was so terribly stupid and unfunny that I just couldn't sit through it--though I tried.<br /><br />The biggest problem with this and any Mel Brooks movie I call ""the Mel quotient"". In other words, the better his movie, the less of him you see in the film. Think about it--The Producers and Young Frankenstein were great films and he was barely in them at all. BUT, films like Life Stinks and Space Balls are chock full of Mel and are pretty dopey movies (yes, I DID NOT LIKE Space Balls--but this isn't the place to talk about that).<br /><br />Second, apart from cancer, rectal itch and mental retardation, I can't think of a less funny topic than homelessness. This is just a comedy breaker. Think about it, folks. The FUNNIEST(?) scene in the movie has Mel making whoopee with Leslie Ann Warren in a dumpster!! And this is funny in what way?",0
"""Ambushed"" is no ordinary action flick. It's much to bad to be ordinary. One man walks toward another with a machine gun blazing. The other man fires one round and fells the man with the greater fire power without so much as a nick from the hail of lead raining down on him. Guess which one is the good guy. Duh. Such is ""Ambushed"" through and through. Not a good action flick, not a good drama, not a good movie, ""Ambushed"" fails on all levels with it's cast of B-movie veterans mechanically going through the motions almost as though they know they're making a real loser. Not recommended for anyone.<br /><br />",0
"As winter approaches, our state-owned broadcaster, the ABC, has decided for some reason to have a partial Jane Austen Festival on Sunday nights. This commenced with a twelve-year old movie length version of ""Emma"" last Sunday; more recent versions of three other novels, ""Persuasion"", ""Northanger Abbey"" and ""Mansfield Park"" are to come.<br /><br />The curious thing about this production by A&E Television Networks, with script by the ever-reliable Andrew Davies, is that it appeared almost simultaneously with two much bigger budget movie versions, one starring Gwyneth Paltrow, and ""Clueless"", a ""modernized"" version, starring Alicia Silverstone, which transported the plot to Beverly Hills. Perhaps as a result, even with Kate Beckinsale in the lead, this production sank without trace.<br /><br />As a general rule, much is lost when novels are shrunk to fit feature movie length. The adaptations one tends to both enjoy and remember are those which have adequate room to develop both story and characters. An outstanding example is ""Brideshead Revisited"" which had 13 50-minute episodes back in 1982. You only have to compare the very ordinary movie-length version of ""Pride and Prejudice"" in 2005 with the brilliant 1995 six-part TV mini-series. It's not that a novel should be filmed page by page, and some novels (often not very good ones) adapt wonderfully to film (""Atonement"" is a recent example), but novels of the Jane Austen sort need some time and space to exert their full charm.<br /><br />Given the shortcomings of this type of adaptation, this production is OK. Kate Beckinsale gives Emma the right mix of self-assuredness and vulnerability and Mark Strong is a forthright Mr Knightly (he reminded me that Jane tended to recycle characters  Knightly is a more articulate version of the moody Mr Darcy of P&P). Samantha Morton was a rather limp Harriet but Prunella Scales got the blabbermouth Miss Bates perfectly  Sybil Fawlty on speed. Bernard Hepton as Emma's feeble father was also excellent. We saw the damp countryside, the mud and the poverty as well as the posh interiors, in case anyone thought this was a particularly idyllic age for everybody.<br /><br />Even though this was a condensed adaptation it was oddly slow in places  some of the conversations were rather stilted, even allowing for the formalities of the times. I'd have to look at the film again to be sure, but it might be due to the under-use of reaction shots.<br /><br />If you do like filmed period stuff this is a perfectly nice example, and compares well with the Paltrow version. Anyway, there is more to come!",1
"Written by brilliant Monkees' TV writers Gerald Gardner and Dee Caruso,WHICH WAY TO THE FRONT was the last of the ""Jerry Lewis"" movies until ""Hardly Working"" almost a decade later. Jerry's comedy is evidently an acquired taste, and admittedly he can occasionally be his own worst enemy when he helms as producer/director--but even in the dreariest of his films, there are always moments of brilliance.<br /><br />WHICH WAY manages to be amusing,entertaining and yes,quite funny. It is somewhat unlike any of the typical Lewis films.The pace is very upbeat and ther are lots of excellent supporting players--a kind of JERRY DOES HOGANS HEROES.The whole thing looks kind of like an unsold TV pilot and you will either love it or hate it---but hopefully YOU VILL LAUGH",1
"Where to start? Some guy has some Indian pot that he's cleaning, and suddenly Skeletor attacks. He hits a woman in the neck with an axe, she falls down, but then gets up and is apparently uninjured. She runs into the woods, and it turns out there's the basement of a shopping center out there in the woods. She meets a utility worker and Skeletor attacks again. Luckily, like any good utility worker, he's got a gun and shoots at the guy. Doesn't work, everything starts on fire.<br /><br />Cut to some people walking through the woods. Even though they've been hiking together for some time, they sit down and introduce themselves to each other. Wouldn't they have probably done that when they first met? Anyhow, they're ""undercover"" Delta team members (undercover, I suppose, because that way they don't have to pay to dress them in uniforms). The cute girls are various things such as a sniper school instructor and, oh, I can't remember the rest. It doesn't matter. Eventually they all take their guns out and immediately start aiming them at various things. ? Anyhow, they meet an old Indian who is sitting out in the woods. He wants beans. You know, like pork and beans? He mumbles some stuff, I can only assume that it's the premise of the movie. I relied on having heard the premise from the commercials, because you can't really understand anything he says.<br /><br />So, they walk around the woods some more. All the dialogue is a load of quasi-military, macho BS. I mean all of it, as in every single word. Like ""This reminds me of when we were in Kabul"" or ""This reminds me of when we were in Laos"". Skeletor attacks again. Let me give you a rundown of a basic attack. One of the female characters is crouched behind a tree and she aims her gun at the approaching guy on the horse. For some reason, she doesn't fire but yells several times for someone else. Then as Skeletor approaches, she jumps out from behind the tree so that Skeletor can stick her with his spear. Then everybody starts shooting. The bullets cause sparks to fly from the trees. Apparently the folks who made this movie never shot a tree with a bullet. They don't make sparks.<br /><br />Then Casper Van Diem is all of a sudden driving a semi-truck, trying to run over Skeletor. He misses, and the truck slides to a stop. Van Diem is injured, apparently he slid across the seat and bumped his hip on the window crank or something, so he crawls out of the truck and it explodes. Later he's in the woods dying and everybody says a bunch of quasi-military, macho BS. They meet a couple guys in the woods and blow their ""undercover"" status by immediately identifying themselves as being from the Army. They beat on the guys for some reason, then they go away.<br /><br />Some other stuff happens, people mumble, the camera shakes, etc.<br /><br />I think it comes to an end eventually.<br /><br />My theory is that the Sci-Fi Channel is getting a little annoyed with everyone bashing their movies, so they put this out to remind us all how bad movies can really be. Like, you think our movies are bad? Well, you haven't seen bad. HERE'S BAD!!! Okay, now that we've got that out of the way, the rest of our movies are pretty good in comparison, right?<br /><br />Well, it's just a theory.",0
"Growing up with the Beast Wars transformers, I wasn't very familiar with the original Transformers, and now that I have seen the awesome movie, and now that I have seen the older cartoon on which it's based, I have to say I like the original cartoon and the live action movie more than Beast Wars.<br /><br />Not that I don't like the BW characters, I just think that characters like Optimus Prime are better than Optimus Primal.<br /><br />I mean, ""AUTOBOTS TRANSFORM AND ROLL OUT!"" sounds a lot better than ""MAXIMALS MAXIMIZE!"" The voice of the original Optimus Prime still makes me a strong believer that he's a real commander, more so than Optimus Primal.<br /><br />Besides, Powermaster Optimus Prime is a lot more powerful than Optimal Optimus. Just look on the web! <br /><br />Megatron in the BW character seemed more like a humorous version of the more evil version of him in the original series.<br /><br />Besides what's cooler, robots changing into animals or robots changing into vehicles and spaceships? Gimme the original Transformers any day over Beast Wars!",0
"Most movies I can sit through easily, even if I do not particularly like the movie. I am the type of person who recognizes great films even if I do not like the genre. This is the first movie I could not stand to watch. Cat in the Hat is the worst movie I have ever seen--and I've seen a lot of movies. The acting is okay (Myers is good as the cat, it's just that he is REALLY annoying). The silly songs the cat sings were boring and monotonous, even for the children in the audience. The plot drags on and on, and viewers must suffer through poor dialogue. The ""witty"" parental remarks are disgusting, not funny (I remember some awful comment about a garden hoe being compared to, well, a type of person people call a ""ho""). Even though the movie is really short, it seemed to last FOREVER. Do not waste your time. I know small kids who hated this movie. If children can't stand it, I do not know how any adults can. I would like to fume more about this film but I do not even feel like wasting anymore time writing this review about it. I HATED IT! So, in summary, do not spend 90 minutes of your life watching this! See a GOOD movie!<br /><br />1/10 stars--the lowest review I have ever given a movie.",0
"I grew up watching Inspector Gadget. It was, and still is, one of my favorite cartoons, if not my absolute favorite. I learned a lot of geography and history from the spin-off Inspector Gadget's Field Trip. I wanted to slip on a banana peel and become the greatest detective ever.<br /><br />But the film has ruined the reputation of the wonderful cartoon.<br /><br />Matthew Broderick, an actor with potential, was definitely NOT the role for Inspector Gadget. First thing- in the film, Inspector Gadget is smart. Not so in the cartoon. In the film, Gadget solves the mystery mostly by himself. In the cartoon, it was almost always Penny, Brain, and the awesome book (I still want her book!). If Gadget solved the mystery, it was by accident. Gadget in the film seems to be a competent detective, but in the cartoon was pretty dumb, which was where the humor came from.<br /><br />Another thing is that it's too much ""Good Guy v. Bad Guy"" in the film. It's not just meant to be a silly Saturday morning cartoon. Also, Gadget never should have a love story, but Disney Corporation is filled with idiots.<br /><br />Also I miss the true gadgets that Gadget had, and especially the Gadget car. In the movie it was a chic convertible. In the cartoon it was a sedan police car and could turn into a van. It also barely had any gadgets and was mainly there to get him from place to place.<br /><br />But if anything, the one thing that was terrible about the movie was that it was a feature movie. Inspector Gadget was a silly Saturday morning cartoon. The movie was too serious, too overdone, had too much of a plot and wasn't even remotely as funny.<br /><br />Tip for those who haven't seen it: NEVER see it. EVER. Watch the cartoon, it's a true classic.",0
"I voted this a 10 out of 10 simply because it is the best animated story I have been able to see in quite some time. The animation is stunning. The artwork behind each and every landscape was beautiful. From the colors to the lighting to the not standard fare of artistry. I was amazed. Moving beyond the beauty on the screen, you are immersed in a storyline that is at once timeless and at the same turn fresh. Character development is brief yet these touchstone moments are exactly what is needed to clue the viewer in to what and why and how the character has come to where they stand. I'm impressed with the entire affair and think this is a must see for the entire family.",1
"Lovingly crafted and terribly interesting to watch Garfield's gritty, breakthrough performance (introducing a new kind of rebellious acting style that would carry over to the Brandos and Clifts and so on after the war) but all that sisterly affection is a bit suffocating. Priscilla Lane is a bright, engaging performer but the other sisters don't really register (though they're all allowed to be tart and witty) and I just had a hard time buying any of the other male characters besides Garfield. Jeffrey Lynn is a pleasant enough actor, but he lacks the movie star weight to match up with Garfield's hard luck Mickey Borden and that throws the film a bit out of whack. (Imagine a Jimmy Stewart or someone in the part.) Also, I was not convinced that Garfield would make the pivotal (to say the least) final decision that he made. The film needed another half hour of running time to better explain that action; it feels awfully rushed and under-motivated.<br /><br />Still, it's not hard to understand how anybody who grew up with this picture would remember it fondly. It falls short of being a classic, but it does contain a few classic moments. The two gate swinging scenes are pure movie magic.",1
excellent drama. very dark. i have never seen california photographed in such a way. bridget fonda as the deaf wife beaten by her husband is superb. the film gripped me from start to finish. very understated performance by sutherland. the direction was very european. amazing to get such a performance from fonda.,1
"Well made documentary focusing on two Sudanese refugees who get resettled in the United States. It's your basic fish out of water story with a non-fiction twist. I found it fascinating to see how Peter and Santino lived prior to coming to America and how they adapted once they arrived here (in Houston, Texas.) They expected a sort of heaven but found out that it's a lot harder than it looks to cope well in the states. They go from hopeful idealists to somewhat more realistic skeptics. Everywhere they go they meet bureaucrats with paper trails that most citizens may take for granted. They fret that they are blacker than the African-Americans here and don't feel accepted because of that. One of the ""Lost Boys"" manages to leave Houston to go to Olathe, Kansas, where he finds conditions slightly better but still less than ideal. There are people that try to help them as well as try to hurt them in this film. Not shown, but talked about, are those who put a gun to their heads and robbed them, leading one Lost Boy to comment negatively that ""all black people in America are no good."" I found it interesting, too, that they arrived in Houston in August 2001, a month before the World Trade Center was attacked by terrorists. I had hoped to see their reaction to this tragedy but it's not mentioned at all. Still, all in all, a really well done documentary with no narration. None is needed really. The ""Lost Boys"" do a fine job expounding on the events going on around them without any help at all, thank you very much.",1
"This movie was a dismal attempt at recreating a crucial time in English history. The film version of Cromwell's growing involvement in the War is marginally accurate but the overall historical accuracy of this movie was way off. This film implies that the war was started over religious differences but the Civil War was in no way Catholic versus Protestant: both sides were Protestant. Cromwell was never present at the battle of Edgehill, nor did he ever ""save the day"". The royalists did not win, the battle ended in a draw.<br /><br />As another reviewer has noted, Cromwell was certainly not one of the ""Five Members"" who were to be removed from the House and arrested. <br /><br />Overall, this movie was decent. The producers tried WAY to hard and it didn't turn out so great. <br /><br />definitely could have been better.",0
"I can't say how closely the film follows the novel, never having read the book, but since this clocks in at some six and a half hours it's a good bet that most of the base are covered or, at least, we can say with some certainty that this isn't a Reader's Digest condensed version.<br /><br />The production values are high, well up to the standards of other BBC classic series like Inspector Morse and Sherlock Holmes. We can believe Dickens' London looked, sounded, and thought a lot like this. There are some occasional minor lapses -- some sportsman firing a pistol with a percussion cap in 1840 or 1820 or whenever this took place.<br /><br />The acting too is to be applauded. Suzanne Burden is the polite and honest heroine who quietly goes about doing good. She's cute too, in a mature way, her beauty in her compassionate nature not in any flirtatiousness. Denholm Elliott is her guardian (and more than that, as it turns out). Burden and Elliott are two of the very few characters who are good in an unalloyed way. Another is a former sergeant forced to do evil by evil people. Another is a poor and helpless young boy.<br /><br />I don't think anyone else could have written this. It's got all the earmarks of Dickens -- poverty, tragic deaths, capitalism in the raw, the generous rich guy in his gated home, hidden parentage, shadowy motives, and the impotence or outright maliciousness of the justice system. Well, not the justice system as a whole but the chancery, which was evidently a court that decided matters having to do with the distribution of property. (So I gather from Wikipedia.) It became so notoriously rigid and dilatory that it was thoroughly revamped in England in 1973. Twice, Elliott's character describes it as ""a curse."" The most impressive scene involves a money-scrounging creditor hounding a retired soldier in the latter's gymnasium during a fencing lesson. The sergeant is more masculine in the traditional sense than any other male character I remember from Dickens. The apoplectic money lender and renter is screaming threats from his seat and the sergeant turns towards him and does one delicate exercise with the saber after another, each advancement bringing him closer to his tormentor, while the scarlet-faced old creditor shrinks back into his seat.<br /><br />A couple of things are missing. Often Dickens will stick in at least one or two amusing lines of dialog. (""Humbug!"" or ""The law is a ass."") Not here. ""Bleak"" house is the right title. Second, there are practically no Weberian ""ideal types"" -- no Mr. Micawbers or Artful Dodgers or Scrooges. Third, the atmosphere, the whole ethos, is relentlessly dismal. One tribulation follows another, usually having to do with money or some shameful peccadillo out of the past.<br /><br />My God, it's depressing. It's as if the author were venting his spleen on everything he hated in the world he knew. Poverty, okay. He KNEW poverty. But one wonders what the chancery did to Dickens to deserve this kind of treatment.<br /><br />Maybe I should add that I've just watched the first episode of the 2005 series -- and it's better in two ways. There is more zip in the direction, so the pace is a little faster. And the business of Jarndyce vs. Jarndyce is explained satisfactorily right up front, instead of lurking about in the shadows as that mysterious ""curse,"" so the plot is easier to follow.",1
"This movie will always be a Broadway and Movie classic, as long as there are still people who sing, dance, and act.",1
"We're a long way from LAURA. Once again Otto Preminger directs, Dana Andrews stars as a police detective named Mark, and Gene Tierney is the beautiful woman who haunts him, but nothing else about WHERE THE SIDEWALK ENDS resembles everyone's favorite sophisticated murder mystery. Instead of deliciously quotable dialogue we get gritty, harrowing realism. While the earlier film took place in the ritzy upper echelons of New York society, here we're in the low-rent district of dark streets, hoodlums, cheap restaurants and crummy flats. Tierney, gorgeous as ever, now works as a department-store mannequin and lives in Washington Heights (the neighborhood of the ""doll"" who once got a fox fur out of LAURA's Mark McPherson). This time Andrews is Mark Dixon, an older, sadder, more troubled version of the cool cop in a trench coat. <br /><br />WHERE THE SIDEWALK ENDS belongs to a sub-genre of noir, movies about police brutality focusing on cops who can't control their violent impulses. Like Kirk Douglas's character in DETECTIVE STORY, Dixon owes his seething contempt for crooks to his father's criminal past. Where Douglas is self-righteous and blind to his own faults, Andrews is burdened by repressed guilt and self-loathing. He accidentally kills a suspect and covers up his actions with an attempt to throw suspicion on a slimy gangster (Gary Merrill) whom he has been vainly pursuing for years. Instead, a kindly cab driver is suspected because he's the father of the dead man's estranged and mistreated wife Morgan (Gene Tierney). Dixon, falling in love with the wife of the man he killed, tries desperately to save her father without giving himself away. <br /><br />Among noir protagonists, Dana Andrews had this distinction: he was incapable of appearing unintelligent. Even when playing an average Joe, as he usually did, he always comes across as unusually sensitive and perceptive; more than that, his air of being too thoughtful for his own comfort gives him that haunted--and haunting--quality that was his essence as an actor. He played ordinary guys, cops and soldiers, but always with a tragic undercurrent of seeing and knowing too much. His conscientious heroes are marked by exhaustion, guilt, the inability ever to ""lighten up."" No other actor could have expressed so well the bottled-up anger, the slow-burning pain, the agonized intelligence of Mark Dixon. He also has a muted tenderness, a muffled warmth and even wry humor that make him heartbreaking. This comes out when he takes Morgan to a restaurant where he's a regular, and for the first time we see this cold, brutal man trading mock insults with the waitress, whose sarcasm can't hide her affection and concern for him. When Dixon asks his partner for money to get a lawyer for Morgan's father, he supplies it even though they recently argued and Dixon threw a punch at him. There are no words about loyalty or knowing he's a good guy deep down, but we see it all in the man's anguished silence and his wife's resignation as she hands over some jewelry to pawn. Dixon's goodness comes across through other people's reactions to him as much as through Andrews's deeply moving performance. <br /><br />Though Dana Andrews was a minor star, he may be the quintessential forties man. He goes through some movies hardly ever taking off his overcoat; with that boxy, mid-century silhouette, further fortified by the fedora, the glass of bourbon, the cigarette he doesn't take out of his mouth when he talks, he looks imprisoned in the masculine ideal of toughness and impassivity. While many noirs romanticize the two-fisted tough guy, WHERE THE SIDEWALK ENDS offers an unflinching portrait of the reality behind the façade, a gripping and melancholy exploration of the roots and consequences of violence.<br /><br />Andrews was sadly underrated in his own time (he was the only one of the three protagonists in THE BEST YEARS OF OUR LIVES not nominated for an Academy Award, though his low-key performance is far more compelling than Frederic March's hammy, Oscar-winning drunk). Fortunately, Andrews appeared in some films that ensured his immortality, and now at last this little-known film, which contains his best performance, can be seen as part of the marvelous Fox Film Noir set. This series, including a number of never before released titles (such as NIGHTMARE ALLEY and THIEVES' HIGHWAY), suggests that Twentieth-Century-Fox may have had the finest record of all the major studios when it came to film noir.",1
"One of my favorite movies. Great cast, lead by Jonathan Silverman and Blythe Danner. Serious drama situations with brilliant comedic punches. An exact mixture of character and story. Real people with real problems, and everyone has a different relationship with each family member. Sensitively moves from slightly-sad to hilariously-funny. Read the quotes. This is the best adaptation of a Neil Simon play.<br /><br />If you wanna see more of Eugene check Biloxi Blues (starring Matthew Broderick who played in both stage versions) is OK, a bit on a darker side. Get away from the made-for-TV Broadway Bound.",1
"Well, not much really to say about this. But it is really good. Very good job from Softley directing and the movie have good cast of acting. Movies plot is also believable and... hehe good. So the good is main word in this case. I just hope there would be more this kind scifi movies. Thats why this one s pointed out in the crowd. I give it 8.5 of 10",1
"I'll never understand why when a studio like Universal buys a musical it then butchers it when bringing it to screen. My first thought when seeing Ava Gardner and Robert Walker were starring I would be seeing something from MGM which did musicals best at that time. Boy was I wrong and disappointed.<br /><br />One Touch Of Venus which starred Mary Martin, Kenny Baker, and John Boles on Broadway ran for 567 performances in the 1943-1945 season and Gardner, Walker, and Tom Conway play the roles that Martin, Baker, and Boles did on stage. The Kurt Weill-Ogden Nash musical with book by Nash and S.J. Perelman was a comeback vehicle for Mary Martin who reestablished herself as the Queen of Broadway after a disappointing venture in Hollywood. <br /><br />Look at the names that went into this show. Given who was responsible for the book I expected to see some sparkling wit in this production. Instead I got a rather pedestrian screenplay, it was like all the wit was drained out of it. Doing her best to make up for it is Eve Arden playing her usual girl Friday role with Tom Conway, but it's even too much for Eve.<br /><br />The story concerns department store window dresser Robert Walker who kisses a very valuable statue of Venus who springs to life in the person of Ava Gardner. Of course when the statue goes missing, Conway yells for the law and is suspicious of Walker, the last person to be with the statue. <br /><br />The rest of the film is Walker dealing with Gardner and what will happen to both of them. For reasons I don't understand, Ava was of course dubbed by Eileen Wilson and Walker sings only a couple of lines. The singing is carried by Dick Haymes and Olga San Juan playing Walker's friends and coworkers. Of course on Broadway the songs were done by singers Mary Martin and Kenny Baker. You would kind of think that Haymes would be playing Walker's role at least. It was awkward to say the least.<br /><br />Only three songs survived from the score, Don't Look Now, But My Heart Is Showing, That's Him, and the incomparable Speak Low. Haymes's silken baritone is shown to best advantage in Speak Low which was sung as a duet by Martin and Baker on Broadway. For some reason the lyrics of one of the greatest men of verse of the last century, Ogden Nash, were done over by Ann Ronnell. I suspect the infamous Code was at work here.<br /><br />In Lee Server's biography of Ava Gardner he makes mention of a brief fling Ava had with Robert Walker when she had had a spat with her current man, Howard Duff. When Duff and Gardner reunited, Walker took it badly and didn't speak at all to Gardner off camera. I'm sure the fact that both of them were not in their best work didn't help matters either.<br /><br />Hopefully some repertoire company will do One Touch Of Venus and you'll get to see it the way, Weill, Nash, and Perelman wrote it.",0
"Although I'm a girl, thankfully I have a sense of humor and realize that this really IS a funny anime! Watching it does give you an overwhelming feeling that it's definitely a guy show but that doesn't take away from the fact that its hilarious! 10/10",1
"This is the only full length feature film about the world of bridge. I found the first 10 minutes a bit slow, but after that, the movie is absolutely perfect in describing professional bridge players and how they go about earning a living. <br /><br />Some of the scenes are very funny. I don't think that a non-bridge player would get the charm of this movie. <br /><br />Some of the dresses are really beautiful, pity the movie is in black and white - I can only imagine what they would look like in colour. The way the media are portrayed is absolutely hilarious. There is no way on earth bridge will ever be like that. <br /><br />Watch it as soon as you can, and tell your friends about it.",1
"This is an EXCELLENT example of early Bette Davis talent. The production is above average for 1936 timeframe. I cannot understand why the owners of the rights to this film have not put it on DVD. Owners, PLEASE PLEASE release it. I would buy it immediately. I have not seen it in more than thirty years, on television, but remember it well.",1
"I can't believe that anyone would green light this let alone voluntarily star in it. I will never be able to get that 90 mins of my life back.<br /><br />This has to be one of the worst films I have ever seen. Some films are so bad they're good. This has gone so far round again that's somehow it's so bad it's terrible. I was not exactly expecting much, it being a low budget, bandwagon jumping, rehash of a B Movie, but it still came in way under my expectation levels. Even TV movies have higher production values.<br /><br />There were (very) poor special effects, shocking dialogue, terrible acting and a completely unexplained plot. Who cursed her and why, why did the 6 inch snakes turn into 15 foot snakes, has anyone ever heard of highly venomous garter snakes or pythons? 100 passengers? 3,000 snakes? So many promises, none delivered. <br /><br />Some comments would have you believe that this film is worth watching for the last five minutes. It's not even worth a rental. Stay in and watch a low budget TV movie, you'll enjoy it a lot more. <br /><br />Why was this made? Oh yes, to shamelessly cash in on the internet phenomenon that is SOAP. Shame on you Mallachi Brothers, shame on you",0
"This movie was NOTHING like the book. I think the writer of the screenplay must have wanted the job of writing the sequel to Gone with the Wind and been turned down. This was his or her way of getting their ideas in anyway. The only similarity between this movie and the story it was portraying was the names of the principle characters and the location of the main action. None of the events that are shown in the movie happened that way in the book. For a Gone with the Wind fan (of both the book and the movie) this was deeply disappointing. If you loved the book Scarlett, don't watch this movie hoping to see it played out on the screen. They only share the title in common.",0
"Thanks Jymn Magon, for creating Disney's 2 best cartoons ever. This show has improved very much over the years. As a kid, I didn't like it because I thought it was a rip-off of Ducktales, which was my favorite Disney thing at the time (like Grandmoffromero). Then later on though it was good but not great. But after reading the reviews here, I decided to give it another chance & bought the DVD set & watched the whole pilot the first day I got it, & was very pleasantly surprised. It's still my favorite episode, although the series did live up to it. And by the end of disc 1, I knew this was going to be a top tenner.<br /><br />The characters are so complex & charming. My favorite has got to be Wildcat. He's absolutely hilarious and sweet to boot. My next favorite is Baloo, the best pilot on the show. I can see why 'ol Jymn built the show around him. Then it's Kit Cloudkicker. He & Baloo have the best relationship in the series. After that, Louie. Jim Cummings did a perfect job of impersonating the original voice. After him, Rebecca. She has made me laugh pretty hard, and I do believe she and Baloo eventually marry. And finally(for the heroes), Molly. Although she's my least favorite, I still like her. I think she's a very cute character(much better than Webby from Ducktales). And the villains were very original. Don Karnage & his air pirates always crack me up, Kahn is ice-cold and ruthless, and the Thembrians are always at least amusing.<br /><br />As said before, the stories range from hilarious(Time Waits For No Bear, Romance of Red Chimp) to nothing short of touching(The Old Man & the Seaduck, Paradise Lost), to fun, funny & exciting adventures(In Search of Ancient Blunders & my favorite For Whom the Bell Klangs). These are only a few of my favorite episodes. Anyway, Talespin is Disney's best, aside from Gummi Bears Some reasons for this? GB had a decent amount of my favorite character(Cubbi), while TS didn't have enough of Wildcat. But in the end Talespin remains a classic. BOTTOM LINE- 10/10 6th best cartoon ever.",1
"This depiction of forlorn Japanese forces in the Philipines is a tour de force in the utter meaninglessness of war. It is an effective representation of Japanese pacifist views after WW II. In the movie, Japanese soldiers have been left to fend for themselves in the jungles of the Philipines. Faced with impending starvation they resort to cannibalism and gradually lose what little humanity they have left. To call this film depressing would be something of an understatement. The viewer is left with an utterly despairing sense of life's lost value in modern combat. The final scene is almost too nihilistic but the film is a worthy statement none-the-less. Highly recommended.",1
"To be frank, this is probably the best version in my book as a sound movie version of the Jazz Singer. The 1927 version is really a silent movie despite its build-up as the first talkie.<br /><br />Danny Thomas is a great comedian, and he sings very well. He does the Jewish stuff with feeling. Peggy Lee is great and any film that has her is always entertaining. Allan Joslyn is not too entertaining and we could have done without him. One question: since when do Cantors live in such luxurious houses???",1
"My interpretation is that the term 'distant' is used in the sense of the opposite of 'warm'; people who are not warm toward others. The film reminds me of the teachings of the Dalai Lama in 'The Art of Happiness' where his main point is that the key to happiness is connecting with others. Not only are the characters in the film insular, but they are also humorless, charmless, shy, quiet and unfriendly. These characteristics appear to prevent them, amongst other things, from forming and enjoying relationships and being able to talk about and deal with their problems. And as a result they are terribly unhappy. I see it as a strong vindication of the Dalai Lama's teaching (I'm not a Buddist by the way). If you are one of the people who thinks that their behavior is a natural response to living in a large city then I think you may be right but I recommend the Dalai Lama's book. City life need not be like this.<br /><br />I can see why some people found it boring - it does drag a bit in places and the characters are not particularly likable. And it does contrast to Lost In Translation where the insular characters are much more likable and do connect with one another even though they don't connect with people generally.",1
"There is a certain genius behind this movie. I was laughing throughout. The scene in the phone sex office, discussing how love heals the doppelganger was a nice attempt at this genius/humor. Execution is poor, but you can see the writer's message and they do have some talent. The doppelganger split at the end was like... ""ok, wasn't quite expecting that but let's see what the movie has to say"". Certainly ridiculous, but a sweet idea and actually very coherent to the story in a strange way.<br /><br />Is the point of a movie to be logical or is it to be entertaining or communicate on an emotional level? i'm easily bored by many movies, but this one kept my interest throughout.<br /><br />I think the story may have some auto-biographical roots, but that's just a guess. Horribly bad, but good. I'm looking for other movies this person may have done (with more experience).",1
"One more of those brilliant young men who went all out and dared to make a teen romance film( can i actually call it that?- it would invoke the devil out of its fans)on a micro budget but packed with such taste, sensitiveness and maturity. Peter Sollett- you deserve more admiration and respect.Thanks once again for demonstrating to the powers that be in the ""industry"" that stereotypes can be flushed down the toilet. One location,a handful of rich characters, low budget,good acting(and that too amateurs),decent lighting - worshippers of true indie cinema should watch more of this and STOP watching...well...you know what.",1
I wasn't planning on watching wasted when I saw the MTV preview but since I had nothing better to do or watch on a Sunday night I watched it.<br /><br />Wasted was no Requiem for a Dream but it was a very good movie considering it was made by MTV. One thing that drew me to watching it was Summer Pheonix the sister of the late and wonderful River Pheonix stared. I suppose talent runs in the Pheonix family because she was good and so is Jaquien though niether are River. Nick Stahl also gives a great preformance as a junky jock. There isn't much else to say about wasted. It was a dark depressing and insightful look into the lives of three small town junkies. I recomend it to those who like the subject. 8/10,1
"This isn't ""so bad it's good""--It's ""so bad, it violates the Geneva Convention's prohibition on cruel and unusual punishment""! Only by reading the Synopsis can you even figure out the ""plot"" of this Straight to Video disaster. It's a hodge-podge of grainy stock footage spliced together with some of the all-time worst acting you'll ever have the misfortune to see. Comparing this incompetent, turgid, humorless mess to ""Dead Men Don't Wear Plaid"" is like saying that ""Gigli"" is like ""Citizen Kane"". The talentless cast are costumed in cheap, J.C. Penney ""Goin' to Church"" clothes, and there isn't the slightest attempt at period hairstyles or make-up. If you really want to see how this sort of ""homage"" can work, check out ""The Lost Skeleton of Cadavra""--It's clever, well-written, and best of all, performed by actual actors who aren't such agony to watch. For that matter, seek out the work of Phoenix artist Paul Wilson whose Sci-Fi short ""The Attack of the 70 foot Courtesy Lady"" leaves this film in the dust. The people in Terror In the Tropics look and sound like they were pulled off the street and given their scripts to read during the one and only take. This is an insult to Bela Lugosi, Boris Karloff, Lon Chaney, and anyone else involved in the films they cannibalized to make this schlock-fest! Money isn't the problem--A lot can be accomplished with very little expense. A good script, decent actors, and above Z-Grade costumes and production design should have been a given before the so-called director created this stinky pile of cinematic offal. Let's hope the ""promise"" of a sequel doesn't come true--That was by far the scariest thing shown in the whole movie!!",0
"i actually thought this is a comedy and sat watching it expecting to laugh my ass off. pretty soon in became clear this is no comedy, or at least not a 'Jim Carrey type' one. what kept we watching was the characters - the movie starts with some pretty grim, troubled people, gathered together to try and fight one of their basic fears - fear of water, fear of swimming. we start to get bit by bit into their lives, witness their troubles, guess of their thoughts.<br /><br />actually i made it look much darker than it actually is, and besides the chain of events soon brings some light and hope to their lives.<br /><br />i probably wouldn't have watched the movie had i known its not a comedy but rather a drama, but i had good time, enjoyed the story and don't mind i spent about 90 minutes with it.<br /><br />many films treat the alienation between people in the western world, this movie shows how people can get together and help each other<br /><br />""and if in the light of dying day you meet her, don't let her pass you by and leave, don't loose her, she is your gift from the sun...""<br /><br />9/10<br /><br />peace and love",1
"Duchess is a pretty white cat who lives with her three kittens in her wealthy owner's mansion in Paris. When the evil butler hears that the rich old lady is leaving everything in her will to the cats first, the butler is angered, because he wants to get everything first. So he puts them to sleep and abandons them off the side of the road. When the cats wake up, they start on a long trek home. A street wise cat named Thomas O'Malley meets up with them and offers to help them. When Edgar sees them arriving home, he is furious, and starts to mail them to Timbucktu. But Thomas' friends arrive to help save the day. The wealthy lady decides to leave her home for every alley cat in Paris.<br /><br />This is a charming film. The songs, including ""Everybody Wants to be a Cat"", are lively and upbeat. The voice cast is excellent, with Eva Gabor(who would later play Miss Bianca in Disney's THE RESCUERS films) as Duchess, Phil Harris(Baloo in THE JUNGLE BOOK, Little John in ROBIN HOOD) as Thomas, giving interesting personalities to their characters. Supposedly Walt Disney, before he died in 1966, gave the go-ahead to this film. Recommended for Disney fans or cat lovers everywhere! 10/10.",1
"As Americans, we have come to expect crapiness as ""par for the course"" when it comes to HORROR and unknown directors directing unknown actors acting for unknown writers. We truly expect this to suck & when they don't suck,it becomes an over night success.<br /><br />This is NOT an over night success, nor is it an over the weekend or over the month success. This blows from start to finish and my only recommendation is this: GO INTO THIS KNOWING IT SUCKS, enjoy it for what it is, for what it isn't & if you have something better to do, keep this on the back WAY BACK burner. It's entertaining in the way watching the elderly cross a busy street during rush hour, but don't expect much-they almost never get hit by an actual car, its just a lot of hoopla.",0
"I saw one of the stage performances in Denver and have never been less impressed. The word ""vagina"" says it all. A body part. Nothing shocking here. I could say to my doctor, ""My left arm has been hurting a bit after tennis"" or ""My vagina hurts after cycling"" with equal or more social commentary. It could be the ""Tricep Monologues"" for all the entertainment or radical comment I heard. The monologues were dull but delivered with drama, the topics were outdated, and I was alternately bored and annoyed. Once I think I laughed but apparently it wasn't when I was supposed to. Surely this isn't really a hit. Oh, and spoilers: there was a LESBIAN! - oh, wait, maybe not, come to think of it. And Inappropriate Fondling! And a Crack Mama! That about covers it.",0
"Tom is listening to one of those old-time radio broadcasts, something kids from the 1950s to today would watch on TV. However, they didn't television when this cartoon was made so people got their entertainment - from comedies to music to scary stories - from the radio. <br /><br />Tom is literally shaking in his boots listening to some story about the ""phantom."" He's actually literally doing everything the narrator is saying, such as ""hair standing on end, icy chills race down her spine, her heart beats in her throat,"" etc. Jerry, meanwhile, is watching Tom and laughing his butt off at his scaredy- cat antics.<br /><br />We then get a taste of what we will see for many years after this 194- cartoon in which Jerry tortures Tom for no reason other than sadistic pleasure. If the cat asks for trouble, that's one thing, but when he's minding own business and Jerry is physically (and in this case, mentally) abusing him, I have a hard time rooting for the ""little guy.""<br /><br />These early T&M efforts also were a minute longer than all that followed. Sometimes that one minute makes a difference. It did here as this actually dragged for awhile. It could have been cut to five minutes without missing anything because the sketches went on too long. That's usual for Tom and Jerry's. Usually, they are much faster-paced.",0
"I really don't understand who this movie is aimed at. From just the absurdity of it, not to mention the ridiculously bad acting, cheesy dialogue, and the fact that the villain is a child, I'd assume this was meant to be a children's movie... but I think there may be more swear words than Pulp Fiction, not to mention constant references to drugs and general mayhem and killing-so which demographic is it trying to please? This movie is too schizophrenic, like trying to combine Country music with Heavy metal, in the end no one is going to like it because it's a bloody paradox. I would recommend this movie because it's so funny (in a bad way) except the actors are so patently unbearable that I wouldn't want to suggest otherwise.<br /><br />I'm completely serious when I say that I could not watch more than 15 minutes of this. Terrrrrrrrrrrrrrrriiiiiiiiiiiible",0
"No movies have grabbed my attention like this one has. You see, I have wanted to watch this movie again for over twenty-five years. The one and only time I saw it was as a teen-ager which may have been the year it was released, 1977.<br /><br />What I do remember of the movie is that it touched those deep-held emotions so profoundly that there is still an overwhelming desire to watch it again. The intrigue this movie provides by the human element of father/son seeking and searching is sure to touch every human soul who watches it. Why this movie has not been brought out of storage and shown as often as many other movies of lesser depth, I do not know.<br /><br />Postscript: Received copy of movie and after watching it again was delighted to see that my memory held true. Rating reflects movie content. Would like to watch this movie on DVD as seeing this 1977 production on a used VHS tape took away from the overall quality.",1
"Twenty five years ago, I showed this film in some children's classes in Entomology and can still remember the excitement of the kids; they were spellbound! It is not just about the termites who have built and live in the ""Castles of Clay,"" but also about the other animals who use the mounds. There is a fantastic scene in which a cobra fights a monitor lizard while a colony of mongooses watch. It is a not only good for entomology classes, but also for teaching about ecology since there is so much about the interactions between the termites and other organisms and the whole ecology of all of the organisms that live in and around the mounds. <br /><br />I wish it was available on DVD, so that I could watch it again and show others.",1
"**WARNING: POSSIBLE SPOILER**<br /><br />If you can get by the extremely unpleasant subject matter, this film does offer a heaping helping of outrageously campy melodrama. Surprisingly enough, this movie has been copied and ripped-off several times over the years, although it's hard to fathom ANY filmmaker being inspired by this trashy drama. Neither one of the Hemingway women can act here (although Mariel HAS improved over the years), Anne Bancroft offers the only touch of class as a prosecuting attorney, and Chris Sarandon is by turns pathetic and unintentionally hilarious as the smirking, smarmy bad guy of the piece.<br /><br />Veteran director Lamont Johnson can't make a silk purse out of this sow's ear of a script, which is stuffed to bursting with howlingly bad dialogue and outlandish situations. For example, the final sequence, where Margaux grabs her shotgun and chases Sarandon down after his latest shocking act is meant to be exciting but elicits hearty chuckles instead. Add a notoriously shrill and spacy musical score by Michel Polnareff and you have a true guilty pleasure, even though you're likely to feel grubby and needing a hot shower after viewing it. Don't say you weren't warned.",0
"Not all movies should have that predictable ending that we are all so use to, and it's great to see movies with really unusual twists. However with that said, I was really disappointed in l'apartment's ending. In my opinion the ending didn't really fit in with the rest of the movie and it basically destroyed the story that was being told.<br /><br />You spend the whole movie discovering everyone and their feelings but the events in the final 2 minutes of the movie would have impacted majorly on everyones character but the movie ends and leaves it all too wide open.<br /><br />Overall though this movie was very well made, and unlike similar movies such as Serendipity all the scenes were believable and didn't go over the top.",1
"THE RUNNING MAN, along with TOTAL RECALL, is my favorite Schwarzenegger movie. No, this isn't 2001, but it's not meant to be. And the acting and script here isn't even up to par with other Arnie movies like PREDATOR or THE TERMINATOR. But I submit that the IDEA behind this movie is one of the coolest ever to hit the big screen. A state-sponsored game show in which criminals convicted of serious crimes compete against ""heroic"" stalkers armed with all kinds of weapons (the runners are equipped with none) in order to satisfy the public's lust for sport and blood. The ultimate prize for a winning runner: freedom. Or so the rules claim.<br /><br />For a movie with such over-the-top gory death scenes and cheesy one-liners, it really does have a lot to say. Someone else has pointed out all the commentary on culture/government presented in this movie, so I won't go into it here. Suffice it to say that if you can look beyond the seemingly silly feel of the movie, you will enjoy it very much (especially if you're a big SF fan with a lot of imagination). Like I said, it's not trying to be a serious art film, but it IS surprisingly layered for a 80s shoot-em-up flick. The premise is borrowed from a Richard Bachman (aka Stephen King) short novel, but diverges fairly strongly from its source material, especially towards the end. (The book ends rather nihilistically; needless to say this movie doesn't.) I enjoyed both, but I like the movie better.<br /><br />My favorite line: ""Guess it's caused from steroids.""",1
"If the only sex you've ever had is with a farm animal, then the tag line for this movie is probably still misleading.<br /><br />This is by far one of the most boring movies I've had the pleasure to try and watch lately. I found the DVD lying around at my friend's house, and I made the sad mistake of not burning it.<br /><br />I am unable to tell any details without spoiling the movie because there are only about 5 details to this movie. Just try to imagine someone making a movie about things on c-span only the fictional movie is 10 times less interesting than the most boring debate on c-span.<br /><br />I think there is a conspiracy somewhere in this movie, but I was unable to tell exactly what it was after I gouched my eyeballs out and threw them at Richard Gere.",0
"An example of genius filmaking. The epic story of three major stages of life for a young boy told with eloquence and raw fearlessness. Rarely does a film come along that causes me to out loud say during most of the viewing, ""this is a really good film...."" again and again. That is exactly what happened when I watched this film. I really do not understand how anyone could not like it. I found myself at moments crying and laughing at the very same moment, unable to control how I felt about the scene. The acting is outstanding. Eric Mabius- why is he not all over movie screens? He was really extraordinary. His seemingly effortless attempt on the screen impacted me in deep visceral ways. I thank him. In my opinion, Eric Schaeffer is one of the best filmakers around, and I hope he continues to rise to the challenges that he faces while trying to give us art in the face of ferocious commercial filmaking.<br /><br />",1
"Dad (78) and I (46) both had a good time watching the flick today. For a guy primarily known for serious roles, De Niro is a heckuva comic actor. Of course, it helps to have his past film images to play against. Consider that one of those roles, 15 MINUTES, was a cop having to deal with the interference of the mass media, and you have an interesting set of compare/contrast performances.<br /><br />Murphy plays another of his Axel Foley sort of characters. Shatner plays a burlesque of himself, a parallel world self who was best known for TJ HOOKER and not STAR TREK.<br /><br />It's interesting to watch how the film comments on the contrasts between the reality of police work and its fictional counterparts in TV and film. Shatner lectures on the proper means of sliding across a car hood; De Niro points out holsters scratch the hood finish. Ironically, as the film progresses, De Niro's character begins to incorporate the illusions of TV-cop reality into the real world case he's working.<br /><br />The film draws its inspiration from a gamut of sources, so one could make the comment it is derivative. Well, so what? Satire needs to derive its humor in order to exist. And besides, the film does have quirky moments of originality. For example, I'm reasonably sure the method of the villain's death has never been done before. <br /><br />One quibble about the reality of the weapons involved-- shouldn't those guns have had some kind of recoil? In order to penetrate steel, those bullets had to have enough inertia to penetrate. And any bullet's highest level of inertia is at the moment of firing. So.... firing a volley of these tank-killer bullets should have driven the shooters back onto their butts. Oh, what the heck... it's a satire. Maybe the guns' lack of recoil is itself a satire on the B-F-Guns used so casually in thrillers. <br /><br />",1
"*** Spoiler in fifth paragraph *** This was an amazingly frank (uh-huh, uh-huh) picture for 1955. Otto Preminger and Carlyle Productions took a chance by making it, the Motion Picture Association of America balked at certifying a film that openly shows a junky jabbing a syringe full of heroin into his arm. Frank Sinatra took a chance both on playing an addicted musician and at falling flat on his face in a role that required at least twice as much acting as he'd ever done. All in all these gambles paid off, the movie is a classic, though it's not perfect.<br /><br />Nelson Algren's novel may be great, but it has far too much going on to fit comfortably into a two hour movie 'The Man with the Golden Arm' is 119 minutes and often feels much longer. However, in my opinion it's not just Frankie Machine (Sinatra) that makes the film but the other characters and their sub-plots, all involving Frankie. Ultimately it's not just Frankie who has the addiction, everyone and everything seems to be dependent on him and he feels it keenly. When the pressure gets to be too much the drums start pounding on the soundtrack and Frankie steps across the street with his well-dressed ""friend"" Louie.<br /><br />It's an exaggeration to say that Frank Sinatra's music career was ever really in the doldrums, but in the early 50's he was in limbo between his days touring with big bands and the Las Vegas era. 'From Here to Eternity' established him as a serious actor and his career as a singer rebounded as well, but 'The Man with the Golden Arm' was still a significant challenge, the whole show sinks or swims with his performance. He pulls it off with such skill that for several minutes at a time I forgot I was watching Frank Sinatra, he must have known junky musicians and exploited that knowledge to the utmost.<br /><br />Set side by side with Billy Wilder's masterpiece 'The Lost Weekend' there is more emphasis on the sociological causes of addiction in 'The Man with the Golden Arm.' Whereas Don Birnem (Ray Milland in 'The Lost Weekend') seems to struggle mostly against himself, Frankie Machine is beset by external forces and he takes refuge in the needle. Neither approach is wholly right or wrong, mostly because addiction is impossible to fully explain, but it seems like this film might have benefited from a little more insight into Frankie's internal struggle.<br /><br />*** Spoiler *** One of the problems I have with this film is the clichéd reliance on ""quitting cold turkey."" I realize that 'The Man with the Golden Arm' was probably setting the trend rather than following it but that doesn't make it any better. In the beginning of the movie Frankie has to all appearances kicked his habit with the help of a doctor and a treatment facility of some sort. Naturally the drama of the film requires that he backslide, but I found the All-American ideal that a man has to face his problems alone (or maybe with the help of a good woman) out of place here. Going cold turkey and riding off into the sunset with Kim Novak seemed too unrealistic. The end of 'The Lost Weekend' was similar but in my opinion was a little less rosy.",1
"This is not an entirely bad movie. The plot (new house built next door seems to be haunted) is not bad, the mood is creepy enough, and the acting is okay. The big problem I had is that, being familiar with Lara Flynn Boyle (from Twin Peaks and other shows), I couldn't get over how different she looks with her apparently new, big lips. I kept staring at them. They look so out of place on her face! They make her look completely different (and not better).<br /><br />Mark-Paul Gosselaar, the actor who plays Kim the architect who designs and pours his heart and soul into the house, does a fine job. And Lara (as Col) is also quite good (but those lips!) as the owner of the house next door. Her husband, Walker (Colin Ferguson) is appropriately wooden. The various characters who live in the house were also fine. I particularly liked Pie (Charlotte Sullivan) and her husband, Buddy (Stephen Amell), the first people to move into the house. The attempt to involve us in the overall neighborhood vibe fails, unfortunately, as the other neighbors are not particularly likable.<br /><br />For some reason the director was unable to make the ""haunted"" house particularly ominous. Other movies (such as Amityville Horror, The Legend of Hell House) manage to achieve that spooky feel, but it just doesn't happen here. The closest is when Col paints a depiction of the house.<br /><br />Another thing that didn't work for me is the plot twist that occurs with Kim, the architect. Initially, he appears to be a victim of the house like the others (it has sucked him dry of inspiration), but later he seems to have joined forces with it in evil.<br /><br />Overall, not a bad movie for horror fans if you can take your eyes off those big lips!",0
"This is the best Emma in existence in my opinion. Having seen the other version (1996) which is also good, and read the book, I think I can safely say with confidence that this is the true interpretation and is the most faithful to Jane Austen's masterpiece. The 1996 movie with G. Paltrow is good too, it's just that it's almost like a different story altogether. It's very light and fluffy, you don't see the darker edges of the characters and if you just want a pleasant movie, that one would do fine but the intricacies of some of the plot points, such as the Churchill/Fairfax entanglement is so much glossed over as to be virtually non-existent. But if you want the characters fleshed out a bit, more real and multidimensional, the 1996 TV version is the superior. Emma is a remarkable person, but she is flawed. Kate Beckinsale is masterful at showing the little quirks of the character. You see her look casually disgusted at some of the more simple conversation of Harriet Smith, yet she shows no remorse for having ruined Harriet's proposal until that action has the effect of ruining her own marital happiness at the ending. You see her narcissism and it mirrors Frank Churchill's in that they would do harm to others to achieve their own aims. For Emma, it was playing matchmaker and having a new friend to while away the time with after having suffered the loss of her governess to marriage. For Frank Churchill, it is securing the promise of the woman he loves while treating her and others abominably to keep the secret. In the book, she realizes all of this in a crushing awakening to all the blunders she has made. Both Kate Beckinsale and Gyneth Paltrow are convincing in their remorse but Paltrow's is more childlike and stagnant while Beckinsale's awakening is rather real and serious and you see the transition from child-like, selfish behavior to kind and thoughtful adult. Both versions are very good but I prefer this one.",1
"OK. Who brought the cheese. I love it. During it's run it became a phenomenon. The Anorexic Twins became popular.Bob Saget started making a paycheck (Instead of his REALLY funny stand-up). And people knew who Dave Coulier was. This is when life was good and simple. This is one of the great American classics. It was humorous and always brought home a good lesson. And this is where I differ from the norm: I liked the last few seasons. Like Home Improvement, when children get older there are a lot more you can do with the script. This is why I dare say...It could have gone much later than it did. But anyway. I gave it an 8/10 because of its wholesome, funny story lines, and because of Bob Saget!",1
"Footprints is a very interesting movie that is somewhat difficult to categorize. ""Psychological thriller"" is the most appropriate description I can think of. The female protagonist, Alice Cespi, discovers that she doesn't remember anything of the last three days. The only clue she has is a torn photo of a hotel. She is also haunted by a recurring, very vivid, dream about a science fiction movie that she believes she saw many years ago. In her pursuit of the truth behind her amnesia she doesn't trust anyone, but little by little it becomes obvious that she has visited the town where the hotel is located before. This is an exciting flick whose main virtue is that it is virtually impossible to predict how the events will unfold, and particularly, how it will end. The unusual loneliness of the main character and the unreliability of everyone else ensure that the good old paranoid feeling is present throughout the film, whereas beautiful colors and some spectacularly filmed sequences make this a visually attractive movie as well. The important part of the one and only Nicoletta Elmi, everyone's all time favorite redheaded obnoxious child star of Italian horror, is an extra bonus.",1
"Snakes on a Train is a movie I rented due to the pure amusement of the thoughts I had, about the movie. Snakes on a Plane was an enjoyable Action film, so obviously the film makers wanted to cash in on the success, with this low budget effort. At 85 minutes, Snakes on a Train is almost unbearable to witness. I had to keep pausing the film to do something to entertain myself, due to the lack of happenings in the film. Throughout the duration of the film, it's never fully explained why this girl has this curse, or why she keeps coughing up this green/purplish goo constantly. Not only that, there is endless boring dialog of the two main characters, Brujo and Alma discussing how to get rid of the curse. I can appreciate low budget film-making. I'm truly not picky on movies, i'm open to any genre or budget, but Snakes On A Train is truly one of the worst Horror films I have ever seen. Were the writers on Acid or something at the end of this film?. Why did the woman suddenly turn into a giant snake? and most importantly how on earth was it able to devour the train?.<br /><br />Bottom line. Snakes on a Train is a movie that needs to be avoided at all costs. Don't be intrigued like I was by the title, this is a movie that's seriously bad. Let's put these snakes to rest<br /><br />0/10",0
"I haven't actually finished the film. You may say that in this case I have no right to review it, especially so negatively. But I do, only because I stopped it on account of I couldn't watch anymore...I got over halfway, and I only got there by promising myself something good was just around the corner. This film is so tiresome, so lackluster that I was actually insulted. I haven't read many of the other reviews, so I'm not sure if there are other homosexual teens who have suffered through it, but I am homosexual, and I did go through ""similar"" revelations, day dreams, issues etc etc. There were maybe two moments where I actually felt this film could go somewhere, where I felt it may have some inkling of meaning, or relativity, but these hopes were dashed the moment the next set of cliché-ridden narration came on. I mean, just look at the quotes on the IMDb page. Unfortunately you're not able to hear the scratchy play back, nor the echo-ey fades if you're just read the quotes, because they are just too painful/ridiculous/stupid to miss. I did give the film three stars, and all three of those stars go to the films cinematographer who did a fantastic job attempting to transform Archer's tired ""concepts"" into something watchable. Mind you, I pray he wasn't the one who decided to include all the long shots of TV closeups...another unnecessary cliché already over done in films such as Korine's Gummo... I think it is extremely fitting that this film premiered at Sundance (only because Archer had connections in the festival via volunteer work he did, by the way...) because Sundance seems to be the one festival where cliché heavy drivel like this is still accepted as ""arthouse"". No, it's not art house, I'm afraid it's just plain s**t-house. Do not watch.",0
"<br /><br />""step aside for hollywood veterans?"" (the wayan brothers were 'asked') thats what hollyweird demanded and thats what it got. However, like so many of its recent decisions this one was a stupendous mistake.<br /><br />The director is SO out of touch with todays audience, attempting to bring back physical pratfalls and gags in place of funny dialogue is just a DISASTER. I knew it, the audience knew it and the CAST knew it.<br /><br />What a shame, why did they EVER consider changing directors? Not only that but the two Wayan brothers played as two of four primary characters, without them its just a farce and a sad one.<br /><br />SP<br /><br />",0
"Rourke does his usual bit part,as a sinister,rancorous,Neanderthalian,ferocious,evil jerk,in the same mold as in ""Picture Claire"",""Out in Fifty"",""Get Carter"",""Double Team"" and the rest of the garbage he happens to be in.<br /><br />He has very few lines.<br /><br />Of course,all this is just junk,undervaluing Rourke,abasing him,and doesn't matter for his characterization as an actor.Still ,after seeing ""A Prayer ..."",""Johnny Handsome"",""Barfly"",""9 1/2 Weeks"",""Year of the Dragon"",etc.,etc.,for many years I considered Rourke an outstanding,smart,intelligent man.I think he has changed since.<br /><br />He looks callous,calcined.<br /><br />""He went about with gloomy looks;/Despair inhabited his breast/And made the man a perfect pest.""(Belloc,""The Example"").<br /><br />I had absolutely no other reason to watch this dull movie except that Rourke was in.",0
"I'm trying to picture the pitch for Dark Angel. ""I'm thinking Matrix, I'm thinking Bladerunner, I'm thinking that chick that plays Faith in Angel, wearing shiny black leather - or some chick just like her, leave that one with us. Only - get this! - we'll do it without any plot, dialogue, character, decent action or budget, just some loud bangs and a hot chick in shiny black leather straddling a big throbbing bike. Fanboys dig loud bangs and hot chicks in shiny black leather straddling big throbbing bikes, right?""<br /><br />Flashy, shallow, dreary, formulaic, passionless, tedious, dull, dumb, humourless, desultory, barely competent. Live action anime without any action, or indeed any life. SF just the way Joe Fanboy likes it, in fact. :(",0
"Shot in the Heart is wonderful. It brilliantly illustrates the plight of Gary Gimore, a convicted murder who requested death. Shot in the Heart shows the ordeal that Gilmore's family, torn up by hatred, went through. This movie is an incredible psychological study, and is wonderfully depressing and uplifting. 10/10",1
"This film is a brilliant retelling of Shakespeare's classic love story, complete with ""kinky sex, body piercing, and dismemberment"". It does follow the same spirit as all the other Troma movies [except Combat Shock...That sucker was depressing] but it's not only for Troma fans. Anybody who appreciates lowbrow visuals and a hilarious script will without a doubt fall in love with this movie.<br /><br />Don't expect pretentious, artistic-wannabe crap like the version of R&J with Claire Danes and Leo DiCaprio; this one knows its a silly movie and draws its humor from that. The acting is also surprisingly good, and you can just feel Sammy Capulet's pain as he tries to put his brain back into his head.<br /><br />The soundtrack, which contains many original and high-energy bands like The Wesley Willis Fiasco, Supernova, and The Meatmen is also four-star. This movie should be viewed by all, because it remains faithful to the original story while still being jam-packed with Troma's trademark gore/sex humor.",1
"It is like what the title of this thread say. Only impression I got from that movie is that Marlee Matlin's character was always angry, so cynical, and so pathetic. Her character's first date with William Hurt's character where they were dancing were dumb. All in all, I've tried to finish watching the movie four times, and of all four times I fell asleep. I would keep watching that movie with one intention... to beat my problem with insomnia, because all it do is to put me to sleep. Sweet dream.",0
"This movie could have been an impressing epic, but the makers seem to have done their utmost to make it appear foolish. Even God Himself is not spared in this movie, in that His words are drenched with childish jokes. The result is blasphemous and annoying. Only people who don't care to see a cheap parody on the biblical story may perhaps watch this film without embarrassment. The makers of this tasteless production should see 'Il Vangelo secondo Matteo' (The Gospel according to Mathew), a film of Pier Paolo Pasolini, who shows that it is unnecessary to pervert the words of the Bible to make a good story; the most impressing result is obtained by a sincere rendering of the plain text itself.",0
"pardon my spelling. This is probably the funniest horror movie that ever existed. Think evil dead * 1000. The acting is horrible, you can see the makeup line on a certain lady's face. there is a lesbian scene, which makes no sense at-all. And the ending, haha ohhhh the ending... be prepared to have your stomach hurting from laughter. Now if you watch this film for more then 5 minutes and are still expecting something, take a look at your self, and ask what the hell is wrong with you. This is a very bad movie, meant to laugh at and enjoy for its pure silliness.<br /><br />Don't forget to watch all the outtakes after the movie, you can see just how low budget the whole thing really was. All in all this movie is a rare gem in demonstrating the pure and udder lack of talent/care/ability/money/ and anything else you would ever need to make a successful film. But its definitely worth watching.",0
"Thanks to the BBC for this show. I used to suffer from an inferiority complex, I hated leaving the house, talking to new people and I had an overwhelming sense that people hated me. However after watching one episode of 4 Non Blondes my fortunes started to change. After episode 2 I started applying for new jobs, wearing fashionable clothes and I actually felt talented. When the series had finished I was running the sales department at work, banging a plethora of women and frequently won the karaoke competition down my local. If you ever have a confidence crisis and don't know where to turn then take a trip down to Poundland and pick up the DVD it's only 99p.",0
"As the film opens, two thugs kill another thug. When the body is discovered and about to be autopsied, the doctor realizes that although the man was shot dead, he was also suffering from the Pneumonic plague--a very nasty and more virulent version of the Bubonic plague! So, it's a race against time to find those who came in contact with the dead man and treat them immediately, otherwise a disaster could erupt.<br /><br />Oddly, I actually know quite a bit about the Pneumonic plague, as I taught a series of lectures on it for my history classes. The film really did not do a good job of getting the facts right about the disease in that it looked little like what the people had in the movie. The biggest problem is that this illness is so incredibly grotesque that in 1950 they really wouldn't have been allowed to show it. Sure, there is high fever and coughing (they got this right) but also lots of bleeding and explosive vomiting of blackened blood--along with the enormously swollen lymph nodes like you'd get with the Bubonic plague--all purply and gross! I can certainly understand why they didn't go this far. Also, I am sure that the federal government would have had a much, much greater involvement in controlling and treating the disease--here in the film it was handled on a very local level and everyone seemed ill-prepared and a bit dumb. No one seemed willing to believe the doctors!! As for the acting, the film had some excellent actors here. Richard Widmark and Paul Douglas are, respectively, the public health doctor and police chief. Good actors but also known actors back in 1950. However, in his first film is the very menacing Jack Palance (still going by his original moniker, 'Walter Jack Palance') as well as the relatively unknown (at the time) Zero Mostel. Palance was great--very scary and very physically adept in his own stunts. Mostel played a heavy typical of his early work--a greasy and cowardly sort of evil.<br /><br />Overall, despite really not getting the details right and wrapping everything up a little too neatly, the film is very tense and has excellent acting--and is well worth seeing.",1
"I've been looking forward to the release of this movie since I first heard the concept two years ago, and I was not disappointed. I won't bother summarizing the story since everyone else has, but I will say that it was just plain entertaining throughout. The performances were great, as was the music, and the main characters were likeable.<br /><br />My only complaints are: (1) the story was definitely lacking; the movie wrapped up very abruptly- in fact the writing became pretty lax in the second half, as though the writers weren't sure what to do with the plot. Since the plot wasn't nearly as important as the music and the action, this didn't really affect the entertainment value of the film, so this is not as major a complaint as it would seem.<br /><br />(2) This is really nitpicky, but the music that the characters in the movie were listening to was sometimes dated after 1985, when the movie was set. INXS' Devil Inside was from 1987 and AC/DC's Are You Ready was from 1990, among other mistakes. This bothers me a bit, since they obviously went to lengths to make a good period piece, they could have checked the copyright date on these songs to make sure they were 1985 or earlier. Again, not a big deal.<br /><br />Oh, I thought of something else that was strange. The Steel Dragon band members were supposed to be English, but for some reason Dokken bassist Jeff Pilson and Ozzy guitarist Zakk Wylde played band members, and they each had a couple of speaking lines in AMERICAN accents. That was kind of lazy also, but it was still cool to see actual musicians playing musicians, so I will forgive that as well.<br /><br />I could probably nitpick all day, but I don't want to give the impression that this wasn't a super entertaining movie. I will probably buy the DVD when it comes out, and I will certainly buy the soundtrack CD simply for the six Steel Dragon songs (some of which were sung by the singer from the band Steelheart, if you remember them!). The highlight of the film was possibly a great outtake where Mark Wahlberg is lipsynching to a rock song on stage and suddenly someone plays ""Good Vibrations"" by Marky Mark and the Funky Bunch. The surprised look of Mark's face is priceless. Classic rock and roll flick! Score: 8/10 due to extreme entertainment",1
"I never heard of Mishima before I watched this film and although parts of it are a little tedious, I still find myself drawn to watch it when it is repeated on the box. At the beginning of the film, we are told about a celebrated Japanese writer behaves like a lunatic and commits seppuku in public. As the film progresses you are gently inducted into twisted logic of Mishima's mind. The stages of his life are are presented in four chapters. Each chapter itself is a blend of two contrasting narratives, the first continues the story with scenes from Mishima's life and appear in black and white. The second narrative is an adaptation of scenes from a novel and these are staged like a play and filmed in vivid colours. There is a different novel staged in each chapter. Between each chapter, the narrative returns to the present, as Mishima proceeds towards his eventual ritual suicide. This means that the drama and tension is maintained until the end.<br /><br />I suspect that many people will find this film to be boring pretentious and art-house. I respect that, this is not a film for people who want action and a strong story line. If on the other hand you are the kind of person who relishes the opportunity to penetrate the mind a bizarre man while watching his life story told in collage of beautiful pictures set to music by Philip Glass, you will love it. I loved it.<br /><br />",1
"1985 was a good year for films - maybe even great - but this one missing out on a gong went a long way to convincing fans that ol' Oscar is little more that a hood ornament for good party members.<br /><br />11 nominations and not a single title: such was the Academy's disdain for one of their greatest directors; and one who had to wait another 8 years before whatever prejudices had prevented them from handing him the statue before allowed them to give him 7 for Schindler's List, which is, arguably, not as good (and I'm half-Polish).<br /><br />Don't get me wrong, Schindler was a classic. And I'm not knocking 'Out of Africa' (which won that year) either; but it was, in my mind, a class behind this one: an epic story of suffering and hope that brought me to tears - and I'm not a big cryer.<br /><br />Maybe it was the music (superb), or the cinematography (sumptuous), but more likely simply the acting: Whoopi, who proved to all of us that she was much more than just a comedienne; Danny Glover, who I'd never heard of before; and, of course, Oprah.<br /><br />The rest is history; but, at the time: who knew?",1
"I watched this last night for the first time in 40 years. It's bad. Really bad. But it has enough hilariously awful moments, that it's worth watching. First of all, was it deliberate to make the boy being babysat completely effeminate? He even says to Costello a la Mae West ""you fascinate me!"" as Costello does a double take. God only knows what would have have happened if the babysitter had been a hunk. THIS kid would have seduced him in a heartbeat! Then there's the principal male dancer. He is totally inept. Roar with laughter as he leaps and prances with no talent whatsoever over the giant's grave during He Never Looked Better in His Life. The two romantic leads are zeros, wastes. Abbott gets to sing one line and that was dubbed in by another singer. Geez, I guess he couldn't even carry a tune! Costello does manage to be charming in his I Fear Nothing number, and I guess very small children might like it, but there's not much to recommend it. But oh that seductive effeminate boy! THAT aspect alone blew me away! Plus the fact the family accepted anyone off the street with no references to babysit a child! Today, little femmy boy would be taken away from them!",0
"1989 was already a year in where Eddie Murphy wasn't that longer hot and started making movies that soon would be forgotten. Funnily enough, it was also the year in where Murphy directed his first film, but it also would be the first and last experiment. ""Harlem nights"" wasn't exactly what you can call a success even if it was great to see the two best black comedians together namely Murphy and Richard Pryor. Don't blame it on the actors as they all played their roles like you expected them do, even if you have to face (again) the typical Murphy-laugh. The worst thing from ""Harlem nights"" are both the scenario and its terrible decors. Everything is set in the roaring twenties and everybody has their profit from the forbidden clubs. Sugar Ray (Pryor) and his adopted son Quickie (Murphy) are gathering easily 10000 dollar per day but of course soon the mob and the corrupt police come around the corner to claim their part of the cookie. Sugar and Quickie aren't guys who give their money for free and have their own plans. You can watch ""Harlem Nights"" that's for sure, but if you puke from the moment you hear the name Murphy you better avoid as after all this movie is nothing but a lame excuse to see some good jokes.",0
"The film begins with a little girl (Rita) seeing her father killed. He apparently was a criminal who squealed on his fellow crooks. Later, and this part makes little sense, the girl has grown to adulthood and STILL her father's past haunts her! A bit later, Rita meets a good-for-nothing and dates him. During one of their dates, he's a bit intoxicated AND driving like a total fool. The cops give chase and he speeds away--killing a pedestrian in the meantime. Here comes the Really stupid part. He convinces her to confess to the crime, as he assures her his lawyers can get her off scot-free. Why, oh why, would she agree to this?! Yet she does and spends the next couple years in prison!! And, soon after her conviction, this boyfriend disappears--showing that he's a total heel. What a chump!!! Later, after her release, her friend (Jack La Rue) informs her about the truth about the boyfriend. Then, he explains, the boyfriend's family is loaded and she should shake them down for lots of cash for all the trouble he put her to by taking the rap. Frankly, this does make sense--as they certainly owe it to her--especially since they knew she'd go to prison and had every intention of using her and then casting her aside.<br /><br />Now the idea of bleeding money from the rich chumps is a good plot idea. However, there is no way this would have occurred in the first place because it's hard to believe anyone could be so stupid as to take the rap for a hit-and-run! In an interesting twist, the dumb lady decides on a life of crime--donning a wig and picking up a rich guy--taking him into the desert and robbing him at gunpoint! Wow...how she's changed! Apparently she loves the idea of stealing from ""phonies""--i.e., rich hypocrites. However, and this made no sense, she soon stopped doing this and began shaking down the father of the old boyfriend--why she bothered to do some petty robberies in the meantime made little sense. And, what also was a bit hard to believe was that instead of wanting money from the old jerk, she was interested in getting him to put his influence behind a mob-controlled man for mayor. Odd...very, very odd.<br /><br />In the meantime, another plot develops involving a young Alan Ladd. He's an undercover agent who has infiltrated the mob. He was chosen because he just happens to be a dead ringer for a real crook--what a cliché! But what makes no sense is that this real crook isn't in jail and is out committing crimes while the fake one is infiltrating the mob in another town.<br /><br />Eventually, evidence that Ladd is able to uncover is enough to issue warrants to the mob kingpins--including Rita. This is a case of very bad timing, as in the interim, she's made a decision to become a decent and legitimate woman, as she's met a really nice guy who she wants to marry! Wow,...what are the odds?! Overall, this is a goofy and rather dumb movie that suffers from ""kitchen sink syndrome""--in other words, there is way too many plot elements and weird twists to make the movie the least bit believable. Plus, since the movie is only a little over an hour long, it all seems very forced and contrived. It's a relatively bad B-movie from crap-studio PRC of note only for the performance of Alan Ladd just before he gained great fame the following year at Paramount.<br /><br />By the way, this DVD was released by Alpha Video---a company which sometimes releases some wonderfully obscure titles (mostly public domain) but which NEVER cleans up the prints or adds closed captions. In other words, the DVD production values are strictly 3rd-rate...at best.",0
"If you want to be cynical and pedantic you could point out that the opening where a RAF Lancaster bomber is mortally wounded on the 2nd of May 1945 is somewhat unlikely since German air defences were as lively as Adolph Hitler on that day but this isn't a movie that should be viewed by a cynical audience and I guess a character being killed in literally the last hours of the war adds to the poignancy . In fact you'd have to have survived the second world war to fully appreciate the intellect , beauty and soul of Powell and Pressburger's masterpiece . The scenes of heaven are painfully twee when viewed today ? Again you have to view the movie of the context when it was made . RAF bomber command lost 58,000 men during the war , the same number that America lost in 'Nam but during a shorter period and a far , far smaller pool of active combatants , there's no atheists in a fox hole and I doubt if you'd lost a relative during the conflict you'd view material atheism as being a sensible thing . When Richar Attenborough's young pilot looks down in awe at the sight below him many war heroes must have openly wept at this scene as they remembered much missed comrades who didn't survive the war . Also bare in mind that despite losing several million people from 1939-45 there seems to be very few people from Germany passing through the pearly gates . it's obvious Nazis don't go to heaven <br /><br />The plot itself where dashing young pilot Peter Carter arguing for his life in front of a celestial court wouldn't have had much appeal to me if it wasn't for the subtext , you see A MATTER OR LIFE AND DEATH is a highly political and visionary film that laments the end of the British empire as it's replaced by American ambitions . There's little things that show up the film as being made by people aware of American history and culture . One is the ethnic mix of America , even today many Britons think that the USA is overwhelmingly composed of White Anglo Saxon Protestants when in fact only 51% of Americans are "" White European "" . The film rightly contains a scene where a multitude of different races confess "" I am an American "" as Peter is judged by Abraham Farlan , an Anglophobe who was the first revolutionary killed by British forces in The American War Of Independence . As for the "" special relationship "" between Britain and America - What special relationship ? Powell and Pressburger know their history when it comes to Britain and America . They obviously know their future too <br /><br />So remember to watch this movie with some of your mind in the past and some of your mind in the present . It's strange , beautiful , poignant and clever but most of all it's a film that would never ever work if it were made in the last 40 years . Can you imagine if the story was set in 2003 and revolved around a British soldier killed in Iraq ?",1
"This second film is just as interesting as the previous one except that there is no suspense. We know what he is going to do and what is going to happen before it is even hinted at on the screen. Then the pleasure comes only from the way the various tricks happen and the succession of them. We know there will be dynamite in the car, that he will lose a wheel, that the car will have a crash, just to speak of the car. And that is what happens. Now the details and the particulars are for you to discover them in the film. That he may be baited by some dumb woman is obvious and has to come but we know that he has already seen through her and that he knows he is being dragged into a trap. Now, how is he going to get out of it? That's what you must discover by yourself. And don't worry he will get the main trafficker but how is another story. A speed boat is no match to our busy beaver on the river. We also know when he is going to be wounded. They did not know what bullet-proof jackets were in those days. It's true recently it was discovered that some GIs did not have that kind of equipment in Iraq. But what is the meaning of such a film? This insistence on hunting the traffickers and this blindness that does not see that it is the prohibition that creates the problem. But the film is a constant and perfect illustration that there is no value what so ever that can stand in the way of this moralistic crusade against the forces of evil. Why not simply legalize these goods so that they can be properly observed and under surveillance? When something is not illegal or pushed out of the way it is all the less fun to use them, to do them. It is the forbidden or the restricted that is attractive.<br /><br />Dr Jacques COULARDEAU, University Paris Dauphine, University Paris 1 Pantheon Sorbonne & University Versailles Saint Quentin en Yvelines",1
"There are exactly 2 good things to be said about ""Fantasies"" (both mentioned by a previous reviewer as well): <br /><br />a) Bo Derek's extraordinary, poetry-inspiring beauty. She has shots in this movie where she gives even Catherine Zeta-Jones a run for her money, and that's a high compliment indeed. Her nudity is brief and discreet, but just looking at her face is enough.<br /><br />b) The Greek island setting, with its sun and crystal-clear blue waters.<br /><br />Other than that, there is no story, the dialogue is abysmal and at times unintentionally funny (""He touched you where you're a woman!""), and Peter Hooten's character is a slimy jerk. Bo overplays the naivete of her character, but then again when you have to work with dialogue this bad it's unfair to blame the actors (the fact that she kept saying the name ""Damir"" in almost every sentence is a major irritation). Oh, and although the film is set on a Greek island, there is hardly a Greek word to be heard - apparently everyone there, from kids to old people, speaks English the whole time. (*)",0
"This movie truly shows the farce and hypocrisy of Indian society. What it tries to show you is only ONE side of the story. The other side of the story is the hidden emotional and mental abuse of Indian children which this movie does not show.<br /><br />""Indian Parents"" are culpable for the following: a. Destroying the individuality of the children by making them completely dependent on the parents at a very early age. Such children grow up to be Adults only in physical looks but remain children in minds. Since everything has been provided to them by their great Indian parents, They children automatically do not feel the need to work hard at something or learn the basics of human communication with other human beings apart from their parents.<br /><br />B. I can show you so many Indian parents who try to prevent their kids making friends, going out or prevent them to do anything which starts making them to grow into adults.<br /><br />The reason why they do is the same selfishness. Indian parents ""expect"" their children to take care of them when they grow old. They do no savings for themselves and once they reach the age of 50...They cry out LOUD......We have grown old now and so we are dependent on you children since we have done the GREAT SERVICE of bringing you to this world and taking care of you and making you intellectually weak.<br /><br />Most of the Indian parents at the age of 50 have dilapidated bodies and health and are financially completely insecure. Most feel that they ABSOLUTELY have no need to take care of themselves since they ""expect"" their kids to take care of them.<br /><br />In the west the opposite of that happens. People start planning at the age of 20 about their retirement and once they retire they are financially secure.<br /><br />Indian parents do NOTHING of that sort since like I said they have brought the kids in the world and what better investment at that?.<br /><br />I am a victim of my Indian parents (i am sure there are countless other Indian kids like me), who have grown up physically but are still struggling with their lives on THEIR OWN and they continue to have pestering 50 year olds who cry out loud for HELP all the time.<br /><br />This movie shows only ONE side of the story.....UTTER piece of JUNK",0
"I'm sure that any legitimate submariner would happily ship out on the USOS Seaview (yes, SOS...) Why, you could play full-court basketball in the torpedo room, it's so large. And how 'bout the bay windows in the bow, the better to see giant squids or minefields that appear out of nowhere? Did I mention the colorful mess-cook with the parrot on his shoulder? And the Admiral's stateroom with what appears to be a loft? Big bleeping sub...<br /><br />OK, OK...it's never gonna win any prizes for authenticity. And if the sub is laughable, the plot is even worse. Somehow the Van Allen belts of radiation, hundreds of miles in space, have ""caught fire"" are going to make global warming look like a weenie roast. Pompous Admiral Nelson (Walter Pidgeon), along with his sidekick Lucius (Peter Lorre, looking suitably uncomfortable) hatch a scheme to put out the fire by firing a missile into its midst.<br /><br />There's plenty of intrigue (sic) along the way, with a born-again survivor (and his little dog, too!) two ""dames"" who can never leave well enough alone, a passel of ""red shirts"" who are expendable, and plot holes big enough for Godzilla to walk through. Thrill to the Seaview being chased at what looks like 60 miles per hour by another sub -- no need for advanced sonar when you can follow from 100 feet astern.<br /><br />The movie careens from one cliff-hanger to another; the payoff is so anticlimactic as to be pointless, certainly not worth the 1 hour and 50 minute wait.<br /><br />The technical adviser for this shipwreck must have been a 14-year old boy with a stack of Popular Mechanics magazines. Worth watching, if only to riff upon.",0
"Guys and Dolls is a unique play based on the characters. Sky Masterson<br /><br />(Marlon Brando) is a high-class gambler who takes up a bet with Nathan Detroit (Frank Sinatra) for one-thousand dollars. Nathan needs the money so he can<br /><br />run his usual crap game and make a fortune. The bet was that Sky wouldn't be able to take just any girl to Havana, Cuba and the ""doll"" he chose was Sarah<br /><br />Brown (Jean Simmons) who was in charge of a missionary. Sky finally bribes<br /><br />Sarah enough to go to Havana with him. They end up falling in love with each other, but later she accuses him of something he had no part in. Nathan ran a crap game in the missionary the night they were gone. Nathan's 14 year fiancé Adelaide (Vivian Blaine) disapproves of Nathan's gambling and tries to stop him from doing it. However, when the movie ends it all ends happy with a double<br /><br />wedding.<br /><br />The songs in this movie are just wonderful no matter who sings it. Marlon<br /><br />Brando has no singing voice at all and true they could have dubbed him but it didn't really matter. He did a wonderful acting job (obviously seeing as it's Brando) and played his character very well. I have seen a few movies with Jean Simmons and thought that this movie was her weakest one, she also couldn't<br /><br />sing at all. However, the singing is made up by Frank Sinatra, Vivien Blaine, and Stubby Kaye. Vivien Blaine and Stubby Kaye was also in the original<br /><br />Broadway production of Guys and Dolls. Vivien Blaine had a terrific voice and was the perfect Adelaide. If you like musical, and even if you don't, i advise you to watch this.",1
"Diego Armando Maradona was, and still remains as the best football player, the game has offered. Not just an athlete, but an artist. This documetary if the 1986 World Cup will forever live in the memories of every football fan around the world. Because of his tremendous and unbelievable goal, which he scored against my own country(england). There's absolutely no point of diminishing this star. Although I dont undersand spanish, I can appreciate the argentine narrator. He actually cries of happiness, and can barely express his emotion..... Anything I wrote can be senseless and difficult to comprehend, but readers.....you have to watch this to know what I mean.",1
"Black Candles is rather a muddled mess from the same director that brought us ""Vampyres"" and much later, ""Rest in Pieces"", among others..I'm only noting the ones I've seen. At any rate, we have a couple making love and then somewhere near by a pin is poised over a voodoo doll and then pierces it, and the man keels over. Not sure if it was good for either of them, at that point. Fast forward to where the man's sister has come to the house to investigate and hear the reading of the will, or something to that effect, and of course everybody else except her is in on something, which happens to be devil worship. It's really hard to say who is who at moments during the movie and it does get a bit confusing at times. To spice things up though, there's a simulated bestiality scene (I HOPE it's simulated) with a black goat, sure to be a crowd pleaser. Ugh. At times this echoes ""Rosemary's Baby"", minus the baby, because the hostess is always giving one woman herbal tea and the place reeks of whatever nasty Satanic herbs these are too, because that keeps getting remarked upon. However, the herbs aren't the only thing that reeks about this film. The end seems to be back to the beginning again, and many viewers might find themselves wondering where they've been during the middle part. It's not unwatchable, it's just not very good, and I guess it all depends on what you like to see in films, and there wasn't much here that did anything much for me. 3 out of 10.",0
"1st watched 5/17/2002 - 3 out of 10(Dir-Ewald Andre Dupont): Fairly lame account of the Titanic disaster is the first filmed version of this much-heralded event. The replication of the disaster is not bad, but the drama around it is at some times silly, badly acted and way-too soap opera-like. The story is very much the same as the most recent Oscar-winning one except that we are shown how the crew tried to hide the actual disaster that was occurring until almost too late. Good for nostalgia purposes only and to get a feel for what James Cameron was competing against(barely) in his recreation.",0
"Sitting in a big wing chair with a huge book in his lap, the one and only Bela Lugosi looks into the camera and, in a dreadful vocal delivery that sounds as if he were mocking a reading of Shakespeare, intones sloooow-ly: ""Man's constant groping of things unknown, drawing from the endless reaches of time, brings to light many startling things; (snicker); startling?, because they seem new (Lugosi's eyes now bulging, with raised eyebrows, and mouth sneering, he continues) but most are not new, the signs of the ages"" (cue a visual of lightening, accompanied by the sound of thunder which then continues to rumble for an astonishing 86 seconds).<br /><br />And so begins what is arguably the worst film ever made. This ""movie"" almost defies description. Told in semi-docudrama style with an unseen narrator explaining the plot ... such as it is ... the story revolves around the vicissitudes of a man named Glen (Ed Wood, Jr.) who cross-dresses; hence the reference to Glenda. The film has no real structure. Instead, it consists mostly of a random assortment of vignettes that may ... or may not ... relate to Glen or to the cross-dressing motif. One long sequence consists of some unknown woman wriggling on a sofa, followed by a man whipping a woman in what we would today refer to as S&M.<br /><br />Then, at odd moments Bela reappears, for no apparent reason, and babbles more inane dialogue, like: ""When he's wrong because he does right, and when he's right because he does wrong; pull the string, dance to that."" Huh?<br /><br />About twenty percent of the film's visuals consist of stock footage, accompanied by a VO that relates to the story motif but not the visuals. Hence, we see stock footage of: bustling city streets, freeway traffic, a thunderous herd of buffalo, and a playground full of kids. But it gets worse. In a film about cross-dressing, we have 58 consecutive seconds of stock footage of a foundry furnace making hot steel, and 84 consecutive seconds of battle scenes from WWII.<br /><br />Even the simplest items are botched. In one scene we see a newspaper headline that reads ""Man Nabbed Dressed as Girl"". Underneath the headline, which has clearly been glued or pasted on, the article is about ... taxes. In one of my favorite scenes, an off-screen woman spouts out: ""airplanes, why it's against the creator's will"", in a voice that sounds like she's just inhaled helium.<br /><br />Except for the performance of Lyle Talbot, the acting is uniformly horrendous. Production design is cheap looking and drab; (but you gotta love that tacky wallpaper). The editing is sloppy. Most of the background music is suitable only for 1950 style elevators. The B&W cinematography has way too much contrast. And the costumes look like something that came from a thrift store.<br /><br />This film is so bad it makes ""Plan 9 From Outer Space"" look like ""Citizen Kane"", by comparison. I just don't know how one could make a film any worse than Ed Wood's ""Glen Or Glenda"". But thankfully, it's got Bela Lugosi in it. Every time he opened his mouth, and gazed into the camera with those big, bulging eyes, I about fell on the floor laughing.",0
"It takes patience to get through David Lynch's eccentric, but-- for a change-- life-affirming chronicle of Alvin Straight's journey, but stick with it. Though it moves as slow as Straight's John Deere, when he meets the kind strangers along his pilgrimage we learn much about the isolation of aging, the painful regrets and secrets, and ultimately the power of family and reconciliation. Richard Farnsworth caps his career with the year's most genuine performance, sad and poetic, flinty and caring. And Sissy Spacek matches him as his ""slow"" daughter Rose who pines over her own private loss while caring for dad. Rarely has a modern film preached so positively about family.",1
"Ladies and gentlemen: the show begins with this documentary film. It's structured in three chapters, each one chronologically arranged. The first presents the classical physics and links to Einstein. The second studies in depth the quantum physics and enters in String theory. The last reveals the Everything theory... The difficult concepts used here are introduced in a very simple way, with daily objects; although you must believe them without checking by yourself -if you are not a scientist- (and even if you are a scientist!!). The film is not a masterpiece by its fabulous technique or the way it's produced; what really imports is the story, and WHAT A STORY!!!",1
"Being an unrelenting non-stop over-the-top explosive melodrama, this movie is one of the worst action flicks ever produced, and utterly unbelievable in every way. The pace is constantly fever-pitched, and all the action and the actors are gripped by total hysteria. It is nigh unwatchable, and a stain - nay, a blotch - on the careers of everyone involved.<br /><br />The wildly exaggerated attempt at excitement undermines itself, resulting in a movie where you just go ""Come on!"" all the time. The setting and the events are impossible to take even remotely seriously. I can only rate this abomination a 1 out of 10.<br /><br />If you want to see a good asteroid movie, see Deep Impact, which is intense, sensitive and thoroughly engrossing. Everything Armageddon is not.",0
"This is the only movie that my wife and I have ever walked out on. Totally sucked. We saw it in Omaha even. Not funny at all, looks like a 14 year old kid wrote the humor. I can't believe these real politicians were actually in the movie. awful.",0
I saw this on a boring Sunday morning just this morning. Well I was drawn to the fact that it's an outdoor movie.. I was hoping to find some nice sceneries but it the views where just limited.. They just go back and forth in the same spot all over again.. I hate it when they're using this so called hi-tech stuffs like the this Motorola blue-tooth headset they're using to eliminate the use of a walkie talkie it was just so funny.. they look like amateurs. And they where like advertising those badly designed alien-ware Laptops that could link up to a satellite to find people.. I couldn't say more about this TV-movie.. The ending was bad that it looks like they cut it short eliminating the use of rescue helicopters and etc.. */**********,0
"Every time I watch this show I just want to turn it off and curse the makers for wasting my time week after week. The dialogs, or monologues rather, as everybody just rants on endlessly about nothing, are just becoming so tedious. For example, the episode I watched yesterday began with a seemingly unending rambling about how a particular dish (I forgot what it was, pasta with meatballs perhaps) always manages to turn the Gilmore family dinner into all-out war. And these were just the few seconds or so.<br /><br />So it seems every time, lots of lines, with absolutely zero content. The scripts they use must be enormous.<br /><br />But then every once in a while something happens. The babbling stops and suddenly there are these wonderful silent, emotional moments. For example, this week it was Lorelai's breakdown at the estate agent's. I just thought it was the best piece of TV I have seen for a long while.<br /><br />Almost makes everything worthwhile.",1
"This is a great British film. A cleverly observed script with many quotable lines, which captures perfectly what magic mushrooms can do to a man over a weekend. As per usual Phil Daniels is excellent along with that most under rated of British actors Geoff Bell. Peter Bowles with a joint hanging out of his mouth is a casting masterstroke and Gary Stretch with his brooding looks brings something strangely atmospheric to the piece. Although it seems to be billed as a biker movie, i think it will find an audience outside of this, purely on the premise that a lot of people have been there done it and got the t-shirt. also A great original soundtrack with a blinding version of Freebird. This really could be a 21st century heir to the famous Ealing comedies. Like the weed in the Welsh fields: it's a grower!",1
"This has to be one of the most beautiful, moving, thought provoking films around. It's good family entertainment and at the same time makes you think very hard about the issues involved. Every time I see the ""ghost of Zac riding the bike through the puddle at the end I can't help but cry my eyes out. John Thaw's performance is so touching and it is a shame he is no longer with us. Gone but not forgotten. A outstanding film. Full marks.",1
"I enjoyed every moment of this beautiful film and was intrigued about this female painter I had never heard of before. So I set out exploring her life and work afterwards. As could be expected, I found out that the film was not exactly historically accurate. I was a little astounded however by the very negative comments on the film because of this inaccuracy. Come on, guys, a film isn't and shouldn't be a biography (nor a novel!). Any historical film distorts reality, because it should be a work of art in its own right. A film director is fully entitled to use elements from reality and history to create a world of his own. Artemisia is a wonderful film and I think it brought many people (including some that now give negative comments) to explore the life and work of this fascinating artist.",1
"This stuffy melodrama is quite easily the worst film starring Ingrid Bergman that I've seen. Even her luminous screen presence can't save this insufferably slow and meandering movie that's nearly impossible to sit through without fast-forwarding a lot of it.<br /><br />Only for die-hard Bergman fans; others are very likely to fall asleep. I suggest you to watch ""For Whom the Bell Tolls"" instead.",0
"I saw ""Sweeney Todd"" on Broadway in 1980. It starred George Hearn and featured most of the other cast principals who appeared in the national touring company production, which was videotaped for TV in Los Angeles in 1982. Last night I watched the new DVD release of the Los Angeles production, although I have owned the videotape for many years. The production and the performances could have hardly been better but the original tape's age showed because both the audio and video quality are below modern standards, even on a newly pressed DVD. Nevertheless I still give it 10 out of 10 because of the greatness of the work and George Hearns's and Angella Lansbury's startlingly wonderful performances. Even today, my most memorable recollection from a live musical theater performance has to be Hearn's rendition of ""These are My Friends."" ""You'll drip rubies,"" brrr.",1
"Like in a circle the movie leads back to its point of departure, the image of the cranes that are crossing a Muscovite sky. They represent the freedom to realize your life as you wish, in order to aspire the greatest possible fulfilment.<br /><br />In the beginning Veronica and Boris experience such a promise of happiness, and their eyes follow the path of the cranes in exhilaration. It seems as if they might be able to live according to their dreams.<br /><br />But Man is not a bird. Life draws up its own rules, from which no human can escape and which we cannot change - not even by making a supreme effort. War breaks out, and without much hesitation Boris signs up for the front in order to fulfil his patriotic duty. He cannot even say good-bye to Veronica, for she arrives late at the assembly point from which the soldiers are sent away. Surrounded by a jubilant crowd all her attempts to attract Boris' attention must inevitably fail.<br /><br />Boris eventually gets killed in war, without Veronica learning about it for the moment. His brother Mark, a vigorous musician, who obtained the exemption from military service by corruption, is eager to take his place. Veronica initially resists, but in a frightful night of bombing she finally falls victim to his charms. A marriage takes place, which is never accepted by the family.<br /><br />Soon feelings of guilt seize hold of Veronica and she realizes that Boris' return is the one and only thing she actually longs for. She therefore eases her bad conscience and despair by the self-sacrificing work in a field hospital.<br /><br />When war finally is over, once again a crowd of enthusiastic people gathers in order to cheer the victorious soldiers. Again Veronica is among them, forcing her way through a wall of bodies. In her hand she is carrying a bunch of flowers, until she finally has to give it away to complete strangers, for one of the homecomers has just dashed her hopes by confirming the sad certainty of Boris' death.<br /><br />Once again the cranes invade the sky, drawing their wayward lines. But now Veronica is watching them on her own, and the look in her eyes is a different one. She has had to accept the impossibility to live according to preconceived plans, to follow the guidelines of your dreams. For all humans are nothing but helpless puppets hanging on the inscrutable strings of fate.<br /><br />",1
"After reading through many of the reviews, I don't know what movie some people were watching, but clearly it wasn't the same one I saw.<br /><br />This movie is horrible. The acting, primarily Moore's, is just terrible. The woman cannot act. Nice tits, but she just can't act. At no point did she come across as the actual character. Instead, it was spoiled Hollywood actress goes to the beach to play make-believe with the boys.<br /><br />And that's what this movie ultimately is -- Hollywood make-believe. The training sequences are over the top. The politics -- over the top. The political correctness -- over the top. The combat scenes -- you guessed it, over the top. Your mission is to get in and get out without being detected. So what do you do? Why shoot off as many rounds and make as much noise as possible, of course. Oh G.I. Jane, you can be my wing man anytime.<br /><br />The premise is good, but as soon as Hollywood gets a hold of it, we end up with Top Gun with tits.<br /><br />What more is to be expected from commercial US films anymore? Not much I guess.",0
"Hey what do you expect form a very low budget movie!?!? Although I haven't seen ""Dahmer"" (2002) I can say that following what the media put out about Jeff this is a pretty accurate depiction. I have studied the Jeffrey Dahmer case and learned all I can about this man. This is a low budget movie but it shows the mentality of a serial killer. If you can get past gore and see what the underlying story of a sick mind. I loved this movie! Just brace yourself for low budget and no blood. Its a story as seen through the eyes of a killer and his actions and thoughts from childhood up through his arrest. My favorite line is : ""If they had bothered to look in the back seat it might have saved a lot of lives"" Enjoy!",1
"I think a great many viewers missed entirely the fact that this is obviously a parody of western films.<br /><br />This is not a bad movie - it is a clever tongue in cheek take on westerns. I don't believe this film was taking itself seriously for a moment.<br /><br />What makes this film even more unique is the fact it is centered around 4 strong, beautiful women, two of which are black, one Asian, and a Mexican/Hispanic character.<br /><br />These aren't your usual western women--they're tough--they can draw fast and shoot straight.<br /><br />They're so tough even the bartender is shaking when he pours their whiskey.<br /><br />The plot which moves this story along is typical of westerns--in the vein of ""you shot my brother--so I'm gonna get you!"" Only in this western, a woman's sister has been shot and she's out for vengeance on the gang who did it.<br /><br />So she goes and rounds up her old cronies from her bank robbing days.<br /><br />One of them, Maria, is not really all that interested in avenging Rachel's sister, but she is motived by the fact there's gold and jewelry hidden in the town where they're headed.<br /><br />There are a couple of scenes that don't quite make sense, not that they interfere that much, they can be ignored, but I wondered why they were there. So the film could use a little tightening, but over all, this is a well made film that has failed to find an audience that recognized what it is.<br /><br />My only disappointment was that the only lesbian in the film is a villain--of the ""heroines"", one is obviously straight, the others sexual orientations are never disclosed.<br /><br />7 Stars",1
"Only Connery could bring that particular style with a line like that Fatima crashes into Bond's arms when she water-skis up to the super agent in Nassau and apologizes, 'Oh, how reckless of me. I made you all wet.' The super agent replies, 'Yes, but my martini is still dry.'<br /><br />Barbara Carrera makes a great villain, stealing the show as SPECTRE executioner Fatima Blush Fatima is number 12 in the SPECTRE chain of command, and is a gorgeous assassin who takes intense sensations of pleasure in killing <br /><br />Fatima assumes all the deadly characteristics of Fiona, proving to be one of Bond's toughest adversaries She is a victim of her vanity She's good at what she does, and wants the world to know it But her vanity is her downfall Using every possible approach to eliminate 007, Fatima is a wild and cunning woman who makes love to the man she is about to kill <br /><br />Austrian actor Klaus-María Brandauer (Largo) does not make a very formidable opponent for 007 Referred to as number one in the SPECTRE chain of command, Largo resides in the Bahamas, and travels aboard his super yacht, the Flying Saucer <br /><br />Max Von Sydow becomes the fourth actor to appear as SPECTRE chief Ernst Stavro Blofeld, once more plotting to put the world at ransom <br /><br />Kim Basinger takes the part once owned by the lovely French actress Claudine Auger She is Domino, the mistress of Largo, who soon falls deeply in love with her rescuer <br /><br />Black actor Bernie Casey becomes the sixth actor to play CIA agent Felix Leiter after Jack Lord, Cec Linder, Rik Van Nutter, Norman Burton, and David Hedison...<br /><br />Edward Fox portrays the new, unsympathetic 'M.' Pamela Salem is the third actress to play Miss Moneypenny. Lois Maxwell was the first and Barbara Bouchet was the second.<br /><br />Valerie Leon is the sexy lady in the Bahamas who fished 007 out of the blue water and saved his life by making love to him in her own room Valerie was the Sardinian hotel receptionist in 'The Spy Who loved Me' when Bond and Anya arrive seeking Stromberg<br /><br />Prunella Gee is Shrublands physical therapist Patricia Saskia Cohen Tanugi is Nicole, Bond's Secret Service contact in the South of France <br /><br />Gavan O'Herlihy is Jack Petachi, the U.S. Air Force communications officer who duplicates the President of the United States' 'eye print' and arms two cruise missiles with nuclear warheads <br /><br />Rowan Atkinson is the bumbling foreign officer Nigel Small-Fawcett; and Alec McCowen is Algernon, the armorer who provides 007 some formidable items <br /><br />If you like to see Connery playing a tense battle of wills, disguised as a masseur, attacked by robot-controlled sharks, giving away a considerable amount of money for a tango dance, thrown into a medieval dungeon, don't miss this second of only two ""unofficial"" James Bond films",1
"I am glad to read so many negative comments about the Tritter plot. Everyone I talk to says the same thing. They like House's gruff nature and his intelligence, but really dislike the vindictiveness of this continuing plot. It cuts into the real nature of the hospital story and makes everyone angry at police authority. It needs to have a more caring nature instead of the vindictiveness to everyone at the hospital. Also, there seems to be many questionable legal aspects to what Tritter is actually doing. He alone cannot freeze accounts and have the authority to stop doctors from writing prescriptions for patients. A lot of the vindictiveness he is showing also is hurting the very sick patients at the hospital and the is not a good storyline to portray. I voted the episode awful not because of the story itself, but when you insert the Trittor piece it turns me off and the rest of the plot gets hurt by it, People say they hate to watch the story lines anymore. Please change it. Get Tritter out.",0
"OK i own this DVD i got it new at amazon... i mean i think its badass and a pretty cool flick and melissa bale the slutty/bitchy girl they pick up is hot as hell ..., the acting sucks and the whole polt just sucks the clown is some huge guy wearing a mask and its disgusting but its OK i wouldn't recommend it if like u wanted to rent a good entertaining flick after a hard days work but if u have nothing else to do and ur obbsessed with this stupid movies like i am, watch it sometime, and i do not know how artisan DVD has S.I.C.K. in its DVD collection , s.i.c.k. is not good enough to be owned by a half way decent movie company OK well thats all",0
"Jonathan Demme's directorial debut for Roger Corman's legendary exploitation outfit New World Pictures rates highly as one of the finest chicks-in-chains 70's grindhouse classics to ever grace celluloid. Beauteous Russ Meyer starlet Eric (""Vixen,"" ""Beyond the Valley of the Dolls"") Gavin gives a robust, winning performance as a brassy, resilient new fish who does her best to persevere in a grimy, hellish penitentiary. The always fabulous Barbara Steele offers a deliciously wicked portrayal as the mean, crippled, sexually frustrated warden (her erotic dream about doing a slow, steamy striptease in front of the lady inmates is a real dilly). Longtime favorite 70's B-movie actress Roberta (""The Arousers,"" ""Unholy Rollers"") Collins delivers a hilariously raunchy and endearing turn as a cheerfully forward, foul-mouthed kleptomaniac felon who tells a gut-busting dirty joke about Pinnochio. Lynda Gold (a.k.a. Crystin Sinclaire of Tobe Hooper's ""Eaten Alive"" and Curtis Harrington's ""Ruby"") makes her lively film debut as uninhibited wildcat Crazy Alice. And the ever-cuddly Cheryl ""Rainbeaux"" Smith does a lovely, touching reprise of her fragile frightened innocent role from ""Lemora: A Child's Tale of the Supernatural."" <br /><br />Although this picture does deliver the expected ample amount of coarse language, nudity, rape and violence, it's still by no means a typically crass and sexist piece of lurid mindless filth; the movie very effectively explores the many ways in which men cruelly exploit women and strongly asserts the pro-feminist notion that women can overcome any obstacles if they band together into a group so they can bravely face their misogynistic oppressors as one mighty fighting force. Demme's zesty, confidant direction comes through with a glorious abundance of astutely observed incidental details and delightful moments of engagingly quirky human behavior. Furthermore, both Tak Fujimoto's vibrant cinematography and John Cale's marvelously dolorous oddball blues score are 100% on the money excellent. Patrick Wright (Sheriff Mack in the uproariously awful cheap-rubber-monster-suit creature feature howler ""Track of the Moonbeast"") has a sidesplitting bit as a jerky cop who has his car stolen by a trio of prison escapees when he stops at a gas station to use the bathroom. Lively, rousing and immensely enjoyable, ""Caged Heat"" qualifies as absolutely essential viewing for 70's drive-in movie fans.",1
"This movie is about a very delicate argument and if you are searching for something that makes you think here you are right. Tim Robbins has made a wonderful job and the result is a kind of docu-drama that should be shown in schools (for the strong themes treated). What about the actors? Well, they are simply great; Susan Sarandon is truly 'the face of love' and Sean Penn is unbelievable as almost always. An absolutely must-see!",1
"Yes, this movie was just hilarious and the acting was top notch from the whole cast. Except Shelley Winters German accent wasn't that great but then that doesn't matter as she is hardly in the film. So if you're a fan of hers beware! The two main stars of this film are Laurence Harvey and Julie Harris. Now before this film, I'd only see Miss Harris in East of Eden with James Dean and I own an audio tape of The Glass Menagerie that she did on stage with Monty Clift and Jessica Tandy, so I wasn't sure how she'd be in this role and BOY, did she impress me. How hammy was she? I love ham! ;-) Mr. Harvey, he tickled my fancy! I am now a full time Laurence Harvey fan! That hair!!! *cackles* OMG! It's almost like Burt Lancasters, that crazy messy look, it doesn't get better than that. He is young and so innocent in this film. SEE IT NOW! It's definitely in my top ten! :) I am SO glad I found a copy that is all mine! Unfortunately this movie is out of print and very hard to find on video. :(<br /><br />Btw, watch out for the hospital hotel room scene!!!!! It's one of the best parts! Or when Mr. Harvey has convinced himself he's ill and he's trying to get his knee to kick, you know how Doctors do with that little rubber hammer ;-) Well he does it himself and his leg kicks and it kicks the table *squeals* Check out the look on his face, so innocent!!!! I can't describe it but to all those people who say he couldn't act very well and other cockamamie comments, see this film and you will see what a GREAT actor he really was. You'll be bowled over! If you aren't, then I'm afraid there is nothing I can do for you, you're hopeless. ;-)",1
"After his classic film noir homage Chinatown Roman Polanski returned to the themes that had given him his greatest hits in the 60s with this creepy psychological horror which, like Repulsion and Rosemary's Baby, deals with the paranoia and claustrophobia generated by apartment living.<br /><br />Claustrophobic environments are the ones which Polanski is best at creating, and this has to be the most suffocating and confined picture he ever created. The emphasis on side walls and distant vanishing points is greater than ever, and even in the small number of exterior scenes the sky is rarely glimpsed. But The Tenant is not just confined spatially, but also in the intensity with which it focuses on its protagonist. Trelkovsky, played by Polanski himself is not only in every scene, he is in virtually every shot. When he is not on screen more often than not the camera becomes Trelkovsky's point of view. And of course almost everywhere he looks he sees his own reflection staring back at him in a mirror.<br /><br />I can't think of any film that is more about the internalisation and solitude of one character. Some psychological thrillers, like M or Peeping Tom, manipulate us into feeling sorry for the mentally ill protagonist. Others, like Psycho, attempt in-depth scientific analysis of his mental condition. The Tenant fits into neither of these categories  it simply immerses us completely inside Trelkovsky's experience without demanding we actually understand or appreciate what is going on inside his head. We feel his paranoia and obsession even though it is constantly revealed to us that they are irrational.<br /><br />Polanski was also a master of the slowly unfolding horror film. Often in his horrors there is an ambiguity as to whether there is actually anything sinister going on, but they are among the most effective at frightening audiences. Why? Precisely because they unfold so slowly and invest so much time in painstakingly setting up situations that they immerse the viewer in paranoia. A much later Polanski horror, The Ninth Gate is a bit of a mess plot-wise but at least it still manages to achieve that creeping sense of dread.<br /><br />This is a rare chance to see Polanski himself in a major role. His talent in front of the camera was as good as behind it, and he is absolutely perfect as the meek Trelkovsky. Another standout performance is that of the all-too-often overlooked Shelley Winters as the concierge. In actual fact it is rather a stellar cast, although many of the familiar faces look out of place in this strange, Gothic European movie. Also sadly many of the French actors in supporting roles are atrociously dubbed in the English language version.<br /><br />The Tenant is more polished and less pretentious than Repulsion, but it lacks the suspense and the character that make Rosemary's Baby so engrossing and entertaining. The Tenant is good, with no major flaws, and Polanski was really on top form as a director, but it's not among his most gripping works.",1
"Directed by Diane Keaton and adapted from a book by Franz Lidz. A young mother Selma Lidz(Andie MacDowell)is battling a very serious illness and her self proclaimed inventor husband Sid(John Tururro)is a little lacking in the emotions department. Unhappy with the new home situation, their sensitive son Steven(Nathan Watt)decides he wants to stay with his two eccentric uncles Danny(Michael Richards)and Melvin(Lou Cutell)until his mom is well. Steven seems to be happier and even takes interest in his strange uncle's living habits; he even decides he wants to change his name to Franz. Set in the early 60's, this drama is a bit comedic...change that to zany. Not being a MacDowell fan, UNSTRUNG HEROES assures my attitude; albeit I enjoyed the film and it is not a total waste.",0
"This is one of the worst films I've seen for years. The storyline has potential that is never realized. The actors are a poor choice, but considering the screen writing, their talent isn't wasted. I really wanted everyone dead as quickly as possible so I could get out and watch something else. Unfortunately, I did stay to the end and had a laugh at the murmurs of people moaning about how crappy this is. There wasn't booing, after all, this is England, just gentle moans about how crap that was. Then, I look on IMDb and see 288 people have given it 10 out of 10. I really just cannot see how those people are able to give that score. They must be a PR company working with the distributor. There's a hilarious set problem towards the end of the film, when in the graveyard and the hick attacks, look out for the dodgy scenery that rocks when touched (supposed to be a brick wall) - the blood effects are waaaay OTT - the film feels like everyone is making a spoof horror except the Director.",0
"Well, I only caught the tail end of this film on HBO, just the final 10 minutes or so, but I must say that it contains probably the most laughable depiction of distance running EVER put on film! I'm a serious distance runner and a dedicated fan of the sport, and I've sat through many painful demonstrations in movies before. However, nothing could have ever prepared me for what is shown on screen in the final 10 minutes of this movie, it literally defies belief! The depiction of the runners is even more ironic considering that African runners completely dominate the sport, and they are elegant and graceful. The female protagonist shuffles along like an overweight pregnant woman, and her ""highly trained"" male supporters are no better. Well into the race this alleged world class runner is surrounded by pudgy, overweight people, many of whom are WALKING! I find it interesting that the director decided to have her lead the female competition, yet near the end she is shown passing people who look like they're staggering along on two broken legs! Are we to believe that this amazing stellar athlete has only overtaken a crippled person at the very end of the race? Maybe the director just thinks that female runners can't run faster than 12 minute miles, and he has obviously never heard of athletes like Paula Radcliffe or Tirunesh Dibaba.<br /><br />Even if you aren't a running fan you'll be astonished by the insanely inaccurate portrayal of running, and this movie is only watchable as unintentional comedy. Here is a note to the director: The next time you decide to make a movie about a sport, it might be worth it to hire at least one person who actually has observed that sport in action.",0
"So I'm looking to rent a DVD and I come across this movie called 'End Game'. It stars James Woods and Cuba Gooding JR and has the synopsis of a taught political thriller. Well worth a look then. Or so I thought.<br /><br />Boy, was I wrong.<br /><br />End Game has just about the most ridiculous plot I have ever had the displeasure of enduring. Now being something of a whodunnit, I can't really tear into it as I would like without 'ruining' it for those who have yet to experience this monstrosity. But questions such as 'Why has he/she/they done this?', and 'Where on earth did they get the resources to pull this off?' are all too abundant following the film's unintentionally hilarious conclusion.<br /><br />As for the acting - you know those films where you can almost feel that an actor's realised that they've made a terrible mistake in signing on for a movie, and this then shows in their performance? This is one of those. Accompany this with a laughable script and seriously flawed, irritating direction and you have the recipe for cinematic poison.<br /><br />Of course, this didn't make it to the cinema, and for the same reason you should not allow it into your living room; it is appalling.",0
"When HOPPITY GOES TO TOWN he discovers nothing but bad news for his little insect neighbors in the Lowlands. Can this honest, good-natured grasshopper save his sweetheart, Miss Honey Bee, from the machinations of the evil C. Bagley Beetle - and also lead his friends to a safe new home - before it's too late?<br /><br />While not one of the great animated features (a very new art at the time this film was created) HOPPITY is an enjoyable film which should bring pleasure to uncritical viewers. Technically it is well made, with animation of a generally high quality. The movie's main drawback is that none of the characters really have any `heart' - they don't come `alive' on the screen in the way Jiminy Cricket did a year earlier in PINOCCHIO.<br /><br />However, it is ultimately unfair to compare the Fleischer Studio output with that of Disney. Max & Dave Fleischer had their own star to follow; their contribution - and it would be a considerable one - would be in the realm of the one-reel cartoon. With their POPEYE and BETTY BOOP series they created alternate realities as viable as any produced by other cartoon studios. HOPPITY was their second experiment with feature length animation (after GULLIVER'S TRAVELS in 1939), and henceforth they would expend their energies again on the cartoon short subject. In fact, the first in the highly acclaimed SUPERMAN series was already in release.<br /><br />HOPPITY'S story owes a great deal to Frank Capra, with it's energetic, go get em hero up against powerful societal forces. Indeed, the film's original title was MR. BUG GOES TO TOWN, which immediately puts one in mind of Gary Cooper or Jimmy Stewart and their Capraesque adventures.<br /><br />Jack Mercer, famous as the voice of Popeye, here speaks for two very different characters, old Mr. Bumble & Swat the Fly. Movie mavens should be able to catch veteran voice actors Pinto Colvig & Mae Questel, both in uncredited roles.<br /><br />The film has some pleasant songs supplied by Hoagy Carmichael & Frank Loesser, of which `Be My Little Baby Bumble Bee' is the most familiar. `We're The Couple In The Castle' is a fine romantic tune which deserves to be rediscovered.<br /><br />It is unfortunate that the film's initial animation, with its sweep out of the heavens and past the in-depth New York skyline, is obscured behind the opening credits.",1
"This movie was one of the worst I have ever seen (not including anything by or with Pauly Shore). I couldn't believe that a film could actually be THIS bad!<br /><br />Coolio has to be the single worst actor (again, not including Pauly Shore) to ever ""star"" in a movie. The temptation to hit the STOP button during this movie was huge (in fact, if there was a THROW IN THE TRASH button on my VCR, I would have been inclined to press that).<br /><br />Do yourself a favor, and do something more interesting than watch this movie, like watching the grass grow, or watching golf on TV.",0
"This movie is not schlock, despite the lo fi production and its link to Troma productions. A dark fable for adults. Exploitation is a theme of Sugar Cookies, and one wonders if the cast has not fallen prey to said theme. A weird movie with enticing visuals: shadows and contrast are prominent. Definitely worth a look, especially from fans of Warhol and stylish decadence. Through all the cruelty and wickedness, a moral, albeit twisted, can be gleamed.",1
"About the baby: Why wasn't big brother assuming he'd be hungry for a bottle or some nourishment or a diaper change? He should have been screaming non-stop after that many hours without care. Definitely stupid to take the baby from a safe place when he didn't need to.<br /><br />And why was the road miraculously clear whenever anyone wanted to drive somewhere? Didn't any uprooted trees fall on the roads and block them?<br /><br />I can't imagine the cops at the roadblock not immediately following after any young person who would crash it, especially when they said it was dangerous to go there.<br /><br />That being said, it was nice to have a movie children could safely watch, for a change.",0
"There really isn't much to say about this movie....it's crude, but fun.<br /><br />Plot outline (From IMDB)<br /><br />_____________________________________<br /><br />Two losers from Milwaukee, Coop & Remer (Parker & Stone), invent a new game playing basketball, using baseball rules. When the game becomes a huge success, they, along with a billionaire's help, form the Professional Baseketball League where everyone gets the same pay and no team can change cities. Coop & Remer's team, the Milwaukee Beers is the only team standing in the way of major rule changes that the owner of the Dallas Felons (Vaughn) wants to institute.<br /><br />_____________________________________<br /><br />The Acting is pretty good, since there arn't many big stars in this movie. Although I am not a big fan of 'Southpark', Parker and Stone do a pretty good job in their first real movie. <br /><br />There are so many funny moments in this movie I can't come close to naming them all. It never really lets up, and they don't try to put some cruddy drama in to make it more serious. <br /><br />And my favorite aspect of this movie: The Soundtrack. It's GREAT. I especially like ""Take me on"" and ""Beer"" by Reel Big Fish. Very underrated.<br /><br />Overall, a crude, but extremely funny, movie. 10/10<br /><br />James ""Black Wolf"" Johnston",1
"A Disney movie that dares to do something different should at least be awarded for effort. ""Holes"" doesn't make the same mistakes as one would expect from a Disney movie about troubled teenagers put in a camp. For the first time events are not explained in details. The flashback scenes really do serve a purpose and present several mature topics that may surprise the viewer. I must admit that at first I was a bit put off by the seriousness of the movie. But soon I realized that we had to endure those moments to see the beauty of the story. Besides the story this movie also does a good job of questioning some methods that are used in correctional facilities. (One example where Caveman is forbidden to teach Zero to read because they have to dig holes in order to build character,like learning to read won't contribute to that). ""Holes"" is a movie that is smart and beautiful. A must watch!",1
"This should have been a movie about Sam and his wife, the glorious Peter Falk and equally glorious Olympia Dukakis. That would have been a movie worth seeing. Instead it's a Paul Reiser vehicle, with a little Falk thrown in. The wonderful Elizabeth Perkins is also in this movie, but you'd hardly know it. I presume Reiser is under the impression that he's a giant movie star who needs an appropriate vehicle. He's not. Even more galling is that Reiser took the trouble to hire some of the best women character actresses on the screen today and then shoved them all into his background. Dukakis does not show up until the last 15 minutes, but when she does, the screen glows. The story is about Falk and Dukakis really, but we're subjected to a pointless, silly, preposterous road trip in which Reiser gets to show how very cute, precious and oh-so-deep with psychological insight (wrong!) he can be. For instance, In a restaurant scene that I imagine Reiser had hoped was ""Cassavetes-like"" there's a laughably false confrontation between Reiser and Falk that is so patently ridiculous, I was embarrassed for Falk.",0
"Just bought the VHS on this film for two bucks, Did I waste my money! Hey, I dig Adam ""Batman"" West and Tina ""Giligan's Island"" Louise, but hello! This third rate production is a rehash of a dozen other biker films; crazed bunch of bikers psychos ride into a hick town, beat up everybody and everything, and then are defeated in the man by a dashing hero. Adam West looks the part as a hero, but he's missing cape, and his Batman uniform. Sorry, just isn't the same. Tina L. looks really nervous and frightened the whole show, but at least we know what happened to ""Ginger"" once she was rescued from the island...LOL! The bikers are a motley group, and known of them ever acted again or at least shouldn't have. Hell Riders is Hell to Watch!",0
"I rarely make these comments but I felt compelled to spare others the pain I endured in watching this movie. It's so stupid and implausible both in the overall story and in the details that you simply can't suspend disbelief. The problem starts early, when you see a government researcher tooling around in a new Porsche and dining with his team in a restaraunt that looks like a castle, overlooking the Capitol Building in Washington, D.C. That kind of life on a government salary? Hah! It only gets worse. Toward the end, when the bad guy starts killing off the good guys, the latter group act so stupidly that you want them to die, in order to cleanse the gene pool. The special effects are pretty good - any producer's money can buy that - and the lead actors have been great in other films, but the screenplay and direction here are moronic. Many people have wondered whether there was some deliberate intelligence behind Paul Verhoeven's previous, facially stupid movies (Showgirls, Starship Troopers), but this movie should stop the wondering. He's just plain bad.",0
"During a sleepless night, I was switching through the channels & found this embarrassment of a movie. What were they thinking?<br /><br />If this is life after ""Remote Control"" for Kari (Wuhrer) Salin, no wonder she's gone nowhere.<br /><br />And why did David Keith take this role? It's pathetic!<br /><br />Anyway, I turned on the movie near the end, so I didn't get much of the plot. But this must've been the best part. This nerdy college kid brings home this dominatrix-ish girl...this scene is straight out of the comic books -- or the cheap porn movies. She calls the mother anal retentive and kisses the father ""Oh, I didn't expect tongue!"" Great lines!<br /><br />After this, I had to see how it ended..<br /><br />Well, of course, this bitch from hell has a helluva past, so the SWAT team is upstairs. And yes...they surround her! And YES YES! The kid blows her brains out!!!! AHAHHAHAHAHA!!<br /><br />This is must-see TV. <br /><br />",0
"this was a favorite Christmas Special that I wish that they would release on vhs or dvd , since my 33 RPM got lost,and any cassettes I made are also long gone.<br /><br />I am not even a big John Denver fan but was very impressed with the music , which was mostly traditional favorites with a muppet spin ( esp Little St. Nick ! ) It also contained a few little known songs ( original ? ).<br /><br />Even though it was done at the end of the '70's this show had a timeless feel to it. Hoping to find a copy soon !!!",1
"The quality you're likely to remember after viewing The Big Knife is how claustrophobic it is. It's pacing is sacrificed to a uniform texture of dialog. It's talky in the extreme. Modern viewers will feel every point has been made (and then some) but the movie will still not move on, or do the viewer a favor and change the scenery. It's very inert. At the 45 min mark I was sure I had watched two very slow hours. My beleaguered response was, ""Good God, where is this going?"" It feels like Odets was paid by the word...<br /><br />This is a good place to note the decline of drama from it's high point in the 40s through the conceit-laden projects of the 50s and 60s until actual filmic merit was rediscovered in the 70s, only to vanish again. Here we get show-offy, conventional, emotional outbursts from Steiger, Lupino et al. and camera moves pre-arranged to meet over-practiced blocking. This is due to the rise of the Method; the regrettable trend of sacrificing every other merit of film, to grant actors their most selfish wishes. ""Great acting,"" ho-hum, has killed thought in movies.<br /><br />Jack Palance's forehead & pompadour retract and thrust forward every time he reacts to something. It's disturbing.<br /><br />This is awfully boring stuff.",0
"Clearly my rating for this is not to suggest it compares with the classy horrors of the likes of Argento but with other 70s low budget, drive in fare and in that department it truly is a classic. The lack of money shows, (Does anyone care too much?) the acting is adequate rather than professional, (Does that make it more realistic?) but unlike so many other movies, and not just low budget ones, this does not drag for a moment. Crap it may be but non stop crap, in your face crap and although inevitably a bit campy at times, this is a must see for anyone who has any idea what I'm talking about. At times quite delirious, this crazy little film filled out with crazy characters is clearly made for fun and fun indeed it is to watch.",1
"Gender Bender sexes things up a bit for the x-files. This episode has an interesting premise, a good story, but an ending that is wanting. Gender Bender is also the x-files debut for actor Nicholas Lea, better known as Alex Krycek. In this episode he plays Michael, a man attacked by one of ""The Kindred"". You need to see this episode just to see Nic Lea's less than spectacular beginning. An interesting thing about the Kindred's ""power of seduction"". When Marty does it to his victims, they become turned onto him/her. However, when Andrew seduces Scully, she only because disoriented and groggy, and does not become attracted to Andrew. Maybe it's because Marty has more experience at it than Andrew. This episode reminds me of why it would sometimes be miserable to film up in British Columbia. Throughout the episode it is so wet, soggy, and muddy, it could not have been that much fun. Despite the disappointing ending, Gender Bender is still a decent episode to view.",1
"For those who have enjoyed the Asterix books and films, you'll LOVE this film! Yes, I will admit that it does mix some of the books and films, but the characters are brilliant and it's not just people showing off their CGI left, right and centre. I've already seen it several times and laughed my socks off at it.<br /><br />Of course it contains the main heroes Asterix (Astérix), Obelix (Obélix) and Dogmatix (Idéfix), but this time they have someone new to... deal with.<br /><br />With a sense of humour like that, the Gauls will go on and on and on. Bless 'em.",1
"I was particularly moved by the understated courage and integrity of l'Anglaise, in this beautifully acted, intellectually and visually compelling film. Thank you so much, Monsieur le directeur Rohmer.",1
"Here is another great film critics will love. The problem is that it is not a very good movie.<br /><br />The films premise is simple. Nine convicts escape a prison after the tenth one goes crazy and tells them where the treasure is.<br /><br />The first half has a lot of slapstick some of it very broad while the second half is a character driven descent into fantasy and melancholy.<br /><br />The two halves simply don't mix. Individual scenes do work very well (The guys crashing a friends house who has a new Filipino bride is hilarious While a later scene with the big guy working in the restaurant tugs at the heartstrings.) They simply don't mesh with each other.<br /><br />The movie as well is missing entire set-ups. One scene shows the guys desperately looking for change under a deserted vending machine to buy a snack. The very next scene has the whole crew in drag sitting down in a restaurant. Where did they get the dresses and wigs? (The crew includes both the big guy and a midget) How did they get all the clothes and money to buy the meal? And most puzzling is why are they in drag? They are clearly guys in drag and lets face it is there anything more memorable to witnesses than a big guy and a dwarf eating a meal dressed as women? I mention the big guy and the dwarf because besides the old guy everyone else seems to blend into each other. (In fact they wear matching white jumpsuits throughout most of the movie) The movie has very little character development in the first half and as a result the second half really lacks an emotional punch. As we are often trying to figure out who is who in their individual payoff scenes.<br /><br />Speaking of a drag the second half has all those wonderful sweeping camera shots and big emotional moments and great symbolism that makes a great film. It is also excruciatingly slow which makes for a boring movie.<br /><br />9 Souls is a big disappointment, the reviews gush about a great film and it's in there somewhere, good luck finding it yourself.",0
"I highly reccommend this movie. It blurs the line between childhood fantasy and everyday reality in such a seamless fashion that it has to be seen to be believed. The actors and director have such perfect timing that in one scene a name calling fight becomes a sort of dance. I loved the story line, the actors, everything. While I do think there were one or two decidedly cheesy scenes, over-all the movie was impeccably done.",1
"I have no read the novel on which ""The Kite Runner"" is based. My wife and daughter, who did, thought the movie fell a long way short of the book, and I'm prepared to take their word for it. But, on its own, the movie is good -- not great but good. How accurately does it portray the havoc created by the Soviet invasion of Afghanistan? How convincingly does it show the intolerant Taliban regime that followed? I'd rate it C+ on the first and B+ on the second. The human story, the Afghan-American who returned to the country to rescue the son of his childhood playmate, is well done but it is on this count particularly that I'm told the book was far more convincing than the movie. The most exciting part of the film, however -- the kite contests in Kabul and, later, a mini-contest in California -- cannot have been equaled by the book. I'd wager money on that.",1
"A surprisingly complex and well crafted study of ""The First"" serial killer in the USSR. Set in the days of perestroika this intense piece is brought to full life with the performances of Stephen Reah and Donald Sutherland.<br /><br />This examination of Cicatillo as a killer is well rounded and by hinting at some of his behaviors while out right showing others there is a subtlety that is compelling without being overtly graphic. Not for the weak of heart however as it's subject matter is often disturbing but necessary to it's full development of the main participants in this fact based story.<br /><br />HBO has furnished us with an excellent film in an unusual manner. Congrats to the director and editor of this great piece. It is in my Top 10 Must see list.",1
"This is an exquisite film about the search for some bliss in everyday life. The pacing, the camera work, the emotion, the haunting musical score and the pure charm of this picture make it a must see. It isn't easily appreciated by the immature or emotionally stunted. The only flaw I can see about this film is that it wasn't captured in a more technically perfect film format. It deserved Todd-AO, Technicolor and the very finest sound format available.(An intimate film can be made in seventy millimeter.) The gorgeous Italian villas effect on its inhabitants would have rendered even more lushly and the small lovely moments would be even more beautifully seen and heard. As it is, it still demands attention as a sweet moving small film. I can't stop myself from watching it every time it comes on satelite. The transformations of the characters from contained, tight and mistrustful is always a joy to watch and I really should recommend it more often.<br /><br />The casting is perfect, the mood is perfect, the acting is above reproach. It is a film about middle age and the choices people make.It is deep and thoughtful without beating the viewer up with heavy handedness. Watch it in one sitting and let it have its effect on you. If you don't get it, perhaps you haven't lived enough, or something else is wrong with you.",1
"I'll be honest-- the pimped out purple plane with Snoop Dogg at the helm is an amusing visual gag. It would have been a decent concept for a 30 second commercial, or maybe a 3 minute music video. But the producers have committed the age-old concept comedy sin of stretching 30 seconds of material into an hour and a half of film, and the results are predictably lame. The remainder of the 89 minutes are filled with the typical gamut of racist and sexist humor and fart jokes, offensive and-- worst of all-- painfully unfunny. The threadbare plot screams under the weight of its contrivances. Best to be avoided unless you are drunk or stoned.",0
"Considering 'A Star is Born' had been made twice already by the time the 1976 film came into production, the latest remake has a freshness about it that can be attributed to the fantastic chemistry between the entire acting ensemble. A viewer could be forgiven for believing that Kris Kristofferson & Barbara Streisand were a couple off screen as well as on, with their incredible displays of pure affection towards one another.<br /><br />The film has been described in the past as a 'Barbara Streisand concert on film, set to a soap opera storyline' however for anyone that enjoys watching a film that takes you beyond the living room into a world where the characters seem truly alive - A Star is Born is well worth the hiring price.<br /><br />With its incredible soundtrack, flawless acting and touching reality in regards to human emotions and the true frailty of life; A Star is Born is a film that draws you into the world of Esther Hoffman & the love of her life John Norman Howard.<br /><br />A film for anyone that sees the beauty in real love - the kind that keeps you devoted to a person even as they break your heart...",1
"Okay, I grew up on Who, but haven't loved a Doctor since Tom Baker. Christopher Eccleston made me love Who again and I'll be furious with him forever for leaving. <br /><br />The writing is grand, the acting superb, the directing (which was dreadful in the old days) is just fantastic. I was very skeptical about this programme, and watched it merely out of being forced, but am now a huge fan and love it (I have a ringtone of a Dalek screaming ""Exterminate"" then). <br /><br />A few of the things I love about the new programme -- 1) people actually notice when Rose (Billie Piper) disappears off the planet. Some of the old shows an assistant would drop off for a while, and then come home like nothing has happened, no one noticed. 2) Chris Eccleston's doc loves Rose -- romantic or not will be debated, but there is no doubt that 9 loves and cares about his companion. He'd destroy the world if he had to to save her, which the old show was lacking -- often a doctor wouldn't care if he never saw his assistants again. 3) They talk and think like real people -- when Rose is shown something outlandish or new (such as aliens) she acts like a real person would -- gobsmacked. I never liked it when an assistant from the old show, who never saw anything alien, would just fit right in and adapt instantly. I want to see the surprise on Rose's face when she sees a plastic dummy come to life. She gives that to me. <br /><br />The few things I don't like about this series: 1)nearly everything happens on earth (London or Cardiff) and I was sort of hoping for a more off-world sort of show. 2) That Eccleston left so quickly, he really made the show brilliant. <br /><br />But I can let those few things go -- I far more enjoy the series than I ever expected to, so I don't mind if they have stuff set on earth. <br /><br />Just don't take this show seriously -- it's fun, it's smart, it's entertaining, but it's not a super-serious heavy duty show. It's pure fun, and pure British, and I can't get enough. Watch it with an open mind, and just put your brain into neutral and enjoy!<br /><br />ps -- don't watch series 2 or later. series 1 was brilliant, the first few episodes of series 2 were good, but don't watch it once it gets to Love and Monsters. Utter rubbish, completely destroys the show.",1
"Some people have stated that as of the 11th season, South Park has started a trend of leaving behind their politically biting satire for shallow spoofs; but this could not be further from the truth.<br /><br />While this episode does spoof the Living Dead series, there is more. It is a satire of how people treat the homeless. Characters say things like ""They're pretending to be just like us"" or ""They want to be human."" This episode attacks a culture of people who ignore the lower class who are often just down on their luck.<br /><br />So yes, it is still a satire, and also a wonderful spoof. What more could you want?",1
"Johny To makes here one of his best style exercises, making a strong film with a good Yakuza's story. The election of the new Yakuza's boss is the beginning of a war inside the organization.<br /><br />In my opinion the violence is wise used in the context, making a very strong gangs film. I specially love the way he tells the history, moving around all the roles inside the Yakuza's family, and making that we see the violence, like the only way they have to solve their problems...<br /><br />Talking about, the technical aspects, the film is a good example of paused, rythmic and planified way of shooting a film. One of the Hong Kong Films of the year. Is like Infernal affairs, but without the easy action-violence scenes, and the confused storyline. Strongly recommended to all Asian films lovers.<br /><br />(sorry for my English, better do in Spanish lol)",1
"I normally am a glutton for poor movies, but this thing stunk.<br /><br />Do not watch this movie.<br /><br />Terrible effects and very little humour, what the hell was the point of making this movie? No gore to speak of and no acting to speak of.<br /><br />I could only manage 45 minutes of this rat dropping of a movie, and that is rare for me.<br /><br />Something positive to say about this drivel? cover art was OK, I am pretty sure the movie has a ending too, even tho I did not make it to it.<br /><br />The rats were unorganized and blew their lines constantly,they lacked intensity and seemed just to be going through the paces for their paycheque. The actors were worse.",0
"This has to be the worst movie i've seen this year.. and i watch a lot of cable. The plot is just ridiculous, the scenes are just thrown at you with no action, no start or ending of any scene.. it's just random idiots with make-up that scream in some plane.. The ""special effects"" ( Spielberg would laugh his ass off ) are horrible, the yellow eye contact lenses are cute though.. I have to admin that i couldn't bear to watch it to the end. The scene where the great scientist Bennett was holding for dear life by the engine body was too much for me.. I'm sorry for my bad English.. i am from Romania ( and this is my first post ). I had to sign up just to make a comment on this movie because i just can't believe that this is a movie released in 2007.",0
"This film really disappointed me. The acting is atrocious. Unbelievable. And it's about actors. The story is incredibly obvious: A group of independent actors stage a Passion Play and, in turn, they start to live out the lives of the characters they play. I've been watching a lot of movies lately, thanks to Netflix, and this is the first one I haven't watched all the way through in a long time. I felt I didn't need to see the end; we all know the end of this story.<br /><br />For some, it seems, this ""modernization"" of the Gospels is either sacrilegious or enlightening. I cannot speak to any of this as I wasn't raised in the Christian church. That being said, I was raised in the US and I live in an increasingly Christian culture. I'm curious enough about Jesus and about the modernization of the religion, for better or worse. I haven't seen Mel Gibson's version, but I'm guessing that those who liked that one will like this, except for the most conservative. I just wish this was a better film.<br /><br />Lots of these reviews praise Arcand's direction and especially the cinematography. I liked neither. The film itself is rather prudish and preachy. I didn't believe the characters' personae and I was never involved with their on screen lives. The play within the play is very much dated and would not, I think, carry it's own weight in a real time production. But that's beside the point. What I really needed for this to work would have been stronger development of the characters and the plot to support the philosophical and theological questions the film would like to be about. And the musical choices are obvious and unoriginal.<br /><br />There were two examples of this that come easily to mind. Firstly, there is a reenactment of the parable of Jesus driving the money lenders from the temple: the lead actor, who has fallen for the woman who will play Magdalene and who is also a model and dancer, becomes enraged that she must debase herself by auditioning for a commercial (with a wicked producer and plenty of panting men in the audience) with her pants off. He trashes the place and chases them all out. I guess this is the level that the film wishes to reach. The romance between these two is entirely arbitrary and not at all emotionally realized and the scene is played out like a high-school rendering of Death of a Salesman, i.e., not well. Please stop hitting me over the head with this high-handed ""significance."" The other is the relationship between the other female lead and the priest who has asked them to do the play and who, eventually, turns against them and betrays them to the nowadays-corrupt Church. Why. Why does she sleep with this guy. ""It brings him so much pleasure and me so little pain."" Ah, the saintly whore and the lovable old coot. It seems to be just enough for Arcand to signify but not worth the trouble to enrich and enliven these characters. They are going through the motions and I'm reaching for the eject button.<br /><br />Feel free to write me off as bored, jaded or just not interested. Feel free to watch this movie and see the Passion, in all its beauty, sadness and inspiration, delivered as an amateurish and gimmicky charade. Feel free to have all your preconceived ideas affirmed and see any shred of artistic integrity forsaken for monotonous drivel. But don't say I didn't warn you.",0
"DOCTEUR PETIOT, starring Michel Serrault, is a brutal story about a brutal man. A doctor who heals the sick in occupied France, even if their ability to compensate is not there. Yet, he preys on the weakest amidst the populace. The imagery and cinematography are superb, and lend an additional macabre feeling to this complex story. He is the perfect psychopath. Seductive and altruistic, intelligent and caring, calculating and murderous. A movie certain not to be forgotten soon by the viewer. Kudos to Mr. Serrault, for his chilling portrayal.",1
"The Monkees, surprisingly, are a big favorite of mine. Yes, they might have been the original manufactured rock band; a gimmick that certainly has reached overkill in the 21st century. However, their music holds up as some of the best the 1960's had to offer. Last Train To Clarksville, Daydream Believer, I'm A Believer, (I'm Not) Your Stepping Stone, Valleri and Pleasant Valley Sunday are great songs, written by good songwriters such as Boyce/Hart, Neil Diamond, Goffen/King and John Stewart. While they weren't great musicians or songwriters, they had a likable screen presence and plenty of appeal and some of their own stuff was actually decent. Their T.V. show is dated stuff in 2007 but I still watch the show on occasion as a time capsule to life in 1966-1968; that magical and dangerous time in U.S. history.<br /><br />However, as we all know, as a portent of things to come for the likes of Kelly Clarkson, The Monkees didn't want to be considered manufactured and just puppets for their recording company. Despite their average talents, they wanted to write their own songs, produce their own albums and call the shots when it came to tours. Sadly, this turned out to be a disaster; especially when Peter Tork's choice of Jimi Hendrix as an opening act was nixed due to his stealing of the show and heavy sexual suggestions in his music compared to The Monkees G-Rated content.<br /><br />However, the final nail in the coffin for the Monkees (until 1986) was the infamous motion picture Head. Head was written by Bob Rafelson and Jack Nicholson while they were allegedly high on the Mary-Jane. The film received poor reviews and only made $16,000 in the box office. Today, the film is a cult classic, ahead of its time and delivers a message of what was on the minds of the youth in 1968, the Summer Of Anger.<br /><br />Head really has no plot. Basically, one to four of The Monkees lurch from scene to scene without any rhyme or reason. They go from eating in a diner, to seeing Davy Jones getting bashed by Sonny Liston, to a Western, to being sucked into a vacuum, to performing at a concert and so forth. The film basically offers up oblique opinions of what was wrong with American society. The Monkees bash commercialism, the war in Vietnam, American policy, censorship, the Establishment and greed. You have to read between the lines to see what the targets of derision were.<br /><br />The Monkees spend a lot of time boxed up at certain junctions of the film, symbolizing how they felt their record company saw them; as nothing but toys for them to play with when it was time to record another hit album. A scene where they are outnumbered 16-4 in the Western scene could be a symbol of them against the session musicians, songwriters, record producers and whatnot who controlled their careers and the cannon they fire at them is their way of saying ""Begone!"".<br /><br />The film is truly a psychedelic trip to behold. The flashy tie-dye colors, the hypnotic concert and belly dancing scenes and the druggy imagery is everywhere. The acting is actually very good but that's being biased as I like The Monkees T.V. show. A small soundtrack features ""The Porpoise Song"" and three songs written by The Monkees themselves.<br /><br />The film actually has some hilarious scenes on occasion; although maybe they weren't supposed to be. Mickey Dolenz beating up a Coke Machine that didn't give him a soda or his violent punch-ups in the boxing scene (I mean, he was a wiry guy who probably weighed no more than 135) had me laughing it up.<br /><br />All in all, this movie is an absolute must-see for any Monkees fan. I think a lot of people will feel this movie is indeed ""over their Head"" but for those obsessed with the 60's and society at the time will find it a great time capsule.",1
"I bought this movie sight unseen at a sci-fi convention and I got what I deserved for doing something so silly. Simply put this movie is implausible, boring and unwatchable.<br /><br />I was so bored and disgusted with the lack of plot development that I turned it off to watch a repeat of Mythbusters. I understand that this was a very low budget move, or least it looked like a very low budget move, but that does not excuse the horrible acting, terrible plot and even worse camera work. It looks like something a group of college students did in between classes and getting drunk.<br /><br />Maybe if the villain wasn't so laughable and the plot was something that actually could happen in real life with respect to law enforcement it might become so bad it's funny. This movie isn't funny, it's just bad.",0
"It is so nice to see Bruce Willis come down off his action throne and let us see that he really is a talented actor. He shines in this film as the near-40-year-old image consultant who has totally lost touch with his inner child--until he meets him face to face. This is one of those rare films that doesn't talk down to its audience and truly offers something for the WHOLE family. It is about caring for each other, keeping some of the child inside you, and realizing that you don't grow up exactly the way you thought you would. Willis seems to be building an impressive track record for working with kids (just witness ""The Sixth Sense"" with Haley Joel Osment), and he has great chemistry with Spencer Breslin here. There is some nice photography and music, and the ending is wonderful and uplifting. A great film to see with EVERY member of your family.",1
"The only thing worse than surfers without any waves is a film about surfers without any waves. For viewers who love surfing this film will be a gigantic disappointment since the total number of minutes of surfing footage struggles to reach three.<br /><br />The story is a slice of life about beached surfers who are waiting not for the perfect wave, but for any wave at all. J.C. (Sean Pertwee) is an aging super surfer who is flirting with a commitment with his girlfriend Chloe (Catherine Zeta Jones). Just as he is about to find grown up bliss with the woman he loves, three old surfing friends turn up and convince him to hit the beach looking for monster waves at the Bone Yard. The trouble is, there are no waves until the very end of the film, so most of the story dissipates itself on a meandering succession of disconnected beach happenings.<br /><br />The acting is mostly mediocre. Sean Pertwee has a few comical moments, but mostly his acting was mundane. Ewan McGregor was decent as the drug dealing wild man, by far the most interesting and peculiar character of the bunch. Probably the funniest performance was turned in by Peter Gunn as Terry who turned his corpulent body into a continual sight gag. Catherine Zeta-Jones was sexy as usual, but her character didn't really have enough meat for her to show much acting ability.<br /><br />There is really not much here on which to comment. I rated it a 3/10. It's a real beach bummer.",0
"""This Man's Navy"" is, as other comments have indicated, a rare and well-filmed look at Navy lighter than air (LTA) activities. The LTA crews were justly proud that the convoys they shadowed never lost a ship to submarine attack. And the filming at the various NAS locations give a valuable glimpse at a type of aviation that is long gone. However, the first half of the movie is all about Beery, his relationship with his service pals, and him meeting the Tom Drake character and his mother, and getting Drake's leg fixed. Only then does the second film start. The second film is mostly LTAs in action, taking on a surfaced sub, guys get killed and much damage is caused. The look is fairly gritty and realistic, I imagine. Then we shift to Southeast Asia. Did the Navy have LTAs there? Never mind, this part is really wild, with a blimp being used to extract some downed aircrew from the jungle. And the Japs are shooting like mad. Shades of Vietnam, except the getaway is oh, so leisurely. This is a blimp we're talking about. In the end, a feel-good WWII drama about a very unusual part of the war.",1
"I'm hearing rumors of an upcoming ""Leonard Nimoy Demonstrates the Blu-ray Disc"". With advances over the past 25 years ranging from Steady-cam to CGI, it'll be interesting to see if the franchise can be reinvigorated. I just hope it helps to remove the bad taste left in my mouth by that whole Magnavision demonstration fiasco.<br /><br />And yes... ""Leonard Nimoy Demonstrates the Betamax VCR"" was a brilliant milestone in entertainment history. After the tentative ""Leonard Nimoy Demonstrates the Compact Cassette"" and the downright tacky ""Leonard Nimoy Demonstrates the 8-Track Tape"", who would have expected such a glorious piece of cinema? I'm weeping right now just thinking about it.",0
"What on earth has become of our dear Ramu? Is this the same man who made Sarkar, Satya, and Comapny? I refuse to believe so. If AAG was Ramu's most ambitious project, he has clearly jumped off the high cliff he has ascended by giving the industry some of the greatest works of all times. This movie is made to fall like a brick. I was cringing to leave the theater, but I was forced to sit because I wouldn't have been able to take my car out of the parking lot before others also left. Else, nothing would have made me sit beyond interval.<br /><br />This movie is nowhere close to Sholay. It doesn't even come near it within a mile. I believe Ramu surely loves The Godfather more than Sholay, since Sarkar was a classic piece of work. I read Ramu's interview a couple of days back, in which the interviewer said that Ramu doesn't sleep for more than 4 hours a day, that too not at a stretch. I completely agree with this now, as his lack of sleep has probably taken its toll on the movie.<br /><br />There is no power in the performance. Amitabh Bachchan doesn't even look scary. He looked more terrifying in the few posters and wallpapers I saw earlier. Ramu's favorite Nisha Kothari did a fantastic job in Sarkar because she didn't have many dialogs (in fact none if I remember clearly). She opened her mouth in this movie, and has found a place in history. The new guy playing Jai's role seems to have that brash look, but didn't manage Jai's role at all. I cant go on... Im sorry... my pain is too big for me to manage right now.<br /><br />I promised myself throughout the movie that I will watch the original Sholay once more just to see that it is still there.<br /><br />Bottom Line: Horrible movie. The media and critics are going to cook Ramu's goose. And just to remind all readers once more, I am one of the biggest Ramu fans, and even I cant spare him for this act.",0
"I love the comics. Although I do have problems fully understanding the stories  the visual style is unique with all its dirt, dust and decay. So I thought I knew what I was up for. Surprisingly I understood the main plot  but some extremely poorly decisions where made for its visual style. <br /><br />I mean - really bad looking ""CG human actors""-in close ups? Why?! It did not work at all!! Horus - and the other Egyption gods - was successfully made in CG and very close to the comic version. <br /><br />I think with real actors this movie could have been a cult movie. <br /><br />What a shame.",0
"I first saw this movie as a younger child. My sister had told me about it and I thought it would be more of a kid's movie. However it remains to also be an incredible movie. True that the subject behind the movie is ruff but also true this movie will never stop touching your heart.<br /><br />I was only 6 when I first saw it and just yesterday, 7 years later, I saw it again. For the first time in a long time. Even after I knew how it ended, I knew that I had seen it a billion, bizillion times I wept like a teeny weeny little baby. When I saw it a few years back I finally got the idea and the seriousness of the film. So I stoped watching it for a while. But yesterday I didn't change the channel, I watched it. By the end I was astonished at how much it still made me laugh, cry, think, and above all, believe in mericals again. I haven't belived in a long time and this movie got me out of my shell and opened up my heart. This movie wasn't just impacting. I was also so impressed with the actors. Especially Bobby. So if you are wanting to see this movie for the first time I suggest seeing it alone. With tissues. And being ready to discover your young, sweet, innocent side and the side that still has hope. This movie touched my soul when I was only 6, and even in this time of trying to figure out who I am this movie helped me realize both what I don't and still do want to be in life.",1
"Admittedly, Parsifal is not an opera that can appeal to everyone, although it is a favourite of mine, Knappertsbusch, 1951, in particular. Syberberg's entire approach is so static. Whenever the music suddenly begins to swell ... Syberberg keeps the cast moving at the same pace. The takes on Amfortas and Klingsor are endless. Whatever happened to film editing? The result is physically exhausting to watch. The viewer is never spiritually transported. Your impulse is to rush home and play a recording again to confirm that Wagner got it right, Syberberg got it wrong. And that set decoration with those ""clever"" reminders of Wagner's anti-Semitism -- will there ever be a viewer of this film with no prior knowledge of Wagner?",0
"This movie is horrible, but you have to see it because of that. I'm not here to discuss the entire film, just the greatest chase scene ever. When Eddie dumbs milk on Tim, he gets chased down the hallway. Eddie puts obstacles in the jocks way with hilarious consequences (like a cymbal nailing a trumpet player; buy the DVD and watch it slow). The best obstacle is a knocked over mop bucket which one jock jumps over but proceeds to slide on the ground out a door. But when he slides he picks up speed thus defying physics (mainly friction); yet what lies behind the door is supreme. The steepest stair case in any school ever, which this jock proceeds to CLEAR in the air. In reality he probably would die of a broken neck. Not only does he defy all concepts of reality, he makes the funniest noise ever made in that situation. Go and buy this one. Trust me this scene is worth your 6 bucks.",1
"The superb star quality of Gerard Philipe, who died way too young, leaps from the screen in this witty, funny, sly swashbuckling comedy with plenty of sword fencing and knockabout antics. Charmingly loopy in its' storytelling, impossible to resist. A sweet romantic comedy with a very young Gina Lollobrigida as the love interest. A movie one will remember with great affection.",1
"THE WATERDANCE (1991) The main character of The Waterdance, played by Eric Stoltz, finds himself in a rehab center with some others similarly injured. And there he must face an harsh new life, confined to a wheelchair. It's an interesting, and promising premise, but unfortunately, it fails to deploy. What ensues instead is largely Hollywood schmaltz, with some interesting moments. Certainly the cast (Eric Stoltz, William Forsythe, Wesley Snipes, et al) is brilliant, and perform well here as one would expect, but their talents are wasted. The characters are mainly stereotypes of one kind or another, and most of them are thoroughly unlikeable (the Snipes character being the exception). I suppose this is some kind of attempt to break through people's ideas about the handicapped being ""crippled"" or ""weak"", by depicting them, for the most part, as in-your-face pricks, but it makes for an entirely annoying experience. Admittedly it will show you something of what those with permanent disabilities go through, in a way that is not softened or romanticized, which is useful, and a good idea, but while the process being depicted can make one a difficult person to get along with, and that's worth dealing with, it is not part and parcel to that that these characters must be, to varying degrees, despicable. They wouldn't have to be Disneyfied, either; surely there's a middle ground somewhere. By the film's conclusion, the Eric Stoltz character has come to accept his status as a handicapped person, but since he is such a flaming narcissistic monster from the beginning of the film to the end, we couldn't care less. <br /><br />In addition to its character problems, the film suffers from that weird syndrome that so many Hollywood movies suffer from; the syndrome doesn't really have an official name, but you might call it ""Inexplicable Forgiveness Syndrome"". It goes something like this: characters abuse the crap out of each other, and then without so much as an apology, all is forgiven (an especially obnoxious example of this is in the movie The Breakfast Club, in which one character spends most of the film verbally bullying everybody within earshot; as a resultthey love him. In one of the the latest examples, Spiderman 3, supervillain The Sandman lays waste to a chunk of Manhattan, then wails on Spiderman for what seems like about 15 monotonous minutes before being waved off with what amounts to ""bye, now""). The most egregious example of IFS in The Waterdance is a sequence in which, after being called the n-word by William Forsythe's racist biker character and his friends in the previous scene, the Wesley Snipes character whoops it up with the same Forsythe character in the next scene, as if nothing had just happened just a short time hence. Again, without so much as an ""Oh yeah, sorry about that business back there where I, you know, called you the n-word"". It makes me wonder, do these people actually watch these movies before they release them, or do they just film them with their eyes closed, kind of slap them together in the editing room according to scene number, and call it a day's work?",0
"I loved this show. I used to actually leave the pub ten minutes before closing and run down the road to catch it. I remember Daniel Peacock's sketch about Gandhi in the newsagents as a masterpiece. The set design and lighting were out of this world, creating an atmosphere that you felt you were actually living in. V unusual for a comedy.<br /><br />Unfortunately I have only encountered one other person (apart from the other reviewer here) who ever knew that this programme existed. In fact I have to thank the IMDb for coming into existence and proving to me that I hadn't in fact imagined the whole series in a drunken haze, which I was seriously starting to believe!",1
"My friend gives me these 3 huge boxes. ""They're laserdiscs of Flash Gordon serials,"" he says. ""I'm gonna have some giant coasters,"" I say. But not so. This serial rocks. (But I had to whine & moan to almost everyone I knew to find a laserdisc player for em).<br /><br />There is really a little of everything in this serial: There are lion-men, hawk-men, shark-men, Earthmen, & I guess you'd call em Mongo-men. The sets & costumes combine, Greek, Roman, Oriental, Egyptian and there's even armour like English knights. Awesome costumes. And some of it was a riot. Those horrible tights with shorts over em worn by Zarkov are beyond description. And the guys in the furnace scene seem to be wearing boxers.<br /><br />It's also funny the way they renamed the octopus to an octosack, the orangutan to orangapoid, and the tiger to a tigron. There's even a dragon (a Godzilla-like creature who threatens Flash on a couple of occasions before being killed off).<br /><br />You like the Invisible Man? This has got you covered. You like sword fights, wrestling (both animals & men), fist fights? Plenty for any taste. We have an underwater city, a sky city, a city on top of a mountain, and tonnes of secret passages and caves.<br /><br />Hokey effects? Massive amounts. The sky city is supported by radium furnaces stoked like old-time steamships. The rocketships are ""powered"" by fireworks and have constant backfires and/or humming noises. Lots of wires are visible holding things up (like food when Flash was invisible and of course rocketships). There's clouds out in space, but none around the earth when viewed from Mongo. ""Giant"" lizards show up briefly. Fighting sea creatures supposedly threaten Flash & co. on the way to the shark-men's underwater city. The ""gadgets"" in Dr. Zarkov's lab crack me up. And they seem to be the same ones no matter what lab he's in (he worked in Ming's lab and Vultan's).<br /><br />And yeah, we have romance. Everyone wants Dale; Ming, Vultan, Flash. But at least one person wanted Princess Aura (Prince Baron) just not the person she would have preferred. In fact, it seems a lot of the sub-plots concern intrigue on the part of Princess Aura to try to win Flash.<br /><br />Man I think the characters are awesome. That fat, horse-laughing, King Vultan was hilarious. How he managed those wings was pure artistry. And Ming! What can I say about Ming? He was perfect. They should have had him for the emperor in Starwars. Ming has got to be my favourite character in this serial. Princess Aura was quite a little character too. And she pulled it off nicely. I think she's a better actress than Dale Arden by a long shot. Even the sneaky high priest had a distinctive role. Zarkov was good, but not the strongest character---and he always stood in the background during fight scenes holding Dale. Now we get to Flash: Flash, of course, was the strong point, the leader, the hero---and he did it well. Crabbe is a good actor and this role fit him perfectly.<br /><br />After watching this, I think I know where George Lucas got the main idea for Starwars. Watch this, you'll see what I mean.<br /><br />If you ever considered watching an old serial (or any serial for that matter), this should be your first choice. The only reason I didn't give this one a 10 is because of a few story holes that could have been fixed easily, the way the giant lizards seemed just tacked in there, and a couple of weak characters (king of shark-men & king of lion-men).",1
"Do you know that they want to escavate the Moon for real?And in Geneve there is the debated project that could lead to make possible time machine?All i can say about this movie that is based on facts about future(at the time of the movie)scientifical projects but real. Hope the moon will exist not happen as in the movie. Now about the movie itself, I saw the original movie too, and I also read the book. The book I didn't like though, but the movie yes.I totally agree with a previous comment that this movie was depressing,unlike the 60's one.That was very good with force, this one was only a paralled future of what is good movie.",0
"I always enjoy seeing movies that make you think, and don't just drip-feed the answers to their audience. ""Revolver"" is one of these films, and although many reviewers have stated that it is difficult to follow, with a bit of concentration and an open mind I got it. First time. True, it doesn't compare to other mind-mucks like ""The Usual Suspects"" or ""Memento"", but in its own right its an intelligent and thought-provoking film. <br /><br />Another thing I really liked about this film is how damn beautiful it is. Every scene, every camera angle seems to have been thought about for ages. If you see it you'll know what I mean.<br /><br />So, to conclude... watch it with an open mind and you may enjoy it. If not, well, no-one ever said ""Revolver"" is for everyone. And that's my 2 cents.",1
"Watching QUINTET is not unlike watching a group of people playing a word game in Portuguese, or some other language you do not understand. You get the idea that they are playing a game, and if you watch closely enough, you may just begin to understand the rules. But, why bother, since it is clear you can't join in and you wouldn't want to if you had the chance.<br /><br />Director Robert Altman is not one to beg an audience to like his films, let alone understand them. Sometimes he lets you slip into the picture to be a part of the crowd, like in M*A*S*H, NASHVILLE and A WEDDING, films so full of hubbub and orchestrated chaos, one or two more bodies in the scene wouldn't make much of a difference. And other times, he seems to resent the fact that someone might even be watching his film; as in IMAGES or THREE WOMEN, where the stories are almost personal monologues made for an audience of one, Altman. With QUINTET, Altman seems to purposely dare anyone to become involved with the narrative. <br /><br />You can't depend on Altman to do the logical or the expected, which is sometimes the thing that makes his films so remarkably iconoclastic. But sometimes doing the unexpected isn't daring, just dumb. For instance, in QUINTET, we are introduced to a young woman who is apparently the last person on earth capable of getting pregnant, and she is, indeed, with child. This last ray of hope in a decaying society is almost immediately extinguished; Altman doesn't even wait until the end to play his last depressing card in this elaborate nihilistic and pessimistic tale. He lets us know how empty and meaningless life is right off the bat. Brave? Maybe. Stupid? Definitely. Devoid of a purpose, he tries to build a story on a rapidly melting iceberg, all the while reminding us how pointless the effort is. <br /><br />For the record, QUINTET, can at least claim to be prophetic. The story is centered on a treacherous game played by the various bored characters. It is a form of TAG (the assassination game): a handful of people target each other for elimination, each as a would-be assassin and each as a would-be victim. Two or more can form alliances to kill a third. As they die off, new targets are assigned. Whoever lives, wins. All of this happens at some exotic, inhospitable wasteland. It is, to a great extent, an extreme, sci-fi version of ""Survivor"" -- minus the commercial plugs and faked ""reality.""<br /><br />It is not a bad concept for a sci-fi epic. A post-apocalyptic setting, a microcosm of the world (the cast is pointedly multinational), a game where no on can be trusted or least not for long, and where no one really wins. Literally a cold war. A steely eyed director with a taste for dark humor and violent invention could have a field day. The mystery in QUINTET is not in the game or how it is played, but in why it exists it all. If the game ""Quintet"" is a metaphor for life, then Altman, seems to see nothing in the material but a chance to show life to be an empty, meaningless game -- a conclusion as obvious as it is untrue. Given the lively, albeit cynical nature of the rest of his diverse films, I don't believe that Altman believes in QUINTET either. And if Altman has no faith in his material, why should we?",0
"1st watched 12/24/2009  4 out of 10 (Dir-Robert Ellis Miller): Emotional Christmas fluff that doesn't really get specific enough to explain how the real story happened in this factual-based incident of a man who is wrongly put in jail trying to get a job for his family to make Christmas happen for them. The three kids in the family then run away from home on a trek to Washington D.C. to enlist the then President of the United States, Herbert Hoover. This trek provides some side stories like their positive encounters with a hobo and a puppeteer, which makes the story kind of like a Disney ""animals on the run"" movie and doesn't quite fit here. At the ending, there isn't any details given as to how the President helped the family and this is another downpoint to the movie, in my opinion. The movie does eventually bring tears, but it takes too long to get to this. The movie isn't supposed to have been an original TV movie(according to IMDb) but it has the obvious fade-outs that make it look this way  so I'm not sure their information is accurate. All in all, this is a simple movie(that could have been more complex) with a happy Christmas-like story but blandly played and without a lot of substance.",0
"Your ability to enjoy The Ashes of Time may depend on our expectations before stepping into the theater. Even its most strident supporters seem to agree that audiences can be split right up the middle in their appreciation of this unique film.<br /><br />Unlike most HK actioners, the battle scenes are curiously kept at a distance. When they do happen, they're rendered in a jerky style in which it's difficult to make out exactly what's occurring on screen. The dramatic scenes can be extravagantly beautiful, with the of Maggie Cheung, Brigitte Lin, and a roll-call of HK's top acting talent chewing up the scenery. As with some of Wong Kar-wai's early work, the dialog could be more precise. <br /><br />In short, The Ashes of Time requires a forgiving attitude. Released around the same time as Wong Kar-wai's spectacularly successful Chungking Express, it's clear that the director isn't as confident working with the elements of the martial arts film. Anyone looking for tense action is likely to be disappointed. But those intrigued by the director's aesthetic will likely find this a unique experience at the very least.",0
"As someone who likes chase scenes and was really intrigued by this fascinating true-life tale, I was optimistic heading into this film but too many obstacles got into the way of the good story it should have been.<br /><br />THE BAD - I'm a fan of Robert Duvall and many of the characters he has played, but his role here is a dull one as an insurance investigator.<br /><br />The dialog is insipid and the pretty Kathryn Harrold is real garbage-mouth. From what I read, there were several directors replacing each other on this film, and that's too bad. You can tell things aren't right with the story. I couldn't get ""involved"" with Treat Williams' portrayal of Cooper, either. He should have been fascinating, but he wasn't in this movie. It's also kind of a sad comment that a guy committing a crime is some sort of ""folk hero,"" but I admit I wound up rooting for the guy, too.<br /><br />Not everything was disappointing. I can't complain about the scenery, from the lush, green forests of Oregon to the desert in Arizona.<br /><br />I'd like to see this movie re-made and done better, because it is a one-of-a-kind story.",0
"The Haunting is a film that boasts a really creepy house, good effects work and sound work, a cast that seems to believe that everything around them is real and that house. There are scenes that make you jump, and the sinister aspects of what went on at Hill House in the past, I found interesting. There are genuinely creepy moments in the film and I liked the way the ghosts manifested themselves in sheets, curtains and the house itself. Jerry Goldsmith's score gave it the right atmosphere and the sound design had voices popping up around you. What I wish could've happened is for something a little more intense. Jan De Bont had a PG-13 rating to contend with and I think that he held back a little too much. Poltergeist scared me silly when I saw it many years ago, and it still holds up. The Haunting could've used a few more scenes of pure terror. The ending was for me, a little anticlimactic. Overall, I enjoyed it. The acting is good and there are moments that make you jump. I just wish it scared me more.",1
"I saw this movie on Thursdays night after having a really boring day. I had no expectations, those I had were rather negative. Being that the only movie I've ever watched Jimmy in is the American version of Taxi with Queen Latifah(?)...don't ask why! But seriously..this movie is so cute! Drew Barrymore is always sweet, but I almost fell in love with Fallon's character. Why can't I meet a cute nerd like that. :) Movies like that are excellent. Simple, sweet and necessary. Sunday on a Thursdays. I'm not even a sports fan, but it's something about American movies with baseball that fascinates me. Probably the fact that we don't have that sport here in Norway.<br /><br />(My first comment ever.) Haha",1
"A widely unknown strange little western with mindblowing colours (probably the same material as it was used in ""Johnny Guitar"", I guess ""Trucolor"" or something, which makes blood drips look like shining rubies), nearly surrealistic scenes with twisted action and characters. Something different, far from being a masterpiece, but there should be paid more attention to this little gem in western encyclopedias.",1
"When you go at an open air cinema under the Greek summer night you usually don't care what the movie is! Edison started really good with some good effort from the singers-who-want-to-be actors and a once again great Morgan Freeman but... (In a movie there is usually a good start to catch audience,done, a bit boring yet story filling middle of the movie that is more about characters and less about action ,done, and the third part is something really good so that you can remember the movie...) when you see 30 elite police officers (packed with weapons that can demolish a building) shoot at a guy behind a car, fail to hit him even once while he kills all (but 3) and then the guy takes out a flame thrower (to kill the rest 3) ,you realise that the Greek summer sky filled with stars is way too good to be distracted by a movie like this!",0
"The recent boom of dating show on U. S. television screens has reached a fevered pitch since the first episode of ""The Bachelor."" Unsuspecting audiences have since been subjected to countless clones and variations, including ""The Bachelorette"", ""Joe Millionaire"", ""For Love Or Money"", and the execrable ""Married By America."" Hoping to cash in on this trend, and simultaneously tap and exploit a new demographic, Bravo has unleashed the disastrous ""Boy Meets Boy"" upon the world. And may they have mercy on us all.<br /><br />The premise is simple and is designed to be light-hearted: an eligible gay man is courted by a number of suitors, eliminated show by show until one is left, but there's a twist. Half of the men are actually straight. This is not much of a big deal, but the inherent viciousness of the scenario kicks in after hearing the pay-off: if, at the end of the show, the gay man picks a straight man in disguise, the straight man wins a cash prize. The gay man gets nothing, or at least nothing more than a few parting gifts, a pat on the back, and a hearty round of ""Aren't you embarrassed? Well, thanks for playing!""<br /><br />Just the like the equally painful ""Queer Eye For The Straight Guy"" (another Bravo program), this show is another example of stereotypes run amok. What makes it even worse, though, is the fact that straight men are playing UP these stereotypes for cash. The producers of this show believe that all you have to do is put enough hair gel in a man's hair, dress up in Abercrombie & Fitch with a pair of designer sandals, strip him of all body hair and fat and voila! It's the gay equivalent to putting a white performer in blackface, and just as offensive to those of us -- like myself -- who are genuinely gay and don't dress/act like that. It implies that gays have no variance or chance for individuality, that they can't behave like real people, only like stereotypes. Never mind the fact that the bank of suitors is sorely lacking in any kind of diversity. All are gym-toned, most are white, and all look far too scrubbed and cleaned.<br /><br />This is another example of how, instead of fostering acceptance of gays as dynamic individuals capable of variance and change, Hollywood has again taken a stereotype and run with it all the way to the bank. I feel genuinely dirty watching this show, as show any gay man who sees this unabashed parade of soft-core pornography masquerading as legitimate television. 1 out of 10.",0
"This film is a tapestry, a series of portraits of Rom communities woven together by music. It's very much a musician's film, because of the paucity of spoken dialogue - and what dialogue there is, is not important to the structure of the narrative. Some might expect a National Geographic tale of ""customs, dress, and music"" or a plot-line orbiting a few central characters - don't look for that here.<br /><br />This is because it paints a portrait of a family of peoples, rather than telling a story of individuals. The plot is the story through space (India to Andalucia) and/or/ time (we cannot tell) of a people. There is no need of narration. You get a sense of a joyous people, strongly linked in small communities where social interaction is very important. And a great sense of sadness in parts, at their rejection by society at large.<br /><br />So it's a paean to Rom culture, very beautifully shot, with a wide spectrum of Rom music, and a sting in the tail which is the oppression these people have faced, and still face.",1
"This third Darkman was definitely better than the second one, but still far worse than the original movie. What made this one better than D2 was the fact that The Bad Guy had been changed and Durant was not brought back again. Furthermore there was actually some hint of character development when it came to the bad guy's family and Darkman himself. This made my heart soften and I gave this flick as much as 4/10, i.e. **/*****.",0
"It's rare that I come across a film this awful, this annoying and this irritating. It is without doubt one of the worst films I've ever seen.<br /><br />The plot, when it's not a blur of confusing and pointlessly over flashy editing, is ludicrous. Why did Domino become such a bad-ass tough bitch? Because her gold fish died when she was a kid and this ""traumatic"" event left her emotionally stunted, and hating everyone. When the dialogue is not clichéd or banal, it's littered with laughable lines such as: ""There are three kinds of people in this world: the rich... the poor... and everyone else"". At one point the bounty hunters have some guy tied up in the back of their bus who has a combination number tattooed on his arm. Because of a confusing mobile phone call, instead of rolling his sleeve up and just reading the number, they blow off his arm with a shotgun. At another point, the bounty hunters take a bomb to a meeting arranged with the mafia and threaten to set the bomb off unless the mafia let them go!? Clearly not going to the meeting would have been just too easy.<br /><br />Keira Knightley is unconvincing and dreadfully miscast. Mickey Rourke does manage to salvage some credibility from this mess.<br /><br />I have enjoyed some of Tony Scott's previous films, True Romance being one, but all I could think while suffering this drivel was that it must have been made by a complete idiot.",0
"Along with Fernando Fragata, João Mário Grilo, Abi Feijó, Leonel Vieira, étc...(other commercial directors), Diamantino Costa is one of the best Portuguese Directors; ""O Lampião da Estrela"" was his (Diamantino Costa) First movie, before he made several successful commercials. This title is starred by one of the best Portuguese comedians of all times, Herman José and José Pedro Gomes are great. Its a very funny movie!! (28/07/2000)<br /><br />BOA SORTE DIAMANTINO...",1
"One question: Why? First off, the premise is not funny or engaging at all. They use taped interviews, and take the audio to animate ite with animals speaking the parts. First off, the interviews aren't funny or entertaining to begin with, and even if they were, I am sure they would be a lot more entertaining being viewed as they are originally, without being turned into cartoons. How does that add any hilarity to it? I turned on CBS's Monday night sitcom line-up, (which has become a regular way for me to relax after stressful Monday workdays) and found this on. Of course, the sitcom line-up would be reruns anyway, being summer, but seeing those episodes over again would have been more entertaining. I tried to give ""CC"" a chance. I really did. When it started, I figured, well, maybe it will be funny. Nope. And then it kept going. It was a long half hour.<br /><br />And I can almost see if there was a purpose, if the interviews were shown in their entirety, and had points to them. But no, it was just one-line clips, cut and pasted together really quick. It was like a horrible dreadful version of Cartoon Network's ""Robot Chicken."" I wasn't a fan of CBS' now-cancelled sitcom ""The Class."" WHile that was on, it was one half-hour of the line-up I would struggle through. But if it came down to me deciding a whole season of that or three more episodes of ""Creatures""....let's just say I'd take the ""Class."" Considering it's been a couple hours since it aired, and I come on here to see I am the first to comment...I guess that's a good sign that nobody watched it, and that it won't last much longer. Cartoon roadkill.",0
"This movie surprised me. Some things were ""clicheish"" and some technological elements reminded me of the movie ""Enemy of the State"" starring Will Smith. But for the most part very entertaining- good mix with Jamie Foxx and comedian Mike Epps and the 2 wannabe thugs Julio and Ramundo (providing some comic relief). This is a movie you can watch over again-say... some Wednesday night when nothing else is on. I gave it a 9 for entertainment value.",1
"This movie was seriously awful. The acting was the worst! It was worse than a student film. Super cheesy, and I think the worst actor was the old lady. At first I thought to myself, well it's an old movie. Then I remembered that that is no excuse! I've seen older movies with way better acting and such.<br /><br />The music was terrible to. It was really choppy. The editing was poor (most of the dialog was out of sync.)<br /><br />Overall, this movie doesn't even deserve a 1. I only watched it because I was so bored, and the movie hardly entertained me. It was just laughable. My dead grandmother's left pinkie toe could make a better movie than this.",0
"Viva Variety was a unique hybrid program that was both a parody of and a tribute to the programs it represented. <br /><br />It was most directly a mock up of the classic 1970s favorite, ""The Sonny & Cher Show,"" With Thomas Lennon and Kerri Kenney playing a divorced show biz couple who were somehow forced to host this program together, the female of the pair towering over the male, and the constant barrage of ""insult humor"" the couple tossed at each other, plus sketch comedy bits and performances from what are most kindly described as ""specialty"" acts! <br /><br />The ""hybrid"" was the mix of fact and fantasy. Of course, there was no ""Mr. and Former Mrs. Laupin,"" and the program's announcer, Johnny Bluejeans, was likewise equally fictional. But all the acts that performed were certainly real, and some were even entertaining! But there were also some acts that would have clearly been better suited for the old Chuck Barris ""Gong Show."" <br /><br />The show itself was really more like an extended sketch from ""SCTV"" (it was borne from the MTV series, ""The State,"" after all), and some would suggest that it would have been better as a five minute bit in the mix of a program like that one, rather than a stand alone series. But ""Viva Variety"" certainly should get high marks for original concepts, and even though it was often more odd than funny, it was certainly worthwhile, especially when they road tripped to Las Vegas and brought in even glitzier acts to perform. It's unlikely we'll ever see anything like this on television again.",1
"Every great gangster movie has under-currents of human drama. Don't expect an emotional story of guilt, retribution and despair from ""Scarface"". This is a tale of ferocious greed, corruption, and power. The darker side of the fabled ""American Dream"".<br /><br />Anybody complaining about the ""cheesiness"" of this film is missing the point. The superficial characters, cheesy music, and dated fashions further fuel the criticism of this life of diabolical excess. Nothing in the lives of these characters really matter, not on any human level at least. In fact the film practically borderlines satire, ironic considering all the gangsta rappers that were positively inspired by the lifestyle of Tony Montana.<br /><br />This isn't Brian DePalma's strongest directorial effort, it is occasionally excellent and well-handled (particularly the memorable finale), but frequently sinks to sloppy and misled. Thankfully, it is supported by a very strong script by Oliver Stone (probably good therapy for him, considering the coke habit he was tackling at the time). The themes are consistent, with the focus primarily on the life of Tony Montana, and the evolution of his character as he is consumed by greed and power. The dialogue is also excellent, see-sawing comfortably between humour and drama. There are many stand-out lines, which have since wormed their way into popular culture in one form or another.<br /><br />The cast help make it what it is as well, but this is really Pacino's film. One of his earlier less subtle performances (something much more common from him nowadays), this is a world entirely separate from Michael Corleone and Frank Serpico. Yet he is as watchable here as ever, in very entertaining (and intentionally over-the-top) form. It is hard to imagine another Tony Montana after seeing this film, in possibly one of the most mimicked performances ever. Pfeiffer stood out as dull and uncomfortable on first viewing, but I've come to realize how she plays out the part of the bored little wife. Not an exceptional effort, but unfairly misjudged. The supporting players are very good too, particularly Paul Shenar as the suave Alejandro Sosa.<br /><br />Powerful, occasionally humorous, sometimes shocking, and continually controversial. ""Scarface"" is one of the films of the eighties (whatever that might mean to you). An essential and accessible gangster flick, and a pop-culture landmark. 9/10",1
"Oh boy! Oh boy! On the cover of worn out VHS has a picture of Sandra Bullock and her name written on top. I think only reason they had chance to sell the movie in nineties, was because of Sandra Bullock's name. Bullock's fans don't have to disappoint. Sandra is only thing to watch in this movie and her performance is the only you can call acting. Rest of the movie It's fun to watch in first fifteen minutes because it's bad but after that it's going worse. Much worse. Directing is awful. Acting is awful. Script is awful. Dialog is awful. Action is awful. Music is quite good actually. Typical score for eighties action movies. This movie is so bad that it goes close to anything Andy Sidaris has ever produced. It's so bad that there isn't proper word to describe this poor attempt to be a movie. But still, there was Sandra Bullock. And super cool (sarcasm) Jake LaMotta who tried to be Marlon Brando. <br /><br />I think they can now bring the film out on DVD. It could be cool! And they should write on the cover: ACADEMY AWARD WINNER SANDRA BULLOCk IN HANGMEN<br /><br />1 out of 10",0
"Why, o' WHY! ...did I pick this one up? Well... i needed a no-brainer in the summer heat, and the cover looked cool.<br /><br />Of course I should've known better. This is a really, really bad movie. And it gets embarasing when the makers know it's bad, and try cover it up by adding some sexy/beautiful women, and some sex-scenes to it. Well, folks... it does'nt cut it, does it!<br /><br />If you WOULD like a cool movie about a big reptile that is actually very, very good, well-played and funny: go rent Lake Placid! (that is an order)",0
"If you decide to watch Wild Rebels, don't expect anything deep and meaningful. If you're looking for a film that explores the relationships and structure of a motorcycle gang, Wild Rebels is the wrong movie. If you're looking for an expose on the breakdown of the American educational system and the problem of juvenile delinquency, Wild Rebels is the wrong movie. If you're looking for a movie that examines how undermanned rural police departments are when facing a well-financed, well-organized gang, Wild Rebels is the wrong movie. But if you're looking for an absurd movie filled with scene after scene of unintentional humor, horrendous acting, a paper-thin plot, and community theater style production values, Wild Rebels is the right movie.<br /><br />Wild Rebels is the story of a down-on-his-luck stock-car driver named Rod Tillman (Steve Alaimo). After a fiery crash (which Rod walks away from completely unscathed despite having only a cotton pants and a London Fog style jacket for protection), Rod decides to give it up. With no plan for his future other than to wander aimless through the back-roads of the South, he stumbles on the Satan's Angels motorcycle gang (a gang being three of the stupidest guys to ever zip up a leather jacket and a woman they seem to share). This group of hoodlums spends their time terrorizing a rural town in Florida by committing such atrocities as stealing a newspaper from a neighbor's mailbox. These bumbling idiots need someone to act as their driver during some larger crimes they have planned. Apparently, these three Einsteins can only drive vehicles with two tires, not four. So they recruit Rod to perform feats of daring that only an experienced stunt driver would be capable of like keeping the car in the middle of a gravel road during a low-speed chase. Eventually, they hold-up a bank, get into the aforementioned low-speed chase, and have the lamest gun battle with the police ever put on film. I could go on forever, but you get the idea.<br /><br />I hate the term ""so bad it's good"", but that seems to aptly describe Wild Rebels.",0
"Jack Webb is riveting as a Marine Corp drill instructor in the D.I.. Webb play Sgt.Jim Moore, a tough but fair Marine whose job it is to prepare young teens for possible combat. No one could have played this role any better that Jack Webb. As a former Marine,I can assure that this is the most accurate film dealing with basic training in the Corp. Extremely entertaining!",1
"There's so many negative reviews about ""Stay away, Joe"" in here I just can't stay quiet any longer and let this injustice happen. Here's a side you haven't heard yet.<br /><br />Elvis Presley's movies are my guilty pleasure for a simple reason: they are perfect films for a pure relaxation because I don't have to think when I watch them. That means I don't have to worry about missing a complex plot because there never is a proper plot to start with. I can just kick off my shoes, grab a beer, sit back, switch off my brains and enjoy all the general wackiness and catchy easy-going rock n' roll tunes from the grooviest decade of them all.<br /><br />In my books ""Stay away, Joe"" definitely falls into the ""so bad it's good""-category. Now if you're like me and appreciate ""the trash value"", this is the ultimate 1960's camp experience. It's so bad that it's almost surrealistic to watch and just when you think that it can't possibly get any worse it surprises you in the most imaginable ways. In the end you're so amazed by all the new levels of stupidity you just don't know whether to laugh or cry. In a nutshell: I love it because it's so damn amusing that there once was a generation that actually made films like this. I still give it 1 out of 10 though - once it hits the bottom 100 it will became an instant bad movie classic.",0
"This is certainly one of my all time fav episodes of Trek. There is just so much going on in this one film that its crazy cool. First the guys beam down to an alien planet thats about to explode. They meet a freaky librarian type dude (very well played). Then Kirk manages to get himself transported back to what is very much like 16th century earth. McCoy and Spock try to follow but instead nearly freeze to death on the frozen version of the alien world 100,000 years in the past. Kirk manages to get himself locked up and charged with witchcraft while Spock enjoys some amok time with a sexy cavegirl who was vanquished to the this frozen, awful world by some bad guy.<br /><br />Spock decides hes happy where hes at and gives McCoy a royal assestment whuppin' when the doc suggests they need to look for a way out. Anyhow,they all finally escape, leaving the poor cavegirl behind. It takes a ton of convincing before Spock finally gives in and leaves. You can literally taste the sadness at the end. Leaving the cavegirl all alone in her frozen wasteland just seems cruel and is really touching. Spock must have been out of his vulkin' mind to leave behind his greatest hope for love and being human. Albeit, in a not so nice neighborhood!<br /><br />Anyway, you just get so much bang for your buck with this episode....A love story, the Salem witch trials, Spock as a human, the desperation of being left in total isolation...abandoned, and three entirely different settings on the alien planet. Its amazing they managed to jam all this into one fifty minute film. This one is a classic, don't miss it....I want it on DVD fer shure vulcans!!!!!!",1
"Narratives  whether written, visual or poetic epics  generally try to avoid too may characters; readers and viewers, after all, can be too easily overwhelmed by trying to keep track of who exactly is who. This is especially true in film, I think, simply because we cannot easily go back to refresh our memory in a cinema. Viewers like myself, however, don't have that problem because we see all our films on DVD or VHS.<br /><br />A year ago I was introduced to Audrey Tautou, a French actress, whom I first saw in The Fabulous Destiny of Amelie Poulain (2001) and later in A Very Long Engagement (2004), both of which were finely crafted and complex stories with a large cast of characters. This earlier offering exceeds the others in both ways: more characters and more complexity.<br /><br />Now, other directors have used those techniques before: Robert Altman with The Player (1992), Short Cuts (1993), Gosford Park (2001) and others; Paul Thomas Anderson did the same with Magnolia (1999). Stanley Kramer did it with A Mad, Mad, Mad, Mad World in 1963, a comedy of almost epic proportions. The difference with this film is, first the director lets us 'see' inside the head of some of the characters and second, some scenes are repeated as means to refresh the viewer's memory as the story flip-flops between different time periods.<br /><br />The basic  the core, so to speak  story concerns a young woman, Irene (Tautou) who is told, by a fellow commuter on a train, that she will meet her true love on that day. This occurs in the first few minutes of the film. The clever irony at this point is that Irene doesn't realize that the young man opposite (Gilbert Robin) may be that 'one true love'. And, nor does he...<br /><br />They go their separate ways with neither realizing the potential significance of their close encounter. However, chaos results throughout the rest of the day, not only for the two young people, but for the rest of the characters who appear in a series of cleverly constructed and interwoven vignettes that all seem to be going nowhere, and yet...<br /><br />If the story were simply that, it could tend to be boring, and even quite predictable. Not so. The script and the director rip into our expectations with a host of innovative scenes that are all too commonplace, but which are turned into believable, extraordinary events that allow the two possible lovers to meet again. For example, the next time some bird poo from the sky drops onto a book or paper of yours, consider your alternatives; two characters make an obvious choice that must occur before Irene and her man of destiny meet again. Or what about a stone chip flying onto your windscreen? Consider again what would happen...<br /><br />All of that is interesting enough. What was more interesting for me was assessing each new man who came along and trying to decide whether this guy was THE ONE for Irene, or whether it was, in fact, the young man on the train. That kept me guessing for a while.<br /><br />I'll let you think about that, should you see this delightful romp.<br /><br />Recommended for all.",1
"What is supposed to be a simple generic mystery plot involving a dead philanthropist is, in fact, a head-ache inducing tale about a bunch of characters (the only big actor being Ginger Rogers, in a very early role) all trying to find the murderer among a small cast of residents in a posh apartment building. These characters range from utterly stupid to downright mean. As a cheap, low budget production, most of the action revolves around Rogers and her lead man (some guy, I don't care who he is 'cause he really sucked) talking about their various possibilities of solving the crime, while being constantly cut off by an absurd detective with his head in his butt. Honestly, I've never had a worse time watching an old b-rate movie of this type, and I've seen some real head-slappers.<br /><br />Oh, and the butler didn't do it, because there wasn't a butler. But pay attention to the guy who's closest to a butler. There ya go.<br /><br />--PolarisDiB",0
"Firstly,I must admit that it isn't a good movie. And,I would never watch this movie if Pacino wasn't in it.<br /><br />The movie is about a publicist's strange 24 hours.And he is overworked,dizzy,sick and sometimes regretful.I don't like the character at all.It's really boring,after 20 minutes you may fall asleep.And I don't understand why Pacino wanted to be a part of this horrible movie.Just because of money or what?<br /><br />Since I'm an avid Pacino fan,I bought this 2002 movie People I Know.If you haven't bought it yet,don't even think about it,it's just a waste of time.",0
"The operative rule in the making of this film seems to have been ""never make a 1 minute scene when you can make it a 10 minute scene."" This was a principle set right from the start with an interminably long portrayal of the graduation of the Harvard class of 1870. The point of that scene, I suppose, was to introduce some of the primary figures in the story and give a bit of their background - which is somewhat effective when comparing the idealism of the Harvard graduation ceremony to the realism of life in Johnson County, Wyoming, but it just keeps going and going, and that sets the stage for a film that features repeated stretches of mind-numbing nothingness, made even worse by the fact that I found a significant amount of the dialogue to be almost incoherent. In the end, I couldn't even watch this in one sitting. I got through about half of it and had to set it aside for a couple of days before I could drag myself back to see how it turned out.<br /><br />My reaction to this movie in many ways is a shame, because there are positives here. The performances are generally of a high calibre, especially from Kris Kristofersson as Averill, Christopher Walken as Champion and Isabelle Huppert as Ella. The basic story - interspersed as it is around that ever-present mind-numbing nothingness - is potentially interesting, focusing on the efforts of immigrants to establish themselves in Johnson County and a local cattle company's efforts to stop them by killing a number of them in collaboration with the government and the military. There's also some absolutely breathtaking scenery shots. Having said that, the whole thing could frankly have been done in half the time - and should have been. In the end, all those potential positives are washed out by - again - the mind-numbing nothingness that the movie seems to revolve around. Seriously - 2/10.",0
"One of the funniest, most romantic, and most musical movies ever; definitely worth renting/buying especially if you have a taste for older style of cinematography.<br /><br /> The animals and the songs alone will make you smile while watching the movie. A definite must for Madonna fans. :o)",1
"""Don't be greedy"" sums up the depth of this movie. All the rest of the baloney is big budget window dressing. The movie rotates through hiding the ball annoyingly and revealing too much. None of the potentially interesting plot tangents are developed yet the trite ones are hashed and rehashed to excess.<br /><br />The charm of DD, as others have pointed out, was in the schizophrenia device,the humor woven into the fabric of the movie, and most importantly, the acting. There is enough wooden acting in The Box to attract a giant mound of martian termites.<br /><br />The biggest problem with suspending disbelief during this mess is the glaring question, ""why would a technologically superior power capable of taking over the government need to do any testing at all?"" Awful failure of a movie.",0
"This movie should be called ""plan 9 from joseph smith."" i think its weirdness is underappreciated. the playwright seems to have read paul ehrlich's ""the population bomb (1968),"" and crafted a musical response made especially for mormons. the whole point of the play is that having as many children as you can is part of ""heavenly father's"" (god's) plan. and anything that stands in the way of having more babies is very bad. get it?<br /><br />This version was filmed in 1989, which is confusing. it's utah, so it looks and feels like 1983, the play was actually written in 1973, and of course, the theology is part 1840's, part battlestar galactica. some of the action takes place on earth and some in the ""pre-existence, an aimless romper-room where annoying kids wait to get their bodies so they can come down try not to slam the door on the missionaries, losing their shot at celestial glory.<br /><br />it is as stagey as they come, but don't let the poor theatrics spoil your appreciation for this demented mormon universe where the 'cool kids' are all into population control, (presumably) counseling their parents not to have any more children!! having big families was, at the time the play was written, the cultural norm in the lds community, and more importantly, considered part of God's plan. the church has since done a 180, and have made family planning a choice of the parents, and large families are much less the cultural norm now. making the entire doctrinal premise of the movie for a modern-day mormon moot!<br /><br />ahhh but it's really only as good as the music. there are some catchy tunes here that just won't let this movie die the 1970's death it was pre-destined for. the brother and sister sing some love songs to each other that make you wonder if maybe something else was going on there --wink. and the tough, cool kids make new kids on the block look like metallica. so cheers to all that! gather the family around, make some jell-o shooters and enjoy the show!<br /><br />",0
"Wow! An amazing, lost piece of Australiana AND a lost 70s glam-rock film rolled into one. This film warrants viewing simply to see what can be done with next to no budget but a lot of enthusiasm. As a retelling of the Oz story, the film borders on becoming too obvious but it is saved by it's eccentricities. The chance for a glimpse at how glam rock manifested in Australia will delight fans of the genre. This film used to be double featured with the Rocky Horror Picture Show, an indicator of the type of film that Oz is. While not as frivolous or well constructed as RHPS it's hard not to have fun with Oz.<br /><br />Surprisingly, Oz has aged well- perhaps a by-product of how determinedly set in the real Australia of 1976 it is. The passage of history shows that many of the ideas being explored would eventually enter the mainstream. The willingness of the film to give prominence to gay characters is notable, especially as it dates to the 'revolution' period for the Australian gay rights push.<br /><br />The performances range from flinchingly amateur to finely nuanced brilliance. The direction is lacking in subtlety and much of the dialogue may have benefited from an extra draft or two. Somehow, these flaws add to the appeal of the film which is mercifully unpretentious. Much like Australia in the 1970s this film has a certain naive charm.<br /><br />There are several connections to the original Australian stagings of the Rocky Horror Show which will keep obsessives on their toes.<br /><br />Oz is most certainly a minor classic and a potential cult favourite worthy of review. Laugh at the atrocious 70s fashion, swing along with the AusRock soundtrack, leave ANY expectations at the door and Oz is likely to delight.",1
"I am from the Dallas/Fort Worth area and lived in Arlington for a few years. This movie was way off as far as making it look like Arlington. I saw mountains in the background of one scene! Texas doesn't have mountains. I guess that happens when a movie that is supposed to be in Texas is filmed in Canada. The accents are also really bad. They should have gotten actors from Texas to play the parts. There a lot of aspiring actors from Texas out in Hollywood. The movie is really sad though, because it is a true story. I pray that the killer is found and convicted. The one good thing is that bc of her death, we now have the Amber Alert to help find missing children quickly after they are abducted.",0
"I had completely forgotten about ""Midnight Madness"" until just now when I found it while surfing the IMDB. Now, it's all coming back to me....<br /><br />It was one of Naughton's first movies (as well as Fox's) and sharp-eyed connoisseurs will also pick out Kaplan (Henry from TV's ""Alice""), Fiedler (he does the voice of Piglet in the ""Winnie the Pooh"" cartoons) and Blocker (son of Dan ""Hoss"" Blocker from TV's ""Bonanza"").<br /><br />But the two that stand out in my mind are Furst (from ""Animal House"") and the superdude himself - Eddie Deezen. Furst plays a baddie this time out and has one of the best scenes when he asks his dad, ""Why can't you just accept me for who I am?"" His dad looks over his obese, slovenly frame and gives a simple, one-word response - ""Yuck!""<br /><br />And Deezen... well, he's a show in himself. As a latter-day Jerry Lewis he stumbles around, wades through mini-golf ponds, puts melon halves on his ears and ends up having Maggie Roswell fall for him. My hero.<br /><br />As for the film, it's typical early-'80s stupidity with college kids staying up after curfew and going on a city-wide scavenger hunt to prove which division of students is the best on campus: the jocks, the nerds, the rich kids, the feminists or the group made up of a little of each. <br /><br />Who wins? Who cares, you'll have a lot of fun watching Disney Pictures' first foray into PG territory before creating Touchstone Pictures.<br /><br />Seven stars. Catch ""Midnight Madness"" any way you can!<br /><br />Long live Leon!",1
This movie was a fascinating look at creole culture and society that few African Americans are aware. My own two children are by products of a paternal grandmother whose father was a member of the gens de couleur libre and a black skin woman whose parents were ex-slaves. He married outside of and against his culture and was cut off from all of his family except for one sister who took pity on her brothers plight; raising 8 children during the great depression of 1929; providing the family with food whenever she could. Of course she clandestinely aided this family fearing for her own ex-communication. My daughter was fascinated by the movie. We have made it a part of our library.,1
"I was a little to old for this show I was 6 when it first came out. First off when I was a young child there were a few children's shows that were on sesame street which I did watch and learned from, but other than that there wasn't much else. My Cousins were all born a few years after me 7 years was the first one more came latter. Barney was a very big part of what they watched. When I first saw this show I told my grandmother how it doesn't teach anything just uses magic to fix everything. I was 9 at the time, how many 9 years old have any idea what is really going on with a TV show. More and more that I saw or heard what the teachings of Barney were the more and more I told people how bad the show was. The funny thing is my parents who had a young child in the mid to late 80's which was me by the way. They agreed and said the same thing as I did. The sad thing about this is my cousins who are older now 13 and such still agree with what they saw. Its not cheating its creative, its not right to think differently than what someone tells you to. Its o.k to steal if the person wont find out or mind that it is gone. Lets be honest with ourselves, Barney is out to make money not teach children anything. The more flashy the program the more inclined children will be to watching it. Children are stupid not because they are not educated they just do not know any better, second Barney put on a show and parents bought it. I never believed that TV could affect people the way Barney does. If you have a young child read to them watch a show that teaches them numbers, do not let them get involved in this show. Barney is like smoking once is to much, smoke a few and your hooked let your kid watch this show they are hooked and one day their kids will watch the same crap and buy the same crap you bought",0
"For animation buffs it's a must, but even general audiences will enjoy THE CAMERAMAN'S REVENGE, a very early example of 'pixilation' by the hard-working pioneer Wladyslaw Starewicz. Starewicz and his helpers painstakingly manipulated a cast of flexible insect figures to tell this story, paving the way for the likes of Willis O'Brien, George Pal, Ray Harryhausen, and legions of modern digital effect creators.<br /><br />THE CAMERAMAN'S REVENGE is only about 10 minutes long, but packs in lots of amusing detail as the story follows the amorous adventures of two beetles from their home to a nightclub, a hotel, a cinema, and, eventually, a prison cell. There are two brief dance numbers at the nightclub (performed by a frog and a dragonfly), a scuffle between a beetle and a grasshopper, and a large-scale donnybrook at the cinema, which ends with the projector bursting into flames. Pretty elaborate goings-on for 1912, when even John Bray and Winsor MacCay were just getting started, and Walt Disney was still in grade school!<br /><br />It's interesting to note, too, what an impact the alteration of a silent movie's title cards can have on the story being told. I've seen two versions of this film offered by two video companies, and watched them back-to-back, and although the image content itself is almost identical, two different sets of intertitles tell two very different stories. (And the plot outline someone provided above tells yet a third story, which suggests that there's another version out there somewhere.) The British Film Institute's print, which has rhyming intertitles, tells the story of two sibling beetles, each secretly married, who hide this information from one another in order to inherit their late father's fortune. The other, Russian print, tells a simpler story of married beetles who are each guilty of infidelity. In the Russian version Mr. Beetle visits his girlfriend at the ""Gay Dragonfly"" nightclub, while in the English version brother Bill Beetle visits his wife at the music-hall. Personally, I prefer the straightforward-- and spicier --Russian story; the BFI version tries to cram too much plot into what should be a simple tale, and some of the rhymes are a bit awkward.<br /><br />Still, in any rendition, THE CAMERAMAN'S REVENGE is a delightful film, and would make an ideal lead-in to that other great animated work which features beetles, YELLOW SUBMARINE.",1
"What the *bliep* is it with this movie? Couldn't they fiend a better script? All in all a 'nice' movie, but... it has been done more than once... Up till the end I thought it was okay, but... the going back to the past part... *barf* SO corny... Was waiting for the fairy god mother to appear... but wow, that didn't happen... which is good.<br /><br />I loved Big with Tom Hanks, but to see such a movie in a new form with another kid who wished that he/she is older/bigger; that just is so pasé<br /><br />Just watch till it comes out on TV. Don't get me wrong, but it ain't all that",0
"I've read the other reviews and found some to be comparison of movie v real life (eg what it takes to get into music school), Britney Bashing, etc, etc. so let's focus on the movie and the message.<br /><br />I have rated this movie 7 out of 10 for the age range 8 to 14 years, and for a family movie. For the average adult male.... 2 out of 10.<br /><br />I like pop/rock music, i'm 45. I know of Britney Spears but never realised she actually sang Stronger until i read the credits and these reviews. I didn't recognise her poster on the wall so I was not worried about any 'self promotion'.<br /><br />I watch movies to be entertained. i don't care about casting, lighting, producers, directors, etc. What is the movie and does it entertain me.<br /><br />I watched this movie for the message. The world's greatest epidemic is low self-esteem (which is a whole other story) so watched with the message in mind, as that is an area of interest. The movie is light, bright and breezy, great for kids. I found the Texan twang began to fade throughout the movie and of course there are only so many ways to convey the give up/don't give up message, so yeh, it was a bit predictable. Great message though...should be more of them.<br /><br />This movie is a great family movie, but for a bloke watching by himself, get Hannibal.",1
"I`ve seen this movie twice, both times on Cinemax. The first time in it`s unrated version which is soft-core porn at it`s best and the second time in a trimmed down (cut all the sex and most of the nudity out) version which was entertaining in a typical beach movie sort of way. The unrated version has a tremendous sex scene with Nikki Fritz, a dude and a bottle of oil which is out of this world (no pun intended). Unfortunately, in the trimmed version that scene is almost completely chopped out, as are all the other sex scenes. Rated or unrated it is still fun to watch all the siblings of bigger stars (Stallone, Sheen, Travolta, etc;) trying to act. We also get appearances by B-queen Linnea Quigley and Burt Ward (Robin from the old Batman series).",1
"This is the kind of movie the US doesn't make. It's why people rent foreign films. It's a great story about how one person, even if he is retarded can make a person find reason in an empty life. Everybody can learn from Georges. It also shows how people that are mentally challenged suffer in their life and shows them in a very realistic way (I think). As its classic in foreign films this movie has a bittersweet ending, but that only makes it a better movie.",1
"This movie is about Tyrannus, a gladiator who is brought back from the dead to summon Tyrannus, a gladiator who must be brought back from the dead. Tyrannus, we learn after about an hour, is also called Demonicus. This adds much needed depth to the screenplay and calls into question our assumptions about identity, psychology and ourselves. <br /><br />The spirit of Tyrannus accomplishes his little to-do list (killing some people and saying repetitive phrases in Latin) by possessing the body of a college guy. He uses a magic mind-control helmet to do this, which the college boy willingly puts on his head, and then at several points in the movie, takes off and puts back on.<br /><br />Maria performs oral sex on a poor man's Sean Willian Scott, and Tyrannus wears the Rollerball glove. Tyrannus has his own green backlighting for no reason, and has apparently been sitting next to CG fire in an ancient concrete tunnel for centuries like this. Utter misfortune.<br /><br />This movie is empty and will hurt you. See it.",0
"i love bad shark movies. i really do. i laugh hysterically at them. and the scifi channel was having a marathon of them, culminating in the premier of their new original picture, hammerhead: shark frenzy. based on the previews, it looked like it was going to be HIGHLY amusing. essentially a remake of benchley's creature, really. it was prefaced by a showing of shark attack 3: megalodon, which is shark movie hilarity at its best. i was in the mood; i was ready to go. bring it on, hammerhead-mad-scientist-man! oh, god, was that movie wrong.<br /><br />wrong, wrong, wrong.<br /><br />sick. twisted. MESSED UP.<br /><br />this is theoretical reproduction at its very worst, my friends. when a drugged-out girl is brought out of suspended animation and strapped to a table screaming her head off because the shark-human hybrid fetus the absolutely insane ""scientist"" deliberately implanted in her womb wants OUT... Jesus monkeys. that's what i call disturbing.<br /><br />that's really how the plot works: hmmm, thought the mad scientist. my son died of cancer, but i brought him back to life by combining his dna with that of a hammerhead shark, because sharks don't succumb to cancer and further hammerheads reproduce via placenta. oh, look! a perfect amphibious being! i've created the next evolution of the human race! I KNOW! let's make him reproduce! but darned if all those shark genes have't made my son bloodthirsty; instead of raping the hot babes i keep sending into his little jungle paradise, he keeps eating him. but check this out! among the random people who have, by way of some unimportant plot twist, ended up on my research island, is the woman to whom my son was engaged before he died! i bet he'll do HER! all this leads up to an extremely touching and heartfelt reunion: woman: you're going to impregnate me? mad scientist: no. he is. (indicates thrashing shark-person in tank) how sweet.<br /><br />DO NOT WATCH THIS MOVIE. ever.",0
"This ranks way up there on my top list of worst movies I've seen so far on Starz on Demand. They seem to pick up every straight to DVD crap-fest they can find and put it on here.<br /><br />Why? Who knows! Apparently anyone with a digital camera and a shoestring budget can come up with a horror movie and get it put on TV. To be honest, this looked terrible from the moment I saw the trailer--but I did give it a real chance.<br /><br />I always try to have an open mind about low-budget movies. Some of the best movies I've ever seen were films that worked around their low budget or in other cases only required that low budget to be great.<br /><br />This is not one of those movies.<br /><br />You know the plot by now, I'm sure, if you're reading this. Either you heard about it on Starz on Demand or for whatever reason you ended up on this page out of boredom. It's about a pathetic and whiny girl we get to know for all of 3 minutes in an incredibly bad ""heavy metal"" music video. Whoever put it together must have thought it looked really interesting, but it really, really doesn't. Anyway, she kills herself. Then she possesses someone. Then some killing starts. It's really unmemorable and as completely average and boring as possible. When the first gunshot goes off in her apartment it quite seriously sounds like a piece of popcorn popping. Was that the best sound effect they could come up with? I could find a better sound effect to use for free, (with no copyright,) on the internet... right. now.<br /><br />Don't let the other reviews claiming this is a 10 star movie fool you. They are obviously either distributors of the film or maybe even the director trying to con you into thinking this piece of junk is worth buying.<br /><br />Laughable.",0
"I spent 5 hours drenched in this film. Nothing I have ever seen comes close to the delicious funk this film left me in. Never mind females advanced aging dilemma's, human fear vaults off the screen for your viewing. Personally engaging to the ninth degree, the film invests one with an undeniable shared feeling for our lives'. I enjoyed this dalliance with raw wounded gall deep from within. It empowers a mutually shared vestment in the history of human encounters reaching far deeper into the pain, isolation and skewed views of self and others. The result forgives our tepid forming of a bridge away from the muddy sludge of dead we must encounter. The birth in finding real people is a happy pursuit. The effort for realism intersects with the dark ground of our bankrupt culture.",1
"What can I say? I think I have to write ""Spoiler alert"" and then ""reveal"" they used the F-word a LOT in this movie - like in every two sentences. I did not like this movie at all - too much hints on sexual perversions, sidesteps and cheating. And that swearing was totally out the window. I gave this movie ""3"" and two of those points are for Mira Sorvino's sexy movements on the dance floor.",0
"well, i hated knocked up, i despised 40-year-old virgin, and this little gem is a worthless piece of trash movie. do yourself a favor, and skip it. i admit, i don't like the actors in this movie, and after my 18-year-old son showed me the cover of the DVD, i was like, ""i wouldn't like that movie,"" but at his insistence, i decided to give it a try, unfortunately. <br /><br />about two minutes into the movie i turned it off, i was so offended. it's just disgusting. any decent person would be offended by the filth in this movie. call me old fashioned, but shoving your pussy juice-covered hand into your friend's face so he will know you ""got some"" is over the line of decency, in my opinion. yeah, that's how this putrid little film starts, and i can only imagine it gets much worse from there. another real winner for Mr. Rudd. i bet he's proud as punch. imagine if you could only get worthless roles like he gets, would you stay in movies? despite the pay, i wouldn't. <br /><br />i should have known better; next time i will.",0
"Nothing really unpredictable in this movie, but a solid flick in all respects. Everything from acting to cinematography was solid. Not a perfectly linear plot line, but there wasn't anything you couldn't see coming. Perhaps a tad melodramatic at points, but again, a fairly decent movie none the less. Definitely worth checking out. If in doubt of what film to rent over the weekend, give this a go. Though you may not feel like running out and buying it, I found it to be quite worth while.",1
"or: It's a bird ? It's a plane ? No, look... It's a disaster ! or: No need to look up in the sky.<br /><br />or: (... OK, that's enough.) If singer tried to make a romantic titanic like movie to crash the box office record, he failed. The SR structure can't do this, the dark and restricted color scheme (I would call it ""wishi-washi""), the boring usual dialogs, the clown with advanced alien technology, the missing fun and magic, etc. makes the movie completely disappointing.<br /><br />It simply doesn't work.<br /><br />The main thing at a character like superman is, that he is a superhero. That's the core, the most important thing.<br /><br />Love trouble and a sadly lost depressive Supersoftie can maximal only be a facet in a 2:40 long Superman movie, not the whole time.<br /><br />Because then it is not a superman or superhero movie anymore. It's like a (and in this case a very bad and boring) social study, where every 30 minutes a person flies around.<br /><br />That's a big difference.<br /><br />This movie is a joke. Holy skywalker, this is Superman, so give us Supervillains, Superaction and the most important thing, Superfun.<br /><br />We want ENTERTAINMENT ! Singer, if you want to make a 2:40 long soul love trouble drama about lost and sadly people ? Then take normal human characters and make a yentl remake.<br /><br />They say: Superman returns. And then, supersadlysoftie stands in the door.<br /><br />Maybe singer has tried to kill the legend without kryptonite, but one bad movie can't do this. Don't give up, they plan a sequel...<br /><br />Next time singer (and Warner Brothers), make a superhero movie, not a depressive superlame soap, or let it be. A superhero movie means a colorful fantasy with a lot of fun and magic.<br /><br />This movie is like a very cheap chocolate box with a super cover. Yes, technically there are all sorts in, yes, there is a lot of small talks, there are a few jokes, a view action scenes, etc, but the only one what all these worse pieces have in common is their poor quality.<br /><br />It's not more than a super boring patchwork and one of the worst movies I have ever seen in my live.<br /><br />The ridiculous cast strategy (Cast them young as possible, so we can make sequels in the next 25 years) gives the rest. Kate Bosworth plays a 22 year old star reporter, she's looking like 19. Superman was full five years away, so he slept with her 6 years ago, so she was 16, (looking like 13) and a daily planet reporter, wroting ""I spend a night with superman"". Warner Brothers, that's too much.<br /><br />Routh is not so bad, he is playing a little bit wooden, but the whole movie is wooden, so... ?! Temporary good were marsden and sometimes posey. The rest, forget it. Even spacey, this is not his terrain.<br /><br />Reeve/Hackman/Kidder were acting so easy, with fun. What a difference.<br /><br />The Jesus poses at the end are ridiculous too. What the hell should that be ? The problem here is, they mean this serious, not as a joke. Next time Spiderman or Batman or Ironman falls and rises like Jesus or angels ? Or they speak with god directly. Why not ? They are superheroes, saving human lives every day. So at least one talk with god every week should be possible... Oh my god.<br /><br />Maybe this was not the real announced movie, instead it is from a bizarre dull parallel universe.<br /><br />For the warner brothers this superlame depressive flick will be possibly the greatest disaster in history. Not only because of the money.<br /><br />I understand how difficult it (maybe) was to create and transport some messages or feelings, but showing lone, lost and sadly people isn't new and thousands of movies or TV-Shows did it better, in very old or new ones like magnolia. And the flying frogs there were more impressive than this flying superwoman, sorry, superman of course.<br /><br />Singer and WB, that's simply nothing. In fact it's even more than nothing, it's like a black hole that destroys the passion for (comic/superhero) movies and steals us three hours of our life.<br /><br />Mrs. Smilla's little brother. (Very angry and green like the hulk.)",0
"Routine suspense yarn about a sociopath (Dillon) who gives his sperm to a clinic of human reproduction and starts to harrass the lives of the woman (Antony) and his husband (Mancuso). Extremely predictable, far-fetched and with undecided tone all the way. Don't lose your time with this one...make a baby instead!",0
"I've enjoyed this movie ever since I first saw it in the theatre. Some movies have a cast of characters and a script that come together in perfect synergy, and this is one of them. The characters illustrate some truths about getting the best out of people, working together harmoniously, building a team and achieving goals, without ever preaching morality. The situations are crafted well and are consistent with the movie's opening premise. The tension builds nicely and the humor is clean and consistent throughout. The movie manages to pull me right in to root for the characters, and to laugh pretty well all the way through. This is a feel good movie as good as they come.<br /><br />What amazes me is that a movie which appears so simple can be so long term entertaining. The music is a perfect copy of music in the typical serious post war navy movies, which helps to create the humor and point out that greatness is in the eye of the beholder. The scenes in the credits are a great music video of ""In the Navy"", which deserve their own full screen special feature. The scenes and cuts are crafted well, and the casting and acting is right on.<br /><br />This movie is a classic as great as any ever made, without any pretensions. In fact, the lack of pretension is what makes it so much fun to watch. I love these guys and gal.<br /><br />The other day I thought of the film, and wondered whether it was available on DVD. Good fortune has come to us, and the DVD came out in May 2004. I headed to the store, and snapped up a copy. Then my wife and I enjoyed another hilarious night in front of the big screen. I've rated this movie as a 10 because it comes together on all levels, far better than many high budget films and Oscar winners. This is entertainment.<br /><br />Listen up Fox home video: you have a great movie in your vaults, and it's a shame to find a cheap shot DVD with badly degraded off tint colors only 8 years since release. So why not restore the colors and present the film as it was meant to be seen? I'd gladly pay a few bucks more to get the picture right. I'm grateful to have my own copy. Now give us the eye candy that the film deserves, and how about recreating the credit sequence as a full screen music video special feature.",1
"Poor Jane Austen ought to be glad she's not around to see this dreadful wreck of an adaptation. So many great Jane Austen movies have come out recently that this one deserves to be permanently buried along with two other movies I despise-The Man in the Gray Flannel Suit and the 1969 version of David Copperfield. My main beef with the movie is that it completely misses the point of the book. Jane Austen was poking fun at the Gothic mania in her society, and much of the novel is tongue in cheek. The movie, however, is serious and comes across terribly melodramatically. The lighthearted, fun-poking flavor of Austen's writing is completely and conspicuously absent from this ponderous foray iinto horror meets period drama. The scenes of Catherine's imagination are both gratuitous and uninteresting. Also, Henry Tilney is dreadfully unappealing. Why, I ask, would anyone fall for him? If you are looking for a fun-filled Jane Austen evening, watch Emma instead!",0
"i watch this film with horror in my heart because my mother also was a crack head like Michelle. i've been wondering where Michelle is now. there has been times where i had to find my mother in places i was scared to be but more scared to leave her there! to see Michelle act like that made me wonder where she was sleeping all that time?? i watched in hopes the it was never that bad for my mom! and what i want to know is... where did Matt and Tracy ""tear that ass up""?! worst scene for me was watching Tracy shoot up in an old navy dressing room!!!! u never who try clothes on before you and it looks like all of them except Michelle has aids!!!! where are they know 2008? can we get an update??????????",1
"Largely dense road movie with some comic relief provided by the excellent John Cleese (although he is really sending up his performance in Fawlty Towers). Seems to flip from over the top slapstick to slushy sentimentality at the drop of a hat, and the worst part of the film is that Martin and Hawn have to ""find themselves"", who they are, etc. See it at your peril.",0
"You know that mouthwash commercial where the guy has a mouth full of Listerine or whatever it is and he's trying really hard to keep from spitting it up into the sink? That's a great metaphor for this movie. I kept watching, even though it was really difficult. But keeping mouthwash in your mouth will leave you with a minty fresh feeling. This movie left me with a bad taste in my mouth. I should have spit it out when I had the chance.<br /><br />The premise is corny enough to be fun. For the first time in like a thousand years, Gargoyles have returned to Romania, and all of the priests who knew how to fight and kill these things are long dead. It's up to Michael Pare and some other secret agents to get to the bottom of things before the Gargoyles run amok. Unfortunately, the premise is completely lost in bad dialog and less than enthusiastic acting on the part of the human leads. The best acting is done by the CG Gargoyles.<br /><br />In the end, this movie feels like a poor man's Van Helsing. If you check your brain at the door, this might get you through a dreary Monday night. I gave it 3 out of 10 stars.",0
"This show was so exhausting to watch and there's only two numbers Drowned World (Substitute For Love) and Paradise (Not For Me) were you can sit down and just contemplate it all. The opening of this show will go down in history as the most visually thrilling, as Madonna enters the stage via a gigantic Swarovski crystal ball that comes down from the ceiling and the huge screens from behind it show images of horses galloping. Horses play a role in this show due to Madonna falling off one. The infamous scene of Madonna on the crucifix is in this show as a huge screen counts to 12 million, the number of how many African children are orphaned due to Aids. At the end a website address comes up for anyone interested in donating. We then go into the theme of the environment and again images of politics and religion are shown. There's an interlude and then the show starts again to the music of I Love New York and Ray of Light this part of the show is one of my favorites with the dancers doing there funny hand movements. Towards the end there's the Music number with the song Disco Inferno mixed in with the song and the dancers make more of there presence known. The ending again is full of energy as the show wraps up to the tunes of Lucky Star and Hung Up and hundreds of golden balloons fall from the ceiling at the end the message ""Have you confessed?"" comes up. The DVD is worth buying and when it came out the soundtrack for the show was added as a bonus. Jonas Akerlund did a great job with the footage for this show keeping it consistent with the style of the tour.",1
"I read somewhere (in a fairly panning review) that this is something of a live-action mecha anime, and I think they're on the right lines. I first watched this movie when I was very young and I've been dying to see it again, and when I finally did just recently all the memories came flooding back. I don't think this is to be taken too seriously - it's just a bit of good old 80's almost-a-TV-movie fun (it is set against the backdrop of a fairly dark future, although this point isn't stressed too much). What I admired most about this movie was that the dialogue didn't sound generic - no clichés, no predictable lines - all in all just good fun! Maybe time hasn't been kind to this little movie, but still I can find appreciation for it in me. It's by no means perfect, but it's entertaining and doesn't try to be anything other than that. Let the nerds and comic-store-guys worry about technicalities - who cares? See it for yourself and make your own decision. No-one else's opinion matters.",1
"I'm a large scarred heterosexual male ex-bouncer, ex-rugby player, and ex-boxer, and I love this movie.<br /><br />It's no ""Mystic River."" It's a piece of fluff. But there is room in life for fluff, and when that fluff is engagingly shot, well-acted by attractive, likable people, cleverly plotted and full of good dialogue, there's even more room for it.<br /><br />I'm not the biggest Tom Selleck fan. But he's good in this. So are Julianne Nicholson (love her bald head and freckles), Ellen Degeneres, Kate Capshaw and even Tom Everett Scott (That Thing You Do!).<br /><br />The scenery is nice, the mood is upbeat, there's heartache and wistfulness and farce and even a little redemption.<br /><br />Any (male) reviewer who disses this movie is, shall we say, not perfectly confident in his masculinity. In the meantime I'll continue to catch bits and pieces of it without apology whenever it shows up on cable.",1
"Before Stan Laurel became the smaller half of the all-time greatest comedy team, he laboured under contract to Broncho Billy Anderson in a series of cheapies, many of which were parodies of major Hollywood features. Most of Laurel's 'parody' films are only mildly funny, and even less funny for modern audiences who haven't seen the original movie which Laurel is parodying. Fortunately, 'Mud and Sand' lampoons a movie which is still well known: 'Blood and Sand', starring Rudolph Valentino. 'Blood and Sand' was released only nine weeks before this parody, giving you some idea of how quickly Broncho Billy's movies were ground out, edited and distributed.<br /><br />Various sources (including IMDb) state that Stan Laurel's character in this film is named Rhubarb Vaselino, with a final 'o'. I've screened a print of 'Mud and Sand' with the original titles (in Hobo type font), so I report that Laurel's role is actually cried Rhubarb Vaseline, with an 'e'. But I agree that 'Vaselino' is funnier. Laurel copies the elaborate sideburns which Valentino wore in 'Blood and Sand' (he should've made them longer!), and there's a parody of Valentino's dressing scene from that movie, which made female movie-goers swoon in 1922. A señorita named Carmen in the original film is parodied here as Caramel (a girl I'd like to sink my teeth into).<br /><br />This movie (like the original) apparently takes place in Spain, yet there's a Prohibition gag. Laurel uses a distinctive hat-tipping gesture here which could have become a trademark for him (like Hardy's distinctive necktie twiddle), but I've never spotted it in any other Laurel film. There's some amusing dialogue: Rhubarb Vaseline tells the other matadors to 'Save a bull for me.' When Vaseline becomes a successful toreador, a lackey tells him 'The bull is without, sir' ... which is funny, but I was disappointed that Laurel didn't reply 'Without WHAT?'.<br /><br />There's one funny moment here which almost certainly wasn't planned, when Vaseline shows up for the bullfighter auditions. Laurel swaggers into the bullring, and -- before you can say 'corrida querida' -- he tosses a bull over the fence, where it lands with a thump near the other auditioners. The bull is obviously a fake, but the gag is funny anyway ... and, aye, there's a title card with a joke about 'throwing the bull'. The serendipitous moment occurs when Laurel repeats the gag, and Vaseline slings a second bull over the fence. This one lands on its butt, and balances upright for just an instant before toppling. VERY funny! If somebody planned that gag in this quickie comedy, I salute the unknown gagsmith ... and the tech man who rigged the bull to land in that position. More likely it happened by luck, and the director and editor were smart enough to keep it in.<br /><br />During the silent era, whenever Hollywood made a big-budget feature film which was set anyplace where the people don't speak English, it was a common cinematic device to show a piece of text or an inscription in the local lingo, then dissolve to a shot of the same text in English. I was surprised that this low-budget comedy spent the money to copy that device here: we see a notice-board outside the corrida with a message in Spanish, then it dissolves to the same text in English. Unfortunately, the photography in this cheapo movie is so dark that the effect is wasted.<br /><br />The actresses in this movie are attractive ... including Broncho Billy's wife Leona Anderson and Stan Laurel's common-law wife Mae Dahlberg; the latter briefly does a pretty dance. (Mae had danced in Stan's vaudeville act.) I was surprised to spot Charlie Chaplin's half-brother Wheeler Dryden in a brief role, since Chaplin had nothing to do with this movie. In 'Mud and Sand', Laurel gives a funny performance that's quite unlike his later familiar Stanley character ... but this film is much less funny than his brilliant work with Oliver Hardy. My rating: just 3 out of 10. TRIVIA NOTE: Twenty-three years later, in Stan Laurel's very last American film -- 'The Bullfighters' (1945) -- he again played a Spanish bullfighter (with his Spanish voice post-dubbed). Coincidentally, that film used stock footage from 'Blood and Sand': not Valentino's movie, but the Tyrone Power remake. 'Mud and Sand' is funnier than 'The Bullfighters', but not much.",0
"The Story line for this game is very jerky where it appears the game writers have tried to find ways to justify how a character appears in certain areas of the world map in Tales of the Soul. That being said, this is the only gripe I have about the game.<br /><br />The beginning FMV is spectacular with breath taking sceneries and interesting new devices such as the ability to create and design your own character and their own Martial Arts discipline. There's even a second story mode which makes up for the awkward Story design of Tale of the Souls.<br /><br />Parts of the FMVs during Tale of the Souls is also interactive where you can decide the fate of your Character to a certain degree which is an interesting feature.<br /><br />With the many combinations of Characters you can create, the varied paths you can explore in Tales of the Souls and the Chronicle of Swords story mode, this game will keep any Beatem up/RPG fans amused for a while!",1
"I wasted 35 minutes of my life on this turkey before I gave up. The main character is completely clueless and astoundingly unsympathetic, but there is no humor in his blundering. As soon as he arrives in Germany, the screenwriter pulls the old ""there's only one room in the hotel, you'll have to share a room with a pretty girl"" stunt. Come on, at least you could let them develop their relationship a bit first. Watch ""It Happened One Night"" to see how to do it right--or any of a thousand movies since then.<br /><br />The acting is consistently third-rate, and the improvised dialogue should have been left on the cutting-room floor. It meanders with no plan at all, despite the fact that the film telegraphs the relationship's destination from the moment Greta is introduced.<br /><br />The first song, in the boardroom, is mildly funny but badly sung. The rest of the songs (well, to be fair, I only heard those in the first half-hour) are just pointless and awful. Most of the singers are painfully out of tune, but not in any intentionally humorous sort of way.",0
"Fascinating downer about a would-be male hustler in New York City forced to live in a condemned building with a crippled con-man. Extremely bleak examination of modern-day moral and social decline, extremely well-directed by John Schlesinger (who never topped his work here) and superbly acted by Jon Voight and Dustin Hoffman. Packs quite a punch overall, yet the ""fantasy"" scenes--some of which are played for a chuckle--are mildly intrusive, as is the ""mod"" drug party. The relationship that develops between the two men is sentimental, yet the filmmakers are careful not to get mushy, and this gives the picture an edge it might not have had with a lesser director than Schlesinger. Originally X-rated in 1969, and the winner of the Best Picture Oscar; screenwriter Waldo Salt (who adapted James Leo Herilhy's book) and Schlesinger also won statues. ***1/2 from ****",1
"I too saw this movie when it first came out. I was a teenager at the time, and I saw it with my girl friend who later became my wife. I remember the movie made me feel it was possible to beat the odds. The cinematography was very well done if memory serves me correctly. The boy was a little much, but the girl character was very interesting. I thought it was very romantic and that might have been the intro to the first time with my then girlfriend. I have not seen the movie since and I wander why it has gone to the wayside. I would love to watch it again to see if it was as good as I remember. The Elton John sound track was excellent.",1
"Steven Seagal appears to be sleepwalking through a dreadful movie shot almost entirely in close-up to disguise the complete lack of budget and resources. To pick on the technical flaws - silver F/A-18s and F-14s take of from a carrier for an air-strike, and miraculously become camouflaged F-16s for the actual strike - would give this movie more credibility than it deserves. Suffice it to say that the most interesting thing in the movie is the credit titles which fade on and then disappear in a lightning wipe, which presumably is available to all users of Final Cut Pro. Putting all your creativity into your own credit puts Michael Keusch in the same category as Marcel Mandu.",0
"Yes, it might be not historically accurate(actually only 6 soldiers of 9th rota were killed there), and yes, it has some mistakes and exaggeration(bended machine gun? come on! or the that ""history lesson"" about how Afghanistan was never conquered by anyone - educated Russian officer would know history much better than that - take for example British campaign in Afghanistan). And yes, it does not have multi-million dollars Hollywood-style special effects, but it's strongest point in showing soldier's life there, their relationships and their feelings when the best friends are being killed in front of their eyes. In my opinion 9ya rota really does a good job showing all those things.<br /><br />Again, movie has it weaknesses, but, in my opinion, it appears to be one of the strongest Russian movie for the past few years.<br /><br />8/10",0
I saw this movie with very low expectations. I didn't know a lot about it so I wasn't sure if it was going to be worth it.<br /><br />The story did an OK job of getting you curious about these ruins they travel to. The suspense continues when the Mayans show up and force them to stay at the ruins.<br /><br />Then the movie turns from somewhat suspenseful to pointless. The amount of gore found in this movie did not balance out compared to whether it was truly necessary or used more for shock value.<br /><br />The fact that they didn't make any attempt to fight the vines from hell. They had fire and didn't try to burn it nor did they try to cut it with a knife to see if they could destroy it or not. They quickly jumped into a victim role and their helpless attitude was not real. It reminded me of the old horror movies where the people just scream and yell and don't have half a brain to try to fight back.,0
"Wimpy stuffed shirt Armand Louque (blandly played by veteran character actor Dean Jagger in a rare lead role) joins a group of researchers who want to find and destroy the secret technique of creating zombies. Armand falls for the lovely Claire Duval (fetching blonde Dorothy Stone), who uses the meek sap to get Armand's colleague Clifford Grayson (the hopelessly wooden Robert Noland) to marry her. Furious over being used and spurned by Claire, Armand uses his knowledge of voodoo to get revenge. Sound exciting? Well, it sure ain't. For starters, Victor Halperin's static (non)direction lets the meandering and uneventful talk-ridden story plod along at an excruciatingly slow pace. Worse yet, Halperin crucially fails to bring any tension, atmosphere and momentum to the hideously tedious proceedings. The mostly blah acting from a largely insipid cast doesn't help matters any; only George Cleveland as the hearty General Duval and E. Alyn Warren as the irascible Dr. Trevissant manage to enliven things a bit with their welcome and refreshing hammy histrionics. The drippy stock film library score, the painfully obvious stagebound sets, and the crude cinematography are pretty lousy and unimpressive as well. In fact, this feeble excuse for a fright feature is so crummy that not even the uncredited starkly staring eyes of the great Bela Lugosi can alleviate the brain-numbing boredom. A dismally dull dud.",0
"Why bother to see this movie? It probably rates an award for being the worst career move of a major movie star since Clark Gable's laughable playing of an Irish patriot in Parnell.<br /><br />It's inconceivable that Bergman would choose both this movie and its director over a lucrative Hollywood career where she could choose among the finest scripts and directors being offered at that time. To begin with, there was no script to work with except a few notes. Then we are supposed to believe the polished Bergman as a poor refugee willing to do anything to be released from a refugee camp, including marriage to a poor Italian fisherman she doesn't even love. I read where Anna Magnani was the original choice for this part. If so, that made a lot more sense than to cast the luminous Bergman in such a proletarian part. But since she was in love with her director, common sense flew out the window.<br /><br />So she goes to live in this poor village where the men must toil to extract a meager living from the sea. A place she obviously hates to be and where she doesn't fit in.<br /><br />Her only friend is the village priest who knows she's not suited to the life of a poor fisherman's bride, but tells her that for the sake of love she must repress her true feelings of revulsion, and accept the poverty and despair she encounters each day. On top of all of this, there's this volcano always on the brink of erupting and drowning them all in hot lava. But like a true heroine, Bergman revolts against her misery by declaring war on just about everyone else in this dreary film. She even goes as far as trying to seduce the village priest, in a scene that would generate laughter if it were not so pathetic. Since her poor slob of a husband must lock her in a room to keep her from running away, she's forced to use her body to bribe a married man to take her off the island. To her, no sacrifice is too great; no man unapproachable if he is willing to help her to escape the island and her misery. I won't bother to tell you how this all ends. The no-script movie ending is as plausible as the rest of STROMBOLI. I even remember (from seeing it on late night TV) that it had two different endings! So be warned if you should feel brave enough to sit through this king-size turkey and catch the miscast Bergman. It led to her downfall in Hollywood for the next seven years and she was condemned for sleeping with her director while still married to Peter Lindstrom. None of the movies she made with this director(whom she later married) are noteworthy except as proof of a career gone berserk. I kid you not. It's pretty embarrassing.<br /><br />- - SoundTrack",0
"Wealthy widower Anthony Steffen (as Alan Cunningham) is a sadomasochistic lover, and British Lord. He brings sexy red-haired women to his castle, where he whips and murders them. Black-booted stripper Erika Blanc (as Susie) gets away, temporarily. Mr. Steffen is haunted by wife ""Evelyn"", who died in childbirth. As therapy, he decides to marry again, after meeting pretty blonde Marina Malfatti (as Gladys). By the end of the movie, they will have had to dig a few more graves. ""The Night Evelyn Came Out of the Grave"" is great title, at least.<br /><br />** La notte che Evelyn uscì dalla tomba (1971) Emilio Miraglia ~ Anthony Steffen, Marina Malfatti, Erika Blanc",0
"Calling all D-sciples! Grab your friends, hit the theater and see the hell out of this movie. From the opening sequence until after the credits you'll be laughing your self breathless. <br /><br />This movie is a wild ride through the history of the D, and not just some bull-crap list of the things they've done, but a chronicling of their rise to power. I am a huge fan of Rage Kage(Kyle Gass) and Jables(Jack Black), so naturally I loved the movie. <br /><br />It helps to know about the show they had, and their first CD, but it's just as funny if you don't. From the hilarious and vulgar lyrics, the rocking rhythms, the massive amount of pot smoking, and the cameos, down to the outright insanity that is the story line, this is a movie for D-sciples and newbies alike. <br /><br />Many of their songs are referenced, such as Two Kings, Tribute, and Kielbasa to their many audio tracks like Cock Push-ups, every fan in the audience will be saying I remember that as well as new comers saying ""That's F'ing hilarious!."" I highly recommend this movie to any body that's ever rocked out. This movie is certainly in high competition for being the next ""This is Spinal Tap."" One of the best ever.",1
"If the screenwriter and director intended to open hearts with the movie as the musician wanted to do with his music, they succeeded with me. Commonplace human situations became original, personal and immediate so that I personally felt touched by each situation. I believe I would credit the power of music combined with the point of view of the person writing the movie. Without spoiling, I can say that I was very moved by the movie's approach to living. Haven't actually cried out of-what- joy? empathy? just deep emotion? in a very long time. I would love to find a way to show it to others. Saw it at Seattle International Film Festival.",1
"""Showtime"" falls somewhere north of what some critics have been saying, and a little south of what I expected months ago when I first heard about Eddie Murphy and Robert Di Niro teaming up for a comedy. Overall, it was pretty good! As ""real life"" crime or cops go-- and plot, for that matter-- it is pretty illogical, but DUH--- this is a comedy. Also, while the special effects, chases, aerial shots, and skyscrapers blowing up were present but lower key than a Schwartzenegger movie, I found it a bit tiresome and overdone. 9/11 sensibilities aside, for myself, all that pyro-techno hyper-effect stuff had been getting really old these past few years. It seemed a lame substitute for characterization, story, and engaging emotions. I hope the lesser quantity of it in ""Showtime"" is an indicator of a trend in Hollywood. A trend downwards, of less use of the silly, less use of the exploding building.<br /><br />Di Niro and Murphy are two of my favorites. Their screen presence and charisma-- and even their character depth-- have been ""a joy to behold"" for many years. That can't be dismissed here--- they are engaging actors, and entertaining and appealing in this movie. I can't put my finger on it, but perhaps the explosions, the excessive FX, and all of that diminished the final product??? Perhaps, or perhaps it was something else, or a combination of factors that gives one the sense that the movie didn't achieve its highest potential. Whatever it was, ""Showtime"" was entertaining-- I probably will buy the DVD when it comes out-- but I had the vibe that it nonetheless wasn't all it could have been. At least not all I had hoped for.<br /><br />Very good movie, but not a great movie. I gave it an 8 out of 10.",1
"This movie could have had a lot of potential. Certainly with today's technology, one would expect real special effects. But movies are not made with special effects alone, of course acting is needed. This film lacked both!<br /><br />First, let me say to those who are upset with this not following the bible: why can't a movie take artistic license? If you want to know about the story of Moses, read the bible. I have seen very few movies that follow a true story fact by fact. Look at of movie from its artistic quailities.<br /><br />In viewing this movie, you will inevitably compare it to the 1956 version. It fails miserably in that. Heston and Brenner had PRESENCE. They became their roles. You don't see this here.<br /><br />Even if you don't compare, standing on it's own, this movie to too rushed. Parts where a scene should be developed, it does not. It becomes boring.<br /><br />My advice: skip this and watch the other. As campy as the other is, it's far and away the better movie.",0
"watch this movie. it's truly a good ride through the difficulties of making a indie movie, and what happens when it blows up in the film maker's face. there's a lot of stuff about punk rock, and the philosophy behind that movement and it's relationship to this project. so if you're into old punk, American punk, you'll dig it.... but, beware, there's a ton of bad acting bits from the failed project that are incorporated... yet they do come off funny at times. and, actually, some of the best parts are listening to people who have never been involved in movie making pontificate and what they went through in the three year period that it took to put this together. so anyone out there that's about to make a film, especially if you haven't been to film school or worked in the field, you should watch this and learn from the film maker's mistakes.",1
"I'm not sure what the point of making this film was. It looked as if it was made by some historical society to be shown in your local 'Pistol Pete' museum. At first it appears that it could be the beginning of a Mad TV or SNL sketch. But then the joke is on you when there is no punchline and you realize that someone was taking this seriously. The story wasn't bad but the inclusion of the SASS members seemed to be a ploy (that worked) to get me to see the film. I swear, the trailer listed every character in the film down to ""dead cowboy #5"". The reason Westerns are so fun is the atmosphere and the characters it brings. I just had the feeling I was watching Civil War rean-actors dressed up as cowboys. Not even worth the digital video it was recorded on.",0
This movie is so bad that it actually gets funny. One of the worst movies I've ever seen in my entire life. The funny thing was that the trailer had scenes in it that wasn't in the movie. Just by watching the trailer I would have saved a lot of my time. It actually showed everything that happened in the movie except for the conclusion and that was also so obvious.<br /><br />It's honestly hard to think of a reason why this movie was made. This is just so bad. Horrible. <br /><br />I would give it 0 out of 10 if that would be possible. There is nothing else to say about this movie.,0
"In Holland a gay writer Gerard (Jeroen Krabbe) gives a lecture. He stays overnight with a beautiful woman Christine (Renee Soutendijk) and has sex with her (by imagining she's a boy). He plans to leave the next day, but gets a look at a picture of Christine's hunky boyfriend Herman (Thom Hoffman) and decides to stay to have a try at him. Then things get strange.<br /><br />A big X-rated art house hit in the US in 1983. Why was it X rated? Let's see...there's strangulation, full frontal male and female nudity, castration, mutilation, simulated sex, a scene in a church with a cross that will shock most people, a gay sex scene in a crypt...and it's all a comedy!!!!! Paul Verhoeven made this after ""Spetters"". ""Spetters"" was attacked by the critics for it's extreme sexual sequences and denounced as trash. So, Verhoeven filled this film with very obvious symbolism thinking the critics would think it was art and praise it. He was right! Critics loved the film not realizing that Verhoeven was playing a big joke on them. Still, it's a great film. <br /><br />It's beautifully shot by Jan de Bont (now a director himself) and there's so much symbolism and obvious ""hidden"" layers in the dialogue that you're never bored. All the acting is great--Krabbe plays a thoroughly despicable character but (somehow) has you rooting for him; Soutendijk is just stunning to look at and plays her part to perfection--the little smile she gives when Gerard agrees to stay with her is chilling; Hoffman is extremely handsome with a great body--he deserves credit for doing the church sequence and going at with Krabbe in the crypt.<br /><br />This is not for people easily offended or the weak of heart, but if you like extreme movies that playfully challenge you (like me) this is for you! A 10 all the way.",1
"Fame, I think, was the best movie that I have ever seen. In ways it was funny and dramatic, but that is what makes a movie. True, it has a few loose ends, actually a lot, but I still think that it is a terrific movie. Some of the funny things happen in the audition at the beginning of the movie. I think it is hilarious when the girl tries to act out O.J. Simpson in ""The Towering Inferno"" and Raul/Ralph goes around to every art department saying that his father was great at every one. He says that his dad danced with the Rockets and left Ralph his tap shoes. The Rockets, as far as I know, are made up of women. And the tap shoes were just regular shoes with bottle caps on the bottom. Also the guy who read the lines of Juliet in the Romeo and Juliet play was funny. One thing about the movie that just turns me on is the music. I have never heard anything like it!!! My favorite song is ""I Sing the Body Electric"" and my second is the theme song itself ""Fame"". Irene Cara has a great voice and is a great actress. I like the way the movie focused on many ethnic groups. It showed all of the kinds of people there actually are in what is now called ""La Guardia School of the Performing Arts"". This movie showed the triumphs and trials of many young performers, including Angelo, Doris, Bruno, Coco, Montgomery, Ralph, Leroy, Hilary, and Liza. They all had a hard time, but made it their own way. This movie could have added on about another 30-45 minutes (before the graduation), but it is still my favorite movie no matter what!!!!",1
"Set in and near a poor working class town in the mountains of rural Italy, it's a story of madness. The landscape may be quite picturesque, but there's madness herein, concealed behind the mask of a person who seems outwardly normal. This person kills little children.<br /><br />In style and tone this film resembles Dario Argento's famous Italian giallos, those fascinating whodunit horror films, except that Argento's films are much better looking. Still, the visuals in Fulci's ""Don't Torture A Duckling"" are competent, with some interesting compositions and lighting. Lightning and thunder on a rainy night enhances suspense in one sequence wherein one of the ""ducklings"" is vulnerably alone.<br /><br />In one sequence the gore is a bit overdone. But this is no slasher film. A legitimate theme undergirds the story. And that theme is that madness can take many unexpected forms, not just the obvious delusions of people who practice voodoo or black magic.<br /><br />Plenty of red herrings render the puzzle solution difficult if the viewer doesn't assume an agenda on the part of the director. Don't dismiss someone who might not seem to be a suspect. The twist near the end provides good misdirection. However, in one scene midway through, a line of dialogue could have been added to clarify the relationship between two characters, one of whom is the murderer. The film's finale takes place on a beautiful mountaintop with the wind whistling in the background. We see flashbacks to clues and get insights into the killer's mindset.<br /><br />I don't care for the film's widescreen projection. But background music is effective, and ranges from jarringly creepy at the beginning to low-key jazz, to indigenous Italian songs. Acting is generally average, though in a couple of cases, it's a bit overdone.<br /><br />Though not as visually brilliant as Argento's giallos, ""Don't Torture A Duckling"" nevertheless is a fine film, one that contains a thematic storyline and enough of a whodunit puzzle to interest most viewers who like thrillers and murder mysteries.",1
"You should not take what I am about to say lightly. I've seen many, many films and have reviewed a great deal of them, in print. So when I tell you that this film has the single funniest scene I have ever seen in a movie, you might want to listen to me. There's a lot of diversity of opinion as to what makes this INCREDIBLY stupid movie as funny as it is. And to those who just didn't get, well, I can't blame them, too much. The scene I speak of, comes at about the 30 minute mark and involves a dead convict shackled to John Candy. Up until that point, I had found the film dumb, confusing and it was beginning to lose me. When this scene came up, I laughed so hard, I peed my pants. No movie has ever done that to me before. When the project began, ""Going Berserk"" was supposed to be the SCTV movie. I remember it being announced. As time went on, the cast was whittled down To John Candy, Joe Flaherty & Eugene Levy. There also must have been a regime change at Universal, while it was being shot, because upon being released, it was shown in nearly ZERO theaters. When watching this a second time, I listened to the theme song (which actually flaunts how incomprehensible the plot is, in the lyrics), relaxed my logic nerve and figured out what was going on. Aside from the aforementioned routine, ""Going Berserk"" has many other hilarious scenes to recommend it. This is almost a 3 Stooges flick, except it's much funnier. Director David Steinberg has razor sharp timing, and he must have been laughing all through this. As for Candy, who's basically in charge here, he has NEVER been funnier. With all the plot devices and explanatory scenes thrown out the window, he absolutely runs wild. Flaherty and Levy follow him effortlessly. There is a plot, but it's a plot like ""Animal House"" had a plot, and yeah, the script is uneven, and a little slow to start. Once you know this, however, you can well appreciate the full SCTV style craziness that transpires. It IS stupid, but it's stupid on purpose, and you need to remember that when you see it. DO see it, and discover for yourself, if it has the funniest scene of all time in it.",1
"Brought Philip Larkin to life in a way that is worthy of the greatest performances of all time, and not just the ones that are measured by popularity. It shows a stark portrayal of Larkins life as the greatest unrecognized poet of his era - which is exactly how he would have wanted it, such was his disdain for cankers and medallions. It dramatically exposes the raw beauty in the intense sadness of Philips observations of our relationship with our own mortality, and lays it our in a way that seems to have missed even the great philosophers. for anyone interested in profound observations of our relationship with life, love and death this is a must.",1
"Dean Koontz's book ""Watchers"" is one of the finest books I have read. Sadly, the movie is a sad caricature of the book. The disillusioned middle-aged hero and the lonely spinster with whom he finds a meaning to his life are converted in the movie into a couple of silly teenagers, the stoic security agent and the conscientious sheriff are combined into a farcical villain - you get the picture? The moviemakers have taken a moving tale of love, horror and adventure and converted it into a Z-Grade horror flick aimed - very poorly - at the teen market.<br /><br />Buy the book and enjoy many hours of reading - it will be far, far more rewarding than watching the movie.<br /><br />",0
"My wife and I both thought this film a watered-down, made-for-TV (BBC) version of Manhattan Murder Mystery...which is itself good, but not great. The story has little inter- character tension or chemistry, and not much of a plot. Woody Allen's character just sort of wanders around running off at the mouth, and Hugh Jackman and Scarlett Johannsson don't have a lot more to do. It's pretty disappointing, I must say. Ian McShane's role is just an expanded cameo appearance. <br /><br />The first thing that occurred to me was ""I wonder how much the BBC had to pay Woody Allen to dislodge him from Manhatttan?"" He must've needed the money, and they must have needed his appeal to expand their audience beyond the youth market drawn to the two stars. I'm giving this movie 4 stars instead of 3 because it is unbothersome background noise. If you ever want something to have on while you're knitting or sorting your stamp collection, this'll do the job. I wouldn't pay to rent it again.",0
"It's now 2005 and 15+ years since this cartoon first aired. I haven't actually watched it seriously or closely in about 10 years. Now that I'm an adult in my 30s I can look back with a serious eye as I watch the episodes again.<br /><br />In concept, the cartoon is partly an homage to the classic Looney Tunes but also its own original show. There are a few episodes that are structured like the old cartoons. For example, there is a singer that attacks Buster and so he exacts revenge on this singer's concert -exactly like the old Bugs Bunny cartoon. The ensuing cartoon is similar to Looney Tunes, just in a different era. If you look at the old Looney Tunes, they did an awful lot of stuff exactly like Tiny Toons did. The old Looney Tunes made a lot of social commentary and parody. There were celebrity impersonations. There were a lot of corny period jokes, slang, and dialog. The comedy was surreal and wacky. You can say this exactly for Tiny Toons as well. The comedy styling is 'spiritually' the same. Most definitely a throwback to the classics which hadn't been done well (if at all) in cartoons in the decades prior to this show. We recognize the cultural references in Tiny Toons and we can roll our eyes when something we don't like comes up. But the reason we don't think Looney Tunes are corny is because we weren't alive back in the 40s. Also, Looney Tunes was original back in those days but today cartoons are rehashed over and over. So it's easy to perceive Tiny Toons in an unfair light due to our exposure to current events and our overexposure to cartoons in general.<br /><br />There certainly are differences in many respects - the timing, the delivery, and obviously the duration of the shows. They are two different styles from two different periods, being done under two very different circumstances - Looney Tunes being made for adults in theaters and Tiny Toons being made for kids watching TV. Even so, they did a good job making an original show with original gags AND still paying homage to and patterning after the comedy stylings of the old Looney Tunes.<br /><br />Since Tiny Toons had a lot more time to play with, they had some genuine moments of great animated inspiration. You only have to look at episodes like 1 minute to 3, the baby Plucky toilet episode.. there are so many more. For example, one of the best comedy dialog exchanges ever animated is in ThirteenSomething when Babs and Buster are on the phone in a split screen, hoping each misses the other. The miscommunication is spectacular. Notably, the character development in this episode and in several others (usually the ones penned by Deanna Oliver or Sherri Stoner) is rather good. The female characters were taken seriously as personalities and developed, unusual considering the opposite is usually true for cartoons of that period.<br /><br />This was the first modern cartoon that had lots of both pop culture-referential and self-referential humor. This was way ahead of its time. Tiny Toons really opened up a door for writers to take comic liberties that are so common in the cartoons today, instead of doing the boring old crap we endured as 80s kids. Yes, I loved Transformers and Thundercats, but Tiny Toons totally jumped away from all that. It was a breath of fresh air. Bakshi's New Adventures of Mighty Mouse may have been a precursor, but Tiny Toons made this surreal style of comedy cartoon writing a real success.<br /><br />As a kid I totally overlooked some jokes. For example, one episode is an homage to the Marx Brothers that I completely ignored as a teen. Now I have a newfound respect for it. There are so many inspired gags that I never noticed that are genuinely brilliant. It's that kind of comedy that makes me think of Looney Tunes and Family Guy. I NEVER noticed that kind of comedy as a kid. I've been thinking this for most episodes I watched recently.<br /><br />You'd notice these kinds of things if you actually WATCHED the show. Unlike some other reviewers here who I know are unfairly judging it, I've seen all the episodes and have thought about them thoroughly, exposed both as a kid and as an adult.<br /><br />You can tell there was an awful lot of care taken with the voice acting too. I'm not talking about just the main characters, but the side characters were done really well and creatively too. But back to the main characters, some of the main characters were brilliant. Tress MacNeille had, in my opinion, her best performances in this cartoon. She hasn't been the same since. Rob Paulsen also did some incredible stuff here, too.<br /><br />This is all not to say the show didn't have some bad episodes. It had plenty. It had a lot of mediocre ones, too. But by far it certainly had a lot of genuinely funny episodes. Especially back when it first aired it was actually funny to watch.<br /><br />Out of 10 I give the show an 8.5 - and kudos for pushing the envelope and breaking down the doors leading to a new era of cartoons.",1
"Now I love Bela Lugosi,don't get me wrong,he is one of the most interesting people to ever make a movie but he certainly did his share of clunkers.This is just another one of those.<br /><br />Lugosi plays Dr.Lorenz,a doctor who has had his medical license pulled for unexplained reasons.He is however doing experiments to keep his wife young and beautiful.It's revealed that she is 70-80 years old yet Lugosi looks to be in his mid 50's so why he is married to this old woman is never really explained.<br /><br />Anyway these treatments or experiments involved giving brides who are at the altar being married some sort of sweet smelling substance whereby they pass out but are thought to be dead.Then Lugosi and some of his assistants steal the body on its way to the morgue and take it back to his lab where it's kept in some sort of suspended animation or catatonic state.Then the stolen brides have a needle rammed somewhere in their bodies,maybe the neck,and then the needle is rammed into the body of Lugosi's wife to bring her back to youth and beauty.We never really see where Lugosi sticks the needle or what it is that he draws out of the brides but it somehow restores his wife .Apparently old age makes you scream with pain because Lugosi's wife does a lot of screaming until she gets back to her younger state.Helping Lugosi in his lab is the only good thing about this movie....a weird old hag and her two deformed sons....one son is a big lumpy looking slow acting fellow who likes to fondle the snoozing brides and the other son is a mean little dwarf....little person, to be politically correct in today's world.At night these three just sort of pile up and sleep in Lugosi's dreary downstairs lab.Who these 3 are and how they came to be Lugosi's scared assistants is,like a lot of stuff in this film, never explained.<br /><br />So anyway a female reporter is given the assignment by her gruff editor to find out where all the stolen brides are going to.She quickly figures out that the one common thing among all the stolen brides is a rare orchid that is found on them.So she asks around and is told that there is a world renowned orchid expert living nearby who just happens to be the one who developed this particular orchid.This expert turns out to be creepy Dr.Lorenz.She quickly tracks him down and upsets his little house of horrors.I'm not sure where the police were during all this but they came in to mop up after the reporter had done all the dirty work.<br /><br />It seems that Lugosi's movies always had some sort of unnecessary silly plot line that just made the whole thing stink to high heavens.I mean a world famous orchid expert kidnaps brides by sending them a doped up orchid he himself is known to have developed? D'OH!<br /><br />And then later it's revealed that the young ladies don't even have to be brides for the procedure to work so why would Lugosi keep kidnapping brides from heavily guarded churches for his experiments and create all the attention and newspaper headlines? Why not just grab a prostitute off the street like a normal weirdo pervert would do? This clunker reminded me a lot of another Lugosi stinker,""The Devil Bat""....same silly plot lines and bad acting and same silly 'reporter gets bad guy' deal.<br /><br />But Lugosi is always good--he is creepy and sinister enough to keep you interested at least enough to keep watching him.The woman playing the reporter was just a terrible actor....she had no emotion whatsoever,she just delivered her lines like a machine gun ,spewing them out as quickly as she could.Everyone else pretty much blew too,when it came to being good actors.<br /><br />But this thing is watchable ,if only for Bela Lugosi fans.Lugosi was always so intense even when the picture was a dog.He must have known he was doing terrible pictures but maybe he also knew that if he gave it everything he had a little of that intensity might shine through past all the bad plots and bad acting which surrounded him.<br /><br />And he was right----we horror fans will always have a love for Bela Lugosi.He gave it his all every time he was in front of the camera.We do give two f**ks for you,Bela.",0
"I approach films about talking animals with care. For every wonderful one like Babe, you get an equally poor one like the dreadful remake of Homeward Bound: The Incredible Journey. Or in the case of Cats & Dogs, you have a great idea for a film not living up to its potential. When I heard about Paulie, the premise of a wisecracking parrot didn't exactly fill me with confidence. But I found the film a pleasant surprise. And it manages to sneak its way into your heart without you realising.<br /><br />A Russian janitor, Misha Vilyenkov (Tony Shaloub) gets a job in a research laboratory. One day, he hears singing coming from the basement. And when he investigates, he finds a parrot in its cage singing its little heart out. Misha becomes fascinated with the bird, especially when it turns out the parrot can not only sing, it can talk. And not a few phrases either. Its a parrot you can actually make conversation with.<br /><br />The parrot is called Paulie (voiced by Jay Mohr), and recognises a fellow castaway in Misha. Wondering how this world to the wise bird ended up in a dusty basement, Misha convinces Paulie to tell him his life story. Which all began when he was a baby, and in the care of Marie, a five year old girl with a stutter. The two of them became birds of a feather (OK, bad pun!).<br /><br />When Marie's parents became concerned about her close friendship with a bird, they considered sending him away. And they finally did after Marie nearly injured herself in a fall after teaching Paulie to fly. Desperate to be reunited with her, Paulie begins a long journey across America, which includes a diverse number of new owners, flying great distances, and even ending up behind bars. Of a cage that is!<br /><br />Paulie was one of a number of talking animal films released by DreamWorks in the late 90s. And although it wasn't afforded the same recognition or box-office success of Babe, Paulie succeeds on quite a few levels, and is an occasional work of striking intelligence.<br /><br />Jay Mohr's stand-up style of acting is well suited to the part of Paulie. He never plays the part as too smug, even if he is a bit of a smart Aleck. Paulie's worldly, but he is also naive in his way.<br /><br />Because he's lived a rather sheltered life with Marie, when he's taken away, he has to fend for himself for the first time. And when he falls into the hands of different owners, they make promises to Paulie to reunite him with Marie, which he believes. Only for those promises to be broken time and again.<br /><br />Paulie is admittedly a little episodic. It follows the eclectic people Paulie ends up with, and how he slowly gets brought closer and closer to Marie. He first winds up in a pawn shop, where he is adopted by Ivy (Gena Rowlands), a kindly woman who teaches him the meaning of manners. She sympathises with Paulie's situation, and drives an RV across America to find Marie.<br /><br />Paulie is an occasionally very touching film. His scenes with Ivy are some of the best. Wonderful moments of Paulie perched on her shoulder singing Tom Jones numbers. The way she instills in him the need for hope is great, and some of the dialogue is quite well written and even thought-provoking: <br /><br />""There are things in life you put off, because you think you're gonna do them later. But the real thing Ivy taught me is you gotta live like there may not be a later.""<br /><br />The scene where Ivy passes away en route leaving Paulie all alone is a very heart-rending moment. And the sequence where he plucks up the courage to fly for the first time across the Grand Canyon, soaring majestically is such a beautifully composed scene it stays with you for hours after the film's over.<br /><br />Despite the occasional sad moment, there are plenty of laughs to be had. Paulie falls in with a group of performing parrots at a Spanish outdoor restaurant. The animatronic effects here are really excellent as four birds do a perfectly choreographed dance number. And Paulie even gets to have a romance. Which is dashed when he falls in with a petty thief (played by Mohr as well). That may be the only complaint I have. As soon as you get comfortable with one situation, the film then moves Paulie on to another.<br /><br />The scene where Paulie is taught to steal money from ATM machines is funny, but a little disturbing too. I'm amazed DreamWorks were granted the chance to include such a scene in a kids film. And Paulie's diamond robbery is very Mission Impossible. He's caught in the act, and shipped off to the lab for animal testing, where he's remained ever since.<br /><br />The story finally comes full circle at the lab, where Misha vows to help Paulie. Of course they do find Marie. But the final revelation is a scene of such shocking intensity, I was left numb for several minutes. Paulie may never get the longevity Babe has, but I believe its an equally brilliant film. The same laughs. The same flawless effects. And the same surprising intelligence.<br /><br />A minor gem.",1
"If you are in to bad movies for the entertainment of witnessing bad movies, bad acting, bad production etc..aka Mystery Science Theater 3000 quality....you will love Pacific Inferno. Jim Brown will be forever remembered as one of the greatest football players to ever play the game...as an actor he will forever be remembered as one of the greatest football players to ever play the game... I am not sure who Rolf Bayer was...but I am hoping he was 15 or 16 years old when he directed this, perhaps he may have been the next Spielberg in the making...because if he was a grown man directing this...a 15 or 16 year old could have done better.... The basis or plot for the movie probably had some historical merit and maybe even truthfully accurate...but the actual film may be one of worst movies made in American film history...I kept waiting for Lee Marvin, William Holden or Charles Bronson to pop in to somehow save whatever ""face"" was left of this film. I would have loved to have been at the red carpet, black tie gala for the Hollywood opening when this movie previewed...as this movie had to have many a viewer laughing and cringing under their breath... it is on the dime DVD racks now....look for it for entertainment value...this movie is so bad it is too good to pass up...",0
"I picked up the movie with no cover and not even knowing what it was, but when I watched it I laughed so hard. It is now one of my favorite movies of all time. Rusty and the guys created a masterpiece I would highly recommend this movie to any one with a sense of humor. Thank You Rusty for giving us something to laugh at.",1
"A man named Jerry comes into possession of an ancient Aztec doll.However this creepy little figure is possessed by an evil spirit,which takes over Jerry's body and pushes him to spill the blood...I have seen two other horror movies ""The Dorm that Dripped Blood"" and ""The Kindred"" made by Stephen Carpenter and Jeffrey Obrow and I must say that ""The Power"" doesn't disappoint either.The plot is slow-moving,but there are some effective human goo effects and a little bit of gore.The scene of a female tabloid reporter being attacked by arms that come ripping out of a mattress is a hoot.I liked this low-budget horror movie and you should too,if you are into 80's horror genre.8 out of 10.",1
"Being a huge die-hard Monkey Island fan, I fugured this one would be terrible since Ron Gilbert didn't make it. Boy was I surprised! Although it's still not as good as the first two, it has the comedy that I wanted. I was a little nervous about the new graphics, new SCUMM engine, and just the fact that it was on a CD. But it all came together, and it was interesting to finally hear the voices of your favorite characters. I especially enjoyed that SWORD FIGHTING had returned. And the whole story about finding the big uncursed ring was just incredible. Go ahead and try out this two-CD adventure. And now we can rejoice, because Monkey Island 4:Escape from Monkey Island is coming out REALLY REALLY soon! This fall!",1
"Another attempt by modern Japanese directors to redefine the chambara genre. Successful, and not, in varying degrees.<br /><br />Buddhist monk has a vision that he is to slay a legendary (and very active) demon at the Gojoe bridge in order to attain enlightenment. While not at the forefront, Buddhist thought is at the heart of this movie, much like Kurosawa's ""Ran"". It probably what made the movie the most interesting to me although it's nowheres near ""Ran's"" league. <br /><br />Stylish visual direction and excellent photography keep the movie mostly interesting throughout the two hour and eighteen minute length. The lead actors are uniformly excellent. The music is really good. The two weaknesses are the story and the fight scenes. The movie drags in the middle which could have been fixed by some prudent editing. And the fight scenes are mostly filmed in blurry close-ups. This works for most of the film but the finale feels like a cheat. Another recent film like this is Tsui Hark's ""Seven Swords"", great film but the promised fight scenes are disappointing. Asano really doesn't move like a sword wielding demon, his acting is great but he would be an extra in a traditional chambara fight scene.<br /><br />Good movie, you'll probably find it interesting just don't expect traditional sword fights.",1
"Jack, Sawyer and Sayid swim to the boat and find a completely wasted Desmond. His traumatic past experience before sailing to the island is disclosed through flashbacks. Sayid plots a plan with Jack to surprise ""The Others"" in case Michael is double-crossing the group. John Locke convinces Desmond to invade the hatch, which is protected by Mr. Eko, and not press the button of the computer to see what will happen.<br /><br />This episode is one of the best of the Second Season. Unfortunately, we lovers of ""Lost"" can see the lack of respect the producers of this stunning series have with the fans. In the USA, the air date of this episode was 24 May 2006. Therefore, along this period, fans have to wait for the Third Season in a very suspenseful situation, with Jack and his group surrounded by ""The Others"" and finding the truth about Michael and the death of Ana Lucia and Libby; John locked inside the hatch without the intention of pushing the button and Mr. Eko in despair outside the hatch. I hope the fate of ""Lost"" be better than ""Angel"" and its very disappointing conclusion (or lack of conclusion) after five seasons. My vote is ten.<br /><br />Title (Brazil): Not Available",1
"This movie has got to be one of the worst I have ever seen make it to DVD!!! The story line might have clicked if the film had more funding and writers that would have cut the nonsense and sickly scenes that I highly caution parents on.... But the story line is like a loose cannon. If there was such a thing as a drive thru movie maker-this one would have sprung from that.It reminded me a lot of the quickie films that were put out in the 1960's, poor script writing and filming. <br /><br />The only sensible characters in the whole movie was the bartender and beaver. The rest of the film, could have easily been made by middle school children. I give this film a rating of 1 as it is truly awful and left my entire family with a sense of being cheated. My advice-Don't Watch It!!!",0
"There is only one word that describes this film: BAD!! I have no idea why this movie was even made, or how they got Dennis Hopper to star in this film. Stuart Gordon is a better director than this and Hopper is a much better actor. The film is plain stupid. I did like the ""square pigs"" idea and there was an interesting love scene involving a cyborg, other than that, avoid this film at all costs.",0
This is a good example a film that in spite of the low rating is more than worth watching. The story is engaging and it doesn't take long before the chemistry between Nicole Kidman and Ben Chaplin grabs your attention. The acting is first class and the characters are represented well. Sometimes it feels like the director couldn't decide himself between drama and romantic comedy. Ben Chiller's portrayal of the law abiding and shy Englishman with porn S.M. magazines hidden in the bedroom creates plenty of moments for laughs! As does the look in Nicole Kidman's eyes when she is offering John his first taste of intimacy in a long time... Other times the actors and especially Nicole Kidman give this comedy quite expertly a dramatic slant.,1
"I'll make this brief. This was a joy to watch. It may or may not have been more effective if the characters had resembled their real life counterparts, but aside from this minor observation I found the fantasy animal characters to be most enjoyable. The visuals were most stunning except for the second-rate CG scenes, which could have been left out. I dislike computer generated animation anyways, it defeats the purpose of a biopic such as this one. Watch it, you will appreciate it too!",1
"I am a massive fan of the book and Orwell is certainly my favourite writer ever since studying Animal Farm at GCSE. I bought the DVD out of sheer curiosity, Burton is an actor I hold in high regard so when I heard that he played the role of O'Brien I was swung.<br /><br />I watched the trailer on the DVD first and some fears started to set in, mostly regarding the frankly terrible ""Theme song"", hearing the Eurythmics mechanically shouting ""1984!"" over and over again to an electronic beat is as bad as it sounds.<br /><br />The acting on a whole is pretty good, Burton and Hurt play their roles well and the tension that exists in the Ministry of Truth towards the end can be felt, especially in the harrowing Room 101 scene. However this is also where the movie is let down. The movie spends too much time focusing on the Love affair between Winston and Julia, which frankly isn't what Orwell was writing about. He was writing about a harrowing future, about how Ingsoc build up a mans beliefs and then shatter them all in the name of him being made to love Big Brother. The movie skips over what is essentially the most important part of the book, Winstons coming to terms with his position in life and the world, and his re-education via O'Brien.<br /><br />The comment on IMDb at the moment states that the movie sticks to the book is completely incorrect. Julia is not present when Winston visits O'Brien, they do not commit themselves to Goldstien's Brotherhood and confess their crimes. There is no obvious mention of the initial instances where Winston finds the article with the Unpersons but it does get mentioned near the end, if you have not read the book it is completely confusing.<br /><br />A terrible screenplay, which some excellent acting cannot rescue. Michael Radford seems to have completely missed the point Orwell was trying to make, and the electronica sound track is frankly terrible.",0
"Italy produced a lot of really great and original horror films in the 1960's - and this is certainly one of them! The first thing you will notice about Danse Macabre is the style of the film. Shot in beautiful black and white, and due to director Antonio Margheriti's use of lighting; the film almost looks like it could be a German expressionistic horror film. This, coupled with the horror-filled plot line ensures that Danse Macabre is a film that truly captures the essence of horror. Of course, the fact that the beautiful Barbara Steele appears in the film doesn't harm matters - and the good news continues as, in this film, she gets to flex her acting muscles more than she did in the films that made her famous. The plot is very aware of the time in which this was released, and so incorporates the great Edgar Allen Poe. We follow Alan Foster, a writer who accepts a bet from Poe himself and Lord Blackwood that he can't spend an entire night in the latter's creepy old castle. Everyone that has spent the night there previously has died...and our hero is about to meet the previous wager-takers! <br /><br />Nowadays, horror films don't tend to focus so much on each shot and the result is that there isn't much beauty left in the genre. It is refreshing, therefore, to see this film. Many of the shots here are incredibly beautiful - from the female side of the couple wearing just a see-through skirt, to my personal favourite - a shot of smoke creeping in from under a door. This my first Antonio Margheriti film, and even after seeing just this one; it's obvious that he was one of Italy's premier directors. Also interesting is the fact that screenplay was co-written by another of the Italian greats; Django creator Sergio Corbucci. The plot can meander a little too much at times, but there's always enough atmosphere on hand to make sure that the film never becomes boring - and the fact that it is always intriguing, even when the plot slows down, ensures the same thing. The way that Danse Macabre utilises the 'haunted house' theme is both well done and original, and helps to keep the story as eerie as possible. On the whole, fans of Italian and/or cult cinema will not want to miss this little gem!",1
"Humphrey Bogart clearly did not want to be in this film, and be forced to play a part-Mexican or he would have been suspended. Believe me , he made the wrong choice! Presumably, after the success of ""Dodge City"", Warners tried a follow-up with Errol Flynn and his usual list of buddies, like Alan Hale, Guinn (Big Boy) Williams, Frank Mc Hugh and the ever-present John Litel, but they made the huge mistake of trying to present Miriam Hopkins as a love interest for Flynn v. Randolph Scott, and as a singer to really make things bad, because she proved one thing, and that is she cannot sing. The story was not too bad, but with Bogie clearly miscast also, it turned out to be a poor Western that was overlong, and on a low budget, but in fairness, color would not have helped.",0
"Okay, I absolutely LOVE Ben Stiller, although I am lukewarm about Jennifer Aniston. I do not think this girl can act in the least. Every movie or sitcom I've seen her in is very hard to get past her fake acting. It sounds like she is just standing there reading right off the script. This movie only had one good thing about it, and that's that Ben Stiller was in it. This plot is so used and abused it's ridiculous. How many movies have this same type of plot?? Can we say ""Forces of Nature??"" Not only is the plot so old, but the outcome is so predictable, it's boring. I knew everything that was going to happen before it did. It was a bore, but watching Stiller is always a delight!!!",0
"The name (Frau) of the main character is the German word for ""Woman"". I don't know if that was intentional or not, but if sure got some giggles from the German audience at the Fantasy Film Festival last year, when it was shown.<br /><br />But those were the only giggles the movie got. Not that it was aiming for giggles, it's a horrible movie for heaven's sake! A horrible movie in more than one meaning. It's a shame that a premise like that was wasted with horrible even unbearable moments for the viewer (definetely not for the faint of Heart!!)! And it wasn't even necessary to show all the things that are shown. I'm not even going into a moral obligation (because movies don't really have that kind of task or function) discussion of what is shown here, but this is a new low on the whole ""torture movement"" that has grown in the last few years!",0
"Three horror stories based on members of a transgressive Hindu cult that return home but changed in some way. In the first story our former cult member is now in an insane asylum and is visited by a reported who wants to find out about what went on at the cult. Somewhat slow going as story is told in flashbacks while the two sit on chairs and face each other. Reporter is particularly interested in what lead to the death of the participants. What seemed rather boring suddenly turns very exciting with a surprising twist in the story. Things get quite bloody.<br /><br />Second story has a violent young criminal visiting a psychiatrist for mandatory therapy. The patient seems to have some type of agenda but the psychiatrist is up to the task. Again, things slow down a bit and get weird. Then there's a strange twist in the story that is very well written and surprising.<br /><br />Final story deals with spiritual healer who claims to be able to remove the persons illness from them with his hands. One of the patients is a former cult member, so the successful healing gets more complicated. Again, we are surprised by a twist. Has a pretty gory scene in there.<br /><br />There some nice female full frontal nudity as well as male full frontal nudity for some reason. I found the stories to be very well written and the director succeeds entirely in setting up each story with its surprising twist and the gory aftermath.<br /><br />Note: review of the German DVD.",1
"........and an extremely bad one at that!!! How long did this train-wreck last?? 14 episodes or something?? I can see why now.<br /><br />I bought the ""Serenity"" episode from Amazon Unboxed. It was my first purchase, so was free. That is the ONLY good thing about the experience (incident??)<br /><br />I won't comment really on the acting, since these were, I guess, fairly new people who hadn't really gotten the job down just right yet. At least I've never seen them before in any type of major show, theater or TV. If I did, then I have easily forgotten them.<br /><br />But the special effects were absolutely horrendous. True, this isn't exactly a multi-million $$ project, but the original Star Trek did better than this & that was THIRTY-FIVE YEARS ago. I especially got a laugh out of the bad guys (reapers or something like that) ship as it chased the hilarious looking Firefly, with smoke coming out of the engines looking something like a gigantic model rocket. I fully expected to eventually see the Wiley Coyote riding on top, while chasing after the Roadrunner. MODERN jet/rocket engines don't even do it that bad.<br /><br />And that wasn't even the worst of it. The wild-west type shoot-outs had me wondering if I was actually watching a sci-fi film or a Gene Autry one.<br /><br />Regardless of the hype, don't waste your time...I did...all 80-something minutes of the disaster called ""Firefly"".",0
"Even though it has one of the standard ""Revenge Price Plots,"" this film is my favorite of Vincent Price's work. Gallico has that quality that is missing in so many horror film characters- likeability. When you watch it, you feel for him, you feel his frustration, the injustices against him, and you cheer him on when he goes for vengeance, even though he frightens you a little with his original fury. As the film goes on, his character becomes tragic. He's committed his murder, but now he must kill to cover that up. And again to cover that one up. And again... your stomach sinks with his soul as it goes down its spiral- like watching a beloved brother turn into a hood. Even if the revenge story is of old, the plot devices themselves are original- Gallico uses his tricks to kill in more and more inventive ways. A shame this one isn't available for home veiwing.",1
"Well. Where to begin. Let's just say this; avoid this movie at all<br /><br />costs. It's based on a cartoon series. The movie makes the cartoon look<br /><br />like Hamlet. Filled with emasculated actors who seem embarrassed to be<br /><br />here, lousy camera work, terrible music, and enough product placement to<br /><br />make you want to never visit Yahoo! again, this movie is really the<br /><br />bottom of the barrel. To quote the New Yorker, Matthew Broderick and<br /><br />Rupert Everett mug their way through this picture with the gay abandon<br /><br />of men who have spotted a rare species of paycheck in the distance.""<br /><br />They should pay us some of the millions they earned for watching it.<br /><br />Awful.",0
"Great characters, great acting, great dialogue, incredible plot twists in plain language one of the best shows I've ever seen in my life. Do yourself a favor and watch this show, you won't regret it. This show re-writes the book on Sci-Fi!",1
"Well you take O.J. Simpson as a all american soldier turned all american bus driver who decides to rescue his passengers on his own just incase no one else is going to and Arte Johnson in an absolutely straight role as the tour guide who doesn't know what to do but doesn't want to admit they are in trouble and combine it with Lorenzo Lamas as one of three baby faced bad boys who intend to kidnap an heiress and leave a busload of people to die on the dessert and you have got to have action, plot twists and a lot of drama. Everyone was good but seeing Lamas as the baddest of the bad boys really blew my mind. He was much too believable as the overbearing bad guy who not only wanted to kidnap the heiress but rape the women and humiliate the guy who tried to stop him. This was evidently long before he cultivated his good guy image. And believe me a 20 year old Lorenzo in tight jeans you really don't want to miss!",1
"Bill Rebane's ""The Capture of Bigfoot"" is one of the most awful horror movies ever made.A greedy sawmill owner Harvey Olsen(Richard Kennedy)decides that he wants Bigfoot captured at all costs.However local game ranger Dave Garrett(Stafford Morgan)learns that the Bigfoot used to live in peace upset by a geological expedition,and sets out to protect the creature.There is nothing even remotely interesting in this piece of crap.The film is extremely dull and filled with horrible songs and cheap special effects.No gore,no suspense-just gigantic boredom.Avoid this horrible junk like the plague.",0
"This happens to be one of my favorite horror films. It's a rich, classy production boasting an excellent cast of ensemble actors, beautiful on-location cinematography, a haunting musical score, an intelligent and novel plot theme, and an atmosphere of dread and menace. It's reminiscent of such classic films as ROSEMARY'S BABY and THE SHINING, wherein young, vulnerable women find themselves victimized by supernatural forces in old, creepy buildings with a macabre past. Here, CRISTINA RAINES plays a top New York City fashion model named Alison Parker. Her happy, outgoing exterior masks a deeply conflicted and troubled soul. This is evidenced by the revelation that in her past, she attempted suicide twice- once as a teenage girl after walking in on her degenerate father cavorting in bed with two women and having him rip a silver crucifix from her neck and toss it on the floor, and the second time, after her married lawyer-boyfriend's wife supposedly committed suicide over learning of their affair. Telling her beau(played by a suitably slimy CHRIS SARANDON) that she needs to live on her own for a year or so, she answers a newspaper ad for a fully-furnished, spacious one-bedroom apartment in an old Brooklyn Heights brownstone. This building actually exists and is located at 10 Montague Terrace right by the Brooklyn Heights Promenade off Remsen Street. The producers actually filmed inside the building and its apartments, paying the residents for their inconvenience, of course. The real estate agent, a Miss Logan(AVA GARDNER), seems to be very interested in having Alison take the apartment- an interest that cannot be solely explained by the 6% commission she would earn. Especially when she quickly drops the rental price from $500.00 a month to $400.00. Alison agrees and upon leaving the building with Miss Logan, notices an elderly man sitting and apparently staring at her from the top-floor window. Miss Logan identifies the man to her as Father Halliran and tells Alison that he's blind. Alison's response is very logical- ""Blind? Then what does he look at?"" After moving in, Alison meets some of the other residents in the building, including a lesbian couple played by SYLVIA MILES and BEVERLY D'ANGELO, who provide Alison with an uncomfortable welcome to the building. Alison's mental health and physical well-being soon start to deteriorate and she is plagued by splitting headaches and fainting spells. When she relays her concerns to Miss Logan about her sleep being disturbed on a nightly basis by clanging metal and loud footsteps coming from the apartment directly over her, she is dumbstruck to learn that apart from the blind priest and now herself, no one has lived in that building for the last three years. Summoning the courage one night to confront her nocturnal tormentor, she arms herself with a butcher knife and a flashlight and enters the apartment upstairs. She is confronted by the cancer-riddled specter of her dead father and uses the knife on him in self-defense when he comes after her. The police investigate and find no sign of violence in that apartment- no corpse, no blood, nothing. Yet Alison fled the building and collapsed in the street, covered in blood- her own, as it turns out. But there's nary a mark on her. What Alison doesn't realize until the film's denouement is that her being in that brownstone has a purpose. She was put there for a reason- a reason whose origin dates back to the Biblical story of the Garden of Eden and of the angel Uriel who was posted at its entrance to guard it from the Devil. She is being unknowingly primed and prepped by the Catholic Church to assume a most important role- one that will guarantee that her soul, which is damned for her two suicide attempts, can be saved. At the same time, the ""invisible"" neighbors, who turn out to be more than just quirky oddballs, have a different agenda in mind for her. This is a competent and intelligently done film and one that surprisingly portrays the Church and its representatives in a mostly sympathetic light.",1
"Rented the video for a slow Saturday night. First viewing I thought it was funny. Took a while to get used to the American caricatures (here we're more attuned to British grotesques) but very enjoyable. <br /><br />Watched it again next night and really warmed to it. The characters seemed more human - lovable, even. A film one could watch several times and get more out of it each time. However, my wife *hated* it. No accounting for tastes in humour I suppose.",1
"(aka: The Bloodsucker Leads the Dance)<br /><br />Lots of naked babes in this one with a couple of lesbo scenes thrown in. The film is supposed to take place in Ireland but it looks more like Rome and the Adriatic to me.<br /><br />Gothic lesbians get invited to a Count's island castle for the weekend. One by one they seem to be missing their heads due to a madperson running around.<br /><br />It's not very scary or bloody and the rooms look like they are lit with floodlights even though candles are lit. Go figure...(sic)<br /><br />Dubbing is worse than usual and the plot only serves as an excuse for the eroticism and nudity. Directed by euro horror actor Alfredo Rizzo, this is one snoozer.<br /><br />Pretty boring 2 out of 10",0
"Ostensibly a story about the young child of Jimmy Stewart and Doris Day. The kid gets kidnapped to keep his parents quiet. They know something about a plot to assassinate the ambassador of an unnamed country during a performance at Albert Hall in London.<br /><br />The movie is rich in Hitchcockian incidents. A friendly but opaque Frenchman seems to grill the innocent Stewart -- a doctor from Indiana -- a little too intensely to be merely idly curious. Later the Frenchman shows up in Arab disguise, a knife in his back, and whispers some information about the murder plot to Stewart. Stewart tells his wife -- Doris Day looking very saucy indeed -- but refuses to cooperate with the police and risk his son's life.<br /><br />Instead the couple try to track down the assassins, buy them off, and get their son back, taking them from Morocco, where Hitchcock has given us his usual tourist's eye view of the customs, locations, and food, to London. There is a hilarious wild goose chase involving a set-to between Stewart and the staff of a taxidermy shop. The staff are more concerned about guarding their half-stuffed specimens than anything else, and they shuffle around protectively holding the carcasses of a leopard and a swordfish. In the course of the scuffle, Stewart manages to save his throat from being cut by the swordfish bill, but is bitten on the hand by a stuffed tiger, the action boosted along by Bernard Hermann's bumptious score. The scene ends with Stewart rushing out the door. Hitchcock ends it with a shot of a lion's head gaping at the slammed door. There is also a running gag, well done, about some visitors waiting around the couple's hotel room in London, waiting for things to be explained.<br /><br />There are two serious issues that are lightly touched on. One is the relationship between Stewart and Day, which is not as rosy as it ought to be, considered as a bourgeois ideal. She's been a stage musical star for some years and is internationally known. And she's given it all up to marry an ordinary guy who happens to be a doc. That's understandable in, say, a nurse or a flight attendant or almost any woman other than an international star with a promising career in her own right. It isn't delved into, but the edginess is noticeable, as it was not in the original version. It reminds me a little of an exchange between Joe Dimaggio and his then-wife Marilyn Monroe, who had just returned from entertaining the troops in Korea. ""Oh, Joe,"" she gushed, ""did you ever see ten thousand people stand up and cheer?"" ""Seventy thousand,"" muttered Joe, former hero of the New York Yankees.<br /><br />The second problem is one of allegiance. Who is of greater social value? One's own young son? Or an unknown ambassador. Do we put ourselves or our loved ones at risk for the sake of national stability? Day is faced with this dilemma in its starkest form at the climax in the Albert Hall. Her solution opts for allegiance to political stability, although her motives are problematic. Does she scream to save the ambassador's life, or does she do so just to release the anxiety that is overwhelming her? (Cf: Alec Guiness falling on the detonator at the end of ""The Bridge on the River Kwai."") The photography is extremely good, and the settings can be menacing, even on a quiet street in a residential neighborhood of London. It's mid-day, and Stewart is alone and determined, but frightened too. There are footsteps echoing on Gulliver Street from someone, somewhere. Is he being followed? Is his life in danger? And where the hell is everybody who lives on this street? Hitchcock pays such close attention to location details that we can make out the garden wall bonding of the bricks beside him.<br /><br />The director had a rare disagreement with Francois Truffaut while being interviewed for Truffaut's otherwise laudatory book. Truffaut argued that the earlier version of ""The Man Who Knew Too Much"" lacked the depth of the later version. Hitchcock replied, ""It seems to me you want me to make films for the art house audience,"" but finally agreed that the 1930s version was the work of a talented amateur and this version was the work of a professional. No argument there.<br /><br />This is Hitchcock pretty much near his zenith.",1
"This movie is full of pseudo deep thoughtfulness and it's cloying in its writerly-ness, that includes a canned ham voice-over and some unbelievable dialogue. Dialogue that is tinny and tone deaf the way Spike sometimes (not always) is when writing ""certain"" characters. For those that like nonsense films like Pieces of April and One Hour Photo, this is another one for you.<br /><br />That said, this comment is nothing against Ryan Gosling who has shown his awesome chops in The Believer. A film that proves that movies are a director's medium, and when a movie is rotten it's fair to say the fault lies there and not in the actors.",0
"Average (and surprisingly tame) Fulci giallo which means it's still quite bad by normal standards, but redeemed by its solid build-up and some nice touches such as a neat time twist on the issues of visions and clairvoyance.<br /><br />The genre's well-known weaknesses are in full gear: banal dialogue, wooden acting, illogical plot points. And the finale goes on much too long, while the denouement proves to be a rather lame or shall I say: limp affair.<br /><br />Fulci's ironic handling of giallo norms is amusing, though. Yellow clues wherever you look.<br /><br />3 out of 10 limping killers",0
"Currently playing at the 2007 German Film Festival in Australia http://www.goethe.de/ins/au/lp/prj/ff07/enindex.htm thanks to Peanutqueen and especially AriesGemini for her rundown on the actors in this ensemble cast.<br /><br />In Australia these movies were sub-titled in English and while French movies here often get a mainstream release, German movies are still to gather that sort of commercial audience. But like BMWs and Mercedes when Germans get it right I really like their films. Like PQ the time here went so quickly, lots of laughs from the audience as each of the 9 men and 9 women moved down the speed dating line 5 minutes at a time.<br /><br />While many films are overlong this one I could have watched much more of. It had the sort of characters and character development for a series. Given time I will re-read AriesGemini100 review and reference the actors I liked and their other work with a view to keeping an eye out from them. I agree....most of these actors will go onto bigger and better things. Some very good character actors in this fine film. I did see it in the program listed as a mockumentary. Mock or otherwise it felt very real. And quite romantic in it's way.<br /><br />Viva la Deutcsh!",1
"This reminds me of when I was a born-again believer who was going to be a minister. I never actually thought I would be a minister or even graduate from high school because I was almost positive I would be raptured to Heaven before that would ever happen. That was before I discovered that Christianity was a bunch rubbish. I am now an atheist, and that just proves that the ""once saved always saved"" doctorine that Christians tell us is no more real than elves. If it were true then why did I leave after many years of being a devout born again believer? Yes, I really was saved. I prayed that silly sinners prayer with all my heart.<br /><br />If Christians were to read their Bible they would discover that their god thinks like rape, genocide, abortion, and many other atrocities are alright according to him. They might be surprised to learn that no where is the word ""rapture"" mentioned.",0
"I guess this is the first movie that made me aware of the term ""cult flick"". It is totally a bad movie, but I can't help it, I like this movie. Richard Boone has made better and so has Joan Van Arc, but if you are in to staying up late and watching movies that don't make you think to much this one is for you.",1
"I saw this movie in Blockbuster and thought it might be a good Sunday evening movie when there is nothing else to do. So I bought it used, 3 DVDs for $25. Although it was cheap, my money would have been better spent on a nail to drive through my foot.<br /><br />The film started out nicely. Kinda Dark and mysterious. I was always enthralled with vampire and samurai movies as a kid. I thought the combo would be really cool. The first fight scene was pretty cool. I was excited for the rest of the movie. Then the movie took a serious nose dive.<br /><br />I understand that this was a big hit in the east. I guess because of the twins. I don't see it though. This movie, aside from the first 10 minutes, was absolutely horrible. So many movies in this genre have the potential to be great, and blow it terribly. This is just another casualty.<br /><br />Jacki Chan's role in this film doesn't make any sense at all. Whyyyyyyyy? Complete silliness. He probably made a few bucks off it though.<br /><br />The only cool thing in this movie are the swords they use. Nice idea.<br /><br />I wouldn't recommend this movie to anyone.",0
"I tend to get furious when hearing about Lucio Fulci's reputation as a director. Too often he's categorized as a no-talented filmmaker, only out to shock and disgust entire audiences with images of pure gore. True, his films contain more explicit filth and sickness as your average mainstream American production, but his films always are of wide range and the plots are gruesomely morbid. Don't Torture a Duckling is yet another story! This film is a pure gem of the Italian shock cinema! I easily dare to call this film a masterpieceit's an old-fashioned giallo that includes all brilliant aspects of genuine horror. The film shows the search for a inhuman serial murderer in a small Italian mountain-town. The bodies of 3 young boys are found, horribly mutilated. There are quite a lot of pseudo-madmen in the town but every trail leads to nowhere. Among the suspects are a greedy bum and a scary woman, obsessed by witchery and voodoo. Like a true mastermind, Fulci knows to find the right creepy tone for his film. He portrays the small town as a claustrophobic and inescapable setting of macabre happenings, supported by a giddy soundtrack. Fulci also develops himself as a genius storyteller here. The script always is one step ahead of you and the complex plot will mislead you more than once. In other words, this is a unique giallo (horror slash murder mystery). The gore isn't presented as grotesque and explicit as in Lucio's later milestones (among them are the legendary Zombie 2, The Beyond and the New York Ripper), although there still are a few nauseating and hard-to-watch shock-sequences shown. <br /><br />Don't torture a Duckling is the most compelling and effective achievement Lucio Fulci ever brought forward and it easily ranks among the greatest Italian horror movies ever made. Right next to the masterpieces made by Mario Bava and Dario Argento. The film is fascinating from start to finish, some plot aspects are alarmingly realistic and the tension is adrenalin-rushing at all times! A must see for horror fans and an absolute priority for Italian shock-lovers!",1
"""Journey of Hope"" tells of a poor Turkish family and their odyssey of hope which spirals downward into despair as they travel to Switzerland in search of prosperity. Although this Oscar winning film is fairly well crafted, it is lacking in substance and has many implausibilities. Much of the film's 1.7 hour run time is get on the bus, get off the bus, get on the boat, get off the boat, get in the van, get out of the van, etc.; time which could have been better spent or left out completely. The story has a predictable conclusion, especially for those who have an awareness of the common crime of trafficking in illegal immigrants. A worthwhile and reasonably entertaining watch but over-rated.",1
"""Don't Drink the Water"" is an unbelievably bad film. It's based on a 1966 Broadway play by Woody Allen. It stars Jackie Gleason, the comic genius behind ""The Honeymooners"". The director, Howard Morris, has appeared in several Mel Brooks comedies (Life Stinks, High Anxiety, Silent Movie)and has made a mark in animation (characters he has voiced include Gopher from ""Pooh"", Jughead (Archie)and Beetle Bailey) What went wrong?<br /><br />I think the problem is that the premise is played out too seriously to work effectively. Allen's original play was tongue-in-cheek, which is why it worked on Broadway and in Allen's 1994 remake. The screenplay by R.S. Allen and Harvey Bullock beats the premise to death and makes too many changes from the original play. Making Gleason's wife an airhead in this version when she was a headstrong woman in the original is just one example of why this doesn't work.<br /><br />The acting isn't much better. Gleason does the best he can with the material, but he can't save this. Gleason was a comic genius , but also a fine actor as he demonstrated in ""The Hustler"" and ""Soldier in the Rain"". His abrasive personality could have worked here, but the lousy script doesn't even give him a chance. Too bad. Estelle Parsons' airhead wife will drive you nuts after 20 minutes. See how soon it'll take for YOU to want to strangle her. That is also a shame because she is also a fine actress, having turned in two exceptional performances in ""Bonnie and Clyde"" and ""Rachel, Rachel"" None of the other actors do particularly well either.<br /><br />Woody Allen hated this film so much that he remade the film in 1994 with himself and Julie Kavner (Marge Simpson) in the leads. They manage to hit all the right notes and the film itself is a comic masterpiece. It's finally on video after a long battle over rights. Do go out and find that version. All the 1969 original is good for is clearing out unwanted guests who overstay their welcome.<br /><br />1/2* out of 4 stars",0
"It's strange what fate does to some people. While looking in the discount bin at a DVD retailer, I came across a copy of Deadly Instincts. Being a collector of any film that is either sci-fi, horror or featuring alien monsters, I decided to buy it (not to mention the fact that it cost five dollars  a bargain, believe me). After viewing it, I came to the opinion that it was nothing special. But after doing some research on the Internet, I discovered that the film was actually called Breeders & was a remake of the Tim Kincaid horror flick that menaced video stores in the mid-1980s. Which I've already seen. My appreciation of ""Deadly Instincts"" grew following that discovery.<br /><br />A meteorite crashes on the lawn next to a private girls' college. The sole teacher there, Ashley (played by Todd Jensen  that's right, the guy who gets turned into a cyborg in the cult flick CYBORG COP four years earlier), notices that some of the students are beginning to disappear, while encountering a black-haired woman with a scarred face & wearing a kinky leather outfit. His investigation reveals that an alien creature had hitched a ride on the meteorite & had come to Earth to breed using the local womenfolk. Along with a local detective who believes him to be responsible for the disappearances, Ashley tries to stop the monster.<br /><br />The original BREEDERS, directed by Tim Kincaid (who would leave the genre to make gay porn), was a sci-fi / horror film which was actually a thinly-veiled soft-core porn film designed to take skin flicks to genre fans. It is, in my belief, one of the worst films made in the 1980s. Why anyone would want to remake it is quite a mystery.<br /><br />This remake is actually a better effort than its low-budget source. The film, which takes the basic concept of an alien monster trying to interbreed with human women, eliminates any pornographic elements. In fact, the film is actually very tame. There are no sex scenes, no nudity (even during the shower scene), swearing & violence are kept to a minimal level & there is no gore (which may cheat gorehounds). This makes the remake a film safe for the whole family, that is if the kids aren't scared by alien monsters (which brings me to the film's M 15+ rating, which seems a bit much).<br /><br />Tameness of subject matter aside, the film does have some faults. The script, while featuring some good characterizations, has a number of holes so big you can crash a meteor through.<br /><br />What? You're mad at me for that? Come on, this review needed a bad pun so it will remain interesting.<br /><br />Anyway, the film's setting is one problem the script failed to fix  the film is set in Boston but the buildings don't look like they belong in Boston. Something about the architecture ain't right. Another thing is the college itself, with a rather large building housing about twenty students (all female, of course) & only having one class  art. The only teacher there has a relationship with a student (& so does the janitor!), which somehow escapes the attention of the principal. Not to mention the cops, who are so one-dimensional (& stupid) that the real Boston PD would have a good case if they ever decided to sue. Oh, & the meteor well the chance that a meteor which is sent from Saturn (check the opening credits) reaches Earth with no onboard propulsion is astronomical. That doesn't include the chances that any passengers in the meteor will survive the landing.<br /><br />As far as the acting goes, Todd Jensen gives a dependable performance as the heroic teacher while the late Kadamba Simmons (who was murdered by her boyfriend shortly before the film came out) cuts a striking figure in that leather outfit, as well as proving she can act. The visual effects are run-of-the-mill, with credits due to the filmmakers for bringing us a cool-looking monster.",0
"The above seemed a much more appropriate title when me and my suicidal underlings decided to watch this masterpiece of modern bullshit <br /><br />Erotic,Scary, Suspenseful, Well thought out, these are all the things this film fails to be.<br /><br />It is however incredibly funny, the slow sound effects and bad dubbing add to this to make one of the greatest comedies I have seen in recent years. And yet this film doesn't even try to be funny and that is one of the movies grand achievements, it becomes a comedy without even attempting to amuse.<br /><br />Throughout the film an old guy who looks amazingly like Santa Claus goes around ploughing over zombies and smashing vampires into the ground. This made me fail to believe the films title, if this was vampires vs zombies why were the vampires and zombies not fighting? Oh well whatever, besides there were more flaws to this rental than the title. Such as this one; there has been a virus sweeping through America creating zombie like beings who go around acting a lot like your average tourist. And yet there's only four zombies in the entire film. Another problem is besides one shop everywhere is deserted. Surely you'd see zombies roaming about in the woods or in the background a bit. In fact I believe they just drove around in a circle of forest over and over again since they didn't have a high enough budget to film in a wider location, that or the director didn't want to waste his precious time filming in different areas of wood he was to busy sitting in a trailer jerking off to be bothered with such trivial matters.<br /><br />In fact the director had so much fun doing this that he didn't have enough time to hire a big enough cast or even an editor. And so he told the eight members of the cast to dress up as different people and try not to act inconspicuous, whilst I assume he changed his name and began randomly snipping at the film reels ""editing isn't a hard job anyway right?"" The only reason this ""movie"" found it's way into our bag was because somehow we got it confused with Freddy vs Jason, strange how these things happen isn't it. And the only way we made it though the night was by strapping gas masks on and bolting them to our skulls to avoid the stink of this nauseating mess.<br /><br />Oh yes we did laugh at the end, but I'm sure one does that a lot when he has lost his sanity...................",0
"This is just a long advertisement for the movie ""The Death Tunnel"". Although it is an interesting history of the Waverly Hills Sanatorium, the whole ghost theory is up to your interpretation. More ""Ghost Orbs"" which you can duplicate with dust in front of a flash camera, and the ""Ectoplasmic Mist"" is just someone's cigarette smoke lit up with the camera flash. I couldn't see any ""Shadow People"" until they drew an outline around the blurry distortion of the image. No scientific explanations were suggested for the phenomena, only paranormal. Perhaps these are only events one would have to see to believe, so be sure to make plans to visit the Sanatorium on your next vacation in Louisville, Kentucky.",0
"I have never understood the appeal of this show. The acting is poor (Debra Jo Rupp being a notable exception), the plots of most episodes are trite and uninspiring, the dialogue is weak, the jokes unfunny and it is painful to try and sit through even half an episode. Furthermore the link between this show and the '70s' is extremely tenuous beyond the style of dress and the scenery and background used for the show -it seems to be nothing more than a modern sitcom with the same old unfunny, clichéd scripts that modern sitcoms have dressed up as depicting a show from twenty years ago in the hope that it will gain some nostalgic viewers or something like that. Both ""Happy Days"" and ""The Wonder Years"" employ the same technique much more effectively and are actually a pleasure to watch in contrast to this horrible, pathetic excuse for a show",0
"Creepy & lascivious wolf. The young ""Red"" is wearing full make-up, and extremely short shorts & robe. Got about 20 minutes through and realized it could be a pedophile's dream come true. The ""up-beat"" music sounds a lot like something I'd hear at a strip club. I actually think this movie is a sick joke - it's not a family movie. Gross, glad I was watching this with my daughter, I don't want her to think it's normal for families to view quasi kiddie porn together. Very bad, Very sad it's sold as a family film, Joey Fatone will probably be embarrassed he was in it. And what's with advertising it as a ""special effects spectacular""??? The effects do look low budget, gawd awful.",0
"My mother forced me to watch this movie with her. She apparently will watch anything with a vampire counsel in it. I was bored throughout.<br /><br />At different points, Underworld: Rise Of The Lycans is reminiscent of Spartacus, Battle For The Planet Of The Apes, The Passion Of The Christ, and Mandingo! What it reminds me most of are those Italian sword and sandal pictures of the nineteen-sixties (not the good ones) that spend an inordinate amount of time showing Greek or Roman despots in robes talking and plotting incessantly while you wait impatiently for the muscle man hero and his lover, usually the despots daughter, to do something.<br /><br />This film was in desperate need of some color and suspense. The characters were pretty two-dimensional.<br /><br />The sets looked as if they were constructed entirely of pewter! I wonder how many Civil War Chess Sets were melted down to make this movie.<br /><br />All those wearing fishnet stockings on your arms and black lipstick, feel free to click NO.",0
"I didn't really expect much from ""The Night Listener"" and I actually never heard of it until I saw the cover in the videostore. However, the movie is very effective when it comes to building up suspension and tension. On occasion it drags a little, but it actually helps to keep you wondering what's going to happen and more importantly: when. As the movie progresses, the character played by Robin Williams gets dragged into some kind of ""cat and mouse"" spiel to the point where he becomes obsessed with finding out the truth and existence about a 14 year old abused kid that no-one seemed to have ever seen in person. The Night Listener is an interesting story, which is great in building up the suspense throughout the movie and you're pretty much kept in the dark of who is lying and what's real. However, in the end it kind of disappoints and doesn't live up to the potential it could have had. It doesn't really give you a detailed or plausible explanation about the other main character, which would have been helpful and interesting.",0
"I had a heck of a good time viewing this picture, and was splendidly surprised at its more erudite features. First off, the film is undeniably cheaply-made with its cardboard sets, limited settings, and creative scientific props. The acting ranges from very poor(the two strippers), barely professional(Herb Evers as the leading man), gothic overstatement(Leslie Daniels as the assistant Kurt)to first-rate with Virginia Leith in the title role as the headless victim alive against her will for the benefit of science and her fiancee's lustful passions. The scripting though is very good and the dialogue is fantastic for a movie of this ilk. Issues abound about what role science and medicine have in our lives and what their boundaries should be. This film is a thinking film in many ways. However, don't be too fooled by its real intent. It is a sleazy story about a man obsessed with his aptitude in medical science who wishes to fuse together his dead girlfriend's head with the perfect body, thereby creating the perfect woman for a man with the best of both body and soul. One other very bright aspect of the film is the sax music which resonates strongly every time the doctor scours town for female beauties.",1
"The original ""les visiteurs"" was original, hilarious, interesting, balanced and near perfect. LV2 must be a candidate for ""Worst first sequel to a really good film"". In LV2 everyone keeps shouting, when a gag doesn't work first it's repeated another 5 times with some vague hope that it will eventually become funny. LV2 is a horrible parody of LV1, except of course that a parody should be inventive. If you loved LV1 just don't see this film, just see LV1 again!!",0
"The brands in this film, like Suit Supply, take away from the story, cause it's supposed to be set in the eighties. It's not a very thrilling film. Also, the single from Intwine on the soundtrack is very bad, it has a chorus that is repeated numerous times', like ""I'm a cruel man, I take it all away, I'm a cruel man I'm here to stay.."" Jeeez couldn't those asswipes have come up with something better than that? I guess they wrote it in a couple of minutes..<br /><br />It's really annoying, just like the product placement in this filmproduct,that cashes in on the controversy and publicity around a criminal who should not be a celebrity like he is now made out to be, but should be forgotten like rats ought to be.",0
"I think this is what this movie wants us to say at the end of the movie! or Damn Australian? I still don't know, but what I know is that I really liked this movie but that couldn't be my favorite movie!<br /><br />Great story with great actors but with a terrible end... To make you cry and say 'Oh, she's so good'... Still, who made it? What really happened? Who's that guy? No answer to these questions...<br /><br />Mysterious movie with a good mark overall... I give it a 8/10, going on the 8.5!",1
"When this film opened back in 1976, legend has that it was met with massive jeering and disdain --- it was widely considered a failure. I vividly remember Ebert giving it one star and it was supposedly booed at Cannes.<br /><br />Apparently these people didn't understand the movie, which is not that hard to comprehend since it's very esoteric, dark, and layered in ways that still astound me. Reading through many of the reviews here I find (even after about 7-8 viewings over the years) many elements of the film I had previously glossed over. But even without understanding much the psychological underpinnings of the story, it's still a cracking suspenser...even if you just take the escalating paranoia and persecution that overtakes Polanski's title character like a tsunami wave over the course of it's two hour running time.<br /><br />Examining the source material --- an excellent novella by underrated novelist Roland Topor --- uncovers more intriguing layers. Polanski's Trekovsky is a milquetoast of the highest order. Though he seems at first to be yet another mild everyday soul, one gradually realizes he is one of those people who seems to aimlessly drift through life, letting it direct him. He seems to have few strong feelings about his likes and dislikes. He finds himself gently pushed this way and that, but never seems to get too bent out of shape regardless. This vague sort of wishy-washy-ness is more noticeable in the novel than the movie, but there are hints of it early in the film too.<br /><br />Making a play for the apartment of a woman, one Mademouiselle Choule, who is in the hospital recovering from a recent suicide attempt, appears to be the most daring thing he has attempted (even effectively haggling down the price of the deposit in the bargain). He soon finds, however, that he is paying for his ""good thing"" in more ways than he cares, as he finds himself in the center of maelstrom created by a building full of neurotic, control freaks who are hypersensitive to even the slightest sign of human life, such as a footstep in the night or a knock on the door.<br /><br />Instead of taking a stand though, Trelkovsky becomes increasingly alienated by the situation, and overtaken by paranoia and a sense of persecution. He becomes obsessed with Choule, imagining himself to be like her, dressing like her, etc. as his own personality rapidly begins to be wiped away by his own insanity.<br /><br />If anyone has ever doubted Polanski's fearlessness as an artist, they'd be well-advised to see this film. His trademark black humor is prominently (and sometimes embarrassingly) on display here and --- god bless him --- he makes himself the butt of it. It's a tour de force performance in one of the richest, riskiest, most Gothic horror movies ever made. That more people haven't seen it is a true crime.",1
"I almost made a fool of myself when I was going to start this review by saying "" This movie reminded me of BILLY ELLIOT "" but then I looked up the resume of screenwriter Lee Hall only to find out that he was the guy who wrote BILLY ELLIOT so it's Mr Hall who's making a fool of himself not me <br /><br />Am I being a bit cruel on him ? No because Lee has something most other aspiring screenwriters from Britain don't have - He has his foot in the door , he has previously written a successful British movie that won awards and made money at the box office and what does he do next ? He gives the audience more of the same <br /><br />Young Jimmy Spud lives on some kitchen sink estate . He is bullied at school and no one loves him . The only thing keeping him going is that he has aspirations to be a ballet dancer . No actually he has aspirations to be an angel but considering his household he may as well be a ballet dancer . He has a macho waster of a father who thinks "" Ballet dancers are a bunch of poofs while his granddad says "" Ballet dancers are as tough as any man you could meet . I remember seeing the Bolshoi ballet ... "" Yup Ballet is a main talking point on a run down British council estate those days - NOT . Come to think of it neither is left wing politics which seems to be the sole preserve of middle class do gooders who live in nice big houses , so right away everything about this set up feels ridiculously false <br /><br />Another major criticism is that this is a film that has no clue who it's trying to appeal to . I have often criticised Channel 4 for broadcasting movies at totally inappropriate times ( THE LAND THAT TIME FORGOT at 6 am for example ) but they showed this at 2 am and for once they've got it spot on . Considering the story involves politics , ballet dancing ( Gawd I hate it ) lung cancer and poverty there's no way this can be deemed suitable for a family audience but since the main protagonist is an 11 year old child and features angels and ballet dancers ( Don't blame me if I seem obsessed with the subject - there was no need to refer to them ) there's not much here for an intelligent adult audience either . <br /><br />Of course if Lee Hall had been told at the script development stage by the producers that he should write a story featuring a schoolboy and an angel and had flatly refused saying that he wanted to write about other themes and stories then I will apologise but throughout the movie you do get the feeling that once the film was completed it was going to be marketed to the exact same audience who enjoyed BILLY ELLIOT",0
"The `plot' of this film contains a few holes you could drive a massive truck through, but I reckon that isn't always top priority in horror. Two elderly sisters in rural England keep their brother in the cellar since more than 30 years. Now, he escaped and started a killing spree, focusing on militaries that are homed nearby. `We only did we thought was best for him' they keep on repeating and  strangely  all the army officers love these women and don't doubt their sincerity, even though 5 of their men died. I don't know whether to find the revelation near the end suspenseful  or tedious! In a way, this film reminded me about `Arsenic and Old Lace'. In that black-comedy classic, two half-insane siblings mother their goofy younger brother as well, yet they do the killing there. The old ladies in `The Beast in the Cellar' are by no means less crazy, though. The `horror' in this early 70's film is very amateurish and cheap, but there are a few neat attempts to build up the tension. Too many `old-ladies' talk about the good ol' days, though and that rarely is something you seek in a horror film with such an appealing title. Flora Robson, who may be recognized by classic film buffs, plays one of the sisters. She gave image to the Queen of England is the legendary Errol Flynn swashbuckler film, the Sea Hawk.",0
"What the hell was all that about? I saw The Matrix and was amazed. It was the most spectacular movie ever made. What ever possesed the Wachowski brothers to do this film is beyond me.<br /><br />There is no plot, you can't argue with that. Basically all this film was was a load of talking, and don't get me wrong, I have no problem with talky films, but all the talking in The Matrix Reloaded was a pointless load of drivvle. Then there would be a fight sequence which lasted WAY too long, then more pointless drivvle, then another fight scene that lasts too long and it all builds up to the biggest anti-climax ever. A little bearded bloke talking a load of uncomprehensible bull for 20 minutes.<br /><br />Also, Keanu Reeves gives his worst performance yet. I knew he wasn't a good actor but this was beyond a joke. If you watch his films in the order he was in them it would seem he got gradually worse as they went along. God knows what his performance is like in Something's Gotta Give! Keanu Reeves: The only plank of wood ever to become an actor.<br /><br />After the splendor of the first film this came as a massive dissapointment. If you haven't already seen the first film I suggest you watch it, but don't waste your time with this utter pile of turd.<br /><br />",0
"Don't listen to most of these people. ill give you a better review of this movie which me and my friend love! Its about Jill Johnson, played by Camilla Belle, who babysits at the Mendrakis' house and someone breaks in. if you're wondering how he got in the house, he went through the garage most likely. so anyway, don't listen to, ""the worst acting"". it has amazing acting. with a great story. I think that there are 2 benefits that Jill has. 1. shes a fast runner and is on the track team. 2.she got out alive! lol.<br /><br />it is a cool movie and quite scary. check it out, you will be happy with this masterpiece. don't listen to the other people on the site. its very good. trust me, i am good at reviewing movies. I'm a future movie critic. i totally want to buy this movie. and you will too when you see it. it is amazingly awesome.",1
The old man mouse in this cartoon would have you believe that all men are created equally EVIL............so if we have to kill men in order to stop Hitler..........we are just as bad as Hitler was killing the Jews........ Well.....I don't buy it Mr. Mouse............but I guess it paints a pretty picture and makes a cute cartoon.......but it wasn't the reality then and it ain't reality now.,0
"With this movie I was really hoping that the idea was to make up for the hashed together ineptitude of the first AVP, and yet to my horror: Requiem is far worse than I could have imagined.<br /><br />My hopes were up in the opening moments of the film inside the Predator ship, and I almost breathed a sigh of relief when we finally saw the Predator home world (a throwaway digital matte painting, but still nice to finally see it) and then of course, the humans (if such poorly written characters can be referred to as such) are introduced...<br /><br />One must wonder why it seems to be impossible for Fox to make a good film out of Aliens and Predators. At the very least the supposed filmmakers could have done their homework.<br /><br />Characters are set up in the same manner in which we would expect from the worst Friday the 13th Sequel. The pizza delivery scene was cringe inducing as was every other scene of character interaction that followed it. Bimbos and teen non actors do not make for a REAL film, they make for a cheap flick, and Alien 1-3 and the Predator movies were good because they were produced above the concept (remember that the 1st Alien is a ""B"" movie done as an ""A"" movie) The Strause brothers really missed an opportunity, that could have been rectified by simply knowing their Alien+Predator roots: In both the Alien and Predator films we are introduced to characters that are part of a larger group (Alien: Refinery workers, Aliens: Marines, Alien 3: Convicts and in the Predator films we generally follow a main hero part of a unit; Predator, Arnold--Special forces, Predator 2: Danny Glover, Police) and it's easy to see where the filmmakers of both franchises started to go wrong: in Alien Ressurrection we have pirates...or something, AVP we have...explorers?...with guns?? and of course in AVP-R we have teen slasher clichés. What is there to identify with here? In concept the idea of a convict returning to a small town and a war vet returning seemed a set up for a First Blood type of action hero, but like many things it was never paid off.<br /><br />The Film-making is equally devoid of rhyme of reason. There is no sense of forward momentum to the action, just small sequences that build the most minuscule levels of tension or interest only to cut away just when they're getting interesting...taking the audience out of the movie at every turn. The action scenes themselves, though much ballyhooed in the trailers, are so darkly lit, it is literally impossible to tell what is going on during the fight scenes when they finally occur. Basically, the movie is hindered from many levels. Bad actors combined with poor direction and an atrocious screenplay (which as a screenwriter myself I noticed, seemed to hit every wrong note and cliché that only the most untalented writer devoid of ideas could have hashed together) The WRITING, if it can be called that, is not even direct to video quality, nor does it demonstrate a shred of respect for the established lore of the previous entries in the series. Why does the Predalien all the sudden have the ability to shoot alien embryos down a pregnant woman's throat to use her as an incubator for chestbursters? More than likely because the brain dead screenwriter needed a way to have more aliens for the predator to fight (and given the accelerated growth time even more so than the first AVP: as quickly as possible. Why must meaningless small talk between cardboard cutouts on sticks (meaning the supposed characters)substitute for real character development? (Remember a character is defined by what they DO, not SAY). Why is the Sheriff leading civilians to a cache of guns? (isn't he an officer of the law?) How does the bimbo of all people know where they are? Why does the Predalien wait for the Predator to VERY SLOWLY remove his mask before it attacks? Why are the aliens still falling into that nasty series-post-Alien 3 habit of hissing all the time to let their prey know to run? How on Earth did this series devolve to a character saying ""People are dying...we need guns!"" (how this writer even works is beyond me, and reflects badly on Fox's already destroyed artistic reputation. It's like everyone involved in the making of this film suffered from a mental impairment or really are that inept at every level of the film-making process. <br /><br />The EFFECTS are pretty lousy this time around. The Aliens look like men in suits and ADI is just getting lazy with their creature design. The Aliens look like modified leftovers from Alien Resurrection, with that same bulky musculature around the arms as if they did not learn from that movie that it was not a good design, nor a good one to recycle. Again, everything is shrouded in such a state of darkness not to create mystery or atmosphere, but simply to hide how bad the creatures look. And just like in AVP, Stan Winston is sorely missed when the fake looking Predator face is revealed.<br /><br />There are too many faults to list so I will just say this: Do not waste your money on this movie. Fox is beyond caring about the fans, as this cheap and trashy film is clearly evidence of. I felt bad having taken my girlfriend to see it (though it was free) and apologized to her profusely after. This is one die-hard fan who is done with the franchise.<br /><br />Note to Fox: What we really wanted wasn't a mindless slasher flick, it was a film adaptation of the original Darkhorse Comicbook, which was better than anything you've produced for this franchise post 1993.<br /><br />Signing off.",0
"When I was a kid, I remember watching this while visiting a friend of our ""Uncle"" Phil. We're Back! A Dinosaur's Story is a silly cartoon about a dinosaur called Rex (voiced by the wonderful John Goodman). He tells a little boy dinosaur the story about how the dinosaurs came back to Earth to live. He explains that he was part of the thing that brought them back, along with some friends. The Doctor/Professor villain of this film I think might have been responsible for them being them back, but I don't care about him. The kids might like this, but personally it is just too cheesy. John Goodman was probably the only decent thing. Poor!",0
